batch_id,timestamp_start,timestamp_fill_end,timestamp_discharge_end,shift,hopper_id,material_type,target_weight_kg,actual_weight_kg,fill_time_sec,discharge_time_sec
BATCH-20260720-001,2026-07-20T00:11:00,2026-07-20T00:12:26,2026-07-20T00:12:48,C,H1,Ore,20974.0,21008.8,86,22
BATCH-20260720-002,2026-07-20T00:15:00,2026-07-20T00:15:54,2026-07-20T00:16:46,C,H2,Coke,11370.8,11346.6,54,52
BATCH-20260720-003,2026-07-20T00:17:00,2026-07-20T00:17:37,2026-07-20T00:18:10,C,H4,Sinter,21544.2,21556.4,37,33
BATCH-20260720-004,2026-07-20T00:28:00,2026-07-20T00:29:21,2026-07-20T00:30:18,C,H1,Ore,18258.2,18220.3,81,57
BATCH-20260720-005,2026-07-20T00:33:00,2026-07-20T00:34:09,2026-07-20T00:35:06,C,H1,Sinter,22056.3,22047.5,69,57
BATCH-20260720-006,2026-07-20T00:42:00,2026-07-20T00:42:57,2026-07-20T00:43:35,C,H2,Coke,11023.5,10972.2,57,38
BATCH-20260720-007,2026-07-20T00:49:00,2026-07-20T00:50:09,2026-07-20T00:50:42,C,H1,Limestone,12406.2,12396.5,69,33
BATCH-20260720-008,2026-07-20T01:01:00,2026-07-20T01:01:38,2026-07-20T01:01:58,C,H4,Limestone,11190.6,11185.3,38,20
BATCH-20260720-009,2026-07-20T01:06:00,2026-07-20T01:07:17,2026-07-20T01:07:40,C,H4,Coke,13711.1,13728.7,77,23
BATCH-20260720-010,2026-07-20T01:29:00,2026-07-20T01:29:37,2026-07-20T01:30:10,C,H1,Coke,13400.4,13483.4,37,33
BATCH-20260720-011,2026-07-20T01:36:00,2026-07-20T01:36:32,2026-07-20T01:36:57,C,H2,Coke,10028.5,10025.3,32,25
BATCH-20260720-012,2026-07-20T01:55:00,2026-07-20T01:55:39,2026-07-20T01:56:05,C,H1,Pellet,14345.3,14320.1,39,26
BATCH-20260720-013,2026-07-20T02:06:00,2026-07-20T02:07:19,2026-07-20T02:07:41,C,H1,Coke,15714.4,15682.7,79,22
BATCH-20260720-014,2026-07-20T02:07:00,2026-07-20T02:07:47,2026-07-20T02:08:07,C,H4,Coke,11847.3,11783.1,47,20
BATCH-20260720-015,2026-07-20T02:17:00,2026-07-20T02:17:42,2026-07-20T02:18:36,C,H1,Pellet,16157.8,16150.2,42,54
BATCH-20260720-016,2026-07-20T02:20:00,2026-07-20T02:20:42,2026-07-20T02:21:37,C,H3,Ore,23672.9,23629.7,42,55
BATCH-20260720-017,2026-07-20T02:20:00,2026-07-20T02:21:07,2026-07-20T02:21:56,C,H4,Ore,25117.2,25113.9,67,49
BATCH-20260720-018,2026-07-20T02:27:00,2026-07-20T02:28:14,2026-07-20T02:28:39,C,H2,Sinter,24231.1,24179.0,74,25
BATCH-20260720-019,2026-07-20T02:42:00,2026-07-20T02:43:01,2026-07-20T02:43:32,C,H2,Pellet,20638.1,20604.9,61,31
BATCH-20260720-020,2026-07-20T02:49:00,2026-07-20T02:50:30,2026-07-20T02:50:51,C,H3,Limestone,14821.9,14828.2,90,21
BATCH-20260720-021,2026-07-20T03:02:00,2026-07-20T03:02:56,2026-07-20T03:03:41,C,H2,Coke,10509.7,10523.2,56,45
BATCH-20260720-022,2026-07-20T03:04:00,2026-07-20T03:04:42,2026-07-20T03:05:17,C,H1,Limestone,14164.0,14066.0,42,35
BATCH-20260720-023,2026-07-20T03:07:00,2026-07-20T03:07:51,2026-07-20T03:08:46,C,H3,Pellet,16370.8,16375.4,51,55
BATCH-20260720-024,2026-07-20T03:09:00,2026-07-20T03:10:25,2026-07-20T03:11:20,C,H1,Pellet,12500.6,12489.5,85,55
BATCH-20260720-025,2026-07-20T03:16:00,2026-07-20T03:17:09,2026-07-20T03:17:36,C,H1,Coke,11868.9,11820.9,69,27
BATCH-20260720-026,2026-07-20T03:18:00,2026-07-20T03:19:27,2026-07-20T03:19:56,C,H4,Limestone,15839.2,15884.6,87,29
BATCH-20260720-027,2026-07-20T03:25:00,2026-07-20T03:26:07,2026-07-20T03:26:51,C,H2,Pellet,16540.7,16495.4,67,44
BATCH-20260720-028,2026-07-20T03:26:00,2026-07-20T03:27:23,2026-07-20T03:28:01,C,H1,Pellet,16555.2,16562.3,83,38
BATCH-20260720-029,2026-07-20T03:30:00,2026-07-20T03:30:40,2026-07-20T03:31:02,C,H1,Ore,22061.5,21999.9,40,22
BATCH-20260720-030,2026-07-20T03:35:00,2026-07-20T03:36:30,2026-07-20T03:37:15,C,H1,Sinter,20841.9,20885.8,90,45
BATCH-20260720-031,2026-07-20T03:39:00,2026-07-20T03:39:56,2026-07-20T03:40:38,C,H2,Pellet,13638.1,13724.7,56,42
BATCH-20260720-032,2026-07-20T03:44:00,2026-07-20T03:44:44,2026-07-20T03:45:08,C,H4,Limestone,13352.9,13436.2,44,24
BATCH-20260720-033,2026-07-20T03:50:00,2026-07-20T03:50:51,2026-07-20T03:51:15,C,H3,Pellet,19150.5,19055.3,51,24
BATCH-20260720-034,2026-07-20T04:01:00,2026-07-20T04:02:13,2026-07-20T04:02:52,C,H3,Ore,28442.8,28396.8,73,39
BATCH-20260720-035,2026-07-20T04:05:00,2026-07-20T04:06:13,2026-07-20T04:07:13,C,H2,Pellet,19773.4,19793.0,73,60
BATCH-20260720-036,2026-07-20T04:07:00,2026-07-20T04:07:41,2026-07-20T04:08:38,C,H4,Ore,21628.1,21337.4,41,57
BATCH-20260720-037,2026-07-20T04:13:00,2026-07-20T04:14:13,2026-07-20T04:15:08,C,H1,Pellet,17654.7,17598.1,73,55
BATCH-20260720-038,2026-07-20T04:15:00,2026-07-20T04:16:02,2026-07-20T04:16:27,C,H4,Pellet,16443.3,16457.6,62,25
BATCH-20260720-039,2026-07-20T04:19:00,2026-07-20T04:20:02,2026-07-20T04:20:35,C,H4,Ore,19898.5,19827.4,62,33
BATCH-20260720-040,2026-07-20T04:32:00,2026-07-20T04:32:42,2026-07-20T04:33:39,C,H1,Sinter,24109.8,24259.4,42,57
BATCH-20260720-041,2026-07-20T04:35:00,2026-07-20T04:35:48,2026-07-20T04:36:46,C,H1,Limestone,11854.0,11784.1,48,58
BATCH-20260720-042,2026-07-20T04:47:00,2026-07-20T04:48:13,2026-07-20T04:49:01,C,H2,Coke,12356.3,12282.0,73,48
BATCH-20260720-043,2026-07-20T04:54:00,2026-07-20T04:54:40,2026-07-20T04:55:08,C,H4,Limestone,14468.5,14449.9,40,28
BATCH-20260720-044,2026-07-20T05:05:00,2026-07-20T05:05:49,2026-07-20T05:06:31,C,H1,Sinter,16710.1,16692.2,49,42
BATCH-20260720-045,2026-07-20T05:35:00,2026-07-20T05:36:27,2026-07-20T05:37:18,C,H2,Limestone,10044.0,10047.7,87,51
BATCH-20260720-046,2026-07-20T05:47:00,2026-07-20T05:47:51,2026-07-20T05:48:50,C,H2,Limestone,10097.0,10107.3,51,59
BATCH-20260720-047,2026-07-20T05:51:00,2026-07-20T05:51:53,2026-07-20T05:52:14,C,H2,Coke,13758.6,13721.0,53,21
BATCH-20260720-048,2026-07-20T05:54:00,2026-07-20T05:55:06,2026-07-20T05:56:02,C,H1,Limestone,11969.6,12030.6,66,56
BATCH-20260720-049,2026-07-20T05:56:00,2026-07-20T05:56:53,2026-07-20T05:57:34,C,H4,Pellet,13253.1,13250.6,53,41
BATCH-20260720-050,2026-07-20T06:00:00,2026-07-20T06:01:26,2026-07-20T06:01:50,A,H1,Sinter,20499.0,20547.1,86,24
BATCH-20260720-051,2026-07-20T06:01:00,2026-07-20T06:02:28,2026-07-20T06:03:08,A,H4,Ore,28687.5,28680.5,88,40
BATCH-20260720-052,2026-07-20T06:12:00,2026-07-20T06:12:40,2026-07-20T06:13:11,A,H1,Sinter,18212.9,18219.8,40,31
BATCH-20260720-053,2026-07-20T06:14:00,2026-07-20T06:15:00,2026-07-20T06:15:21,A,H4,Ore,21984.9,21995.1,60,21
BATCH-20260720-054,2026-07-20T06:15:00,2026-07-20T06:15:57,2026-07-20T06:16:36,A,H4,Sinter,17338.2,17381.0,57,39
BATCH-20260720-055,2026-07-20T06:16:00,2026-07-20T06:17:03,2026-07-20T06:17:35,A,H1,Ore,18918.9,18829.2,63,32
BATCH-20260720-056,2026-07-20T06:20:00,2026-07-20T06:21:05,2026-07-20T06:21:34,A,H3,Ore,21135.3,21072.2,65,29
BATCH-20260720-057,2026-07-20T06:20:00,2026-07-20T06:20:35,2026-07-20T06:21:08,A,H4,Ore,26413.4,26481.5,35,33
BATCH-20260720-058,2026-07-20T06:30:00,2026-07-20T06:31:18,2026-07-20T06:31:40,A,H3,Limestone,13092.3,13121.9,78,22
BATCH-20260720-059,2026-07-20T06:33:00,2026-07-20T06:34:27,2026-07-20T06:35:27,A,H1,Limestone,14209.3,14213.1,87,60
BATCH-20260720-060,2026-07-20T06:35:00,2026-07-20T06:35:59,2026-07-20T06:36:38,A,H2,Pellet,13908.6,13901.8,59,39
BATCH-20260720-061,2026-07-20T06:36:00,2026-07-20T06:36:49,2026-07-20T06:37:32,A,H2,Limestone,10126.5,10077.3,49,43
BATCH-20260720-062,2026-07-20T06:56:00,2026-07-20T06:57:27,2026-07-20T06:58:24,A,H3,Coke,17360.2,17327.6,87,57
BATCH-20260720-063,2026-07-20T07:05:00,2026-07-20T07:06:22,2026-07-20T07:07:16,A,H2,Pellet,21219.5,21224.9,82,54
BATCH-20260720-064,2026-07-20T07:07:00,2026-07-20T07:08:08,2026-07-20T07:08:41,A,H1,Pellet,15910.1,15893.3,68,33
BATCH-20260720-065,2026-07-20T07:11:00,2026-07-20T07:11:38,2026-07-20T07:12:30,A,H4,Limestone,14437.6,14389.5,38,52
BATCH-20260720-066,2026-07-20T07:26:00,2026-07-20T07:26:56,2026-07-20T07:27:36,A,H2,Ore,28286.8,28216.8,56,40
BATCH-20260720-067,2026-07-20T07:31:00,2026-07-20T07:32:25,2026-07-20T07:33:12,A,H2,Limestone,10459.4,10472.5,85,47
BATCH-20260720-068,2026-07-20T07:34:00,2026-07-20T07:34:45,2026-07-20T07:35:24,A,H2,Pellet,19924.1,19906.7,45,39
BATCH-20260720-069,2026-07-20T07:54:00,2026-07-20T07:54:31,2026-07-20T07:55:26,A,H3,Ore,23258.6,23283.5,31,55
BATCH-20260720-070,2026-07-20T07:54:00,2026-07-20T07:55:04,2026-07-20T07:56:03,A,H1,Sinter,19620.4,19587.7,64,59
BATCH-20260720-071,2026-07-20T08:00:00,2026-07-20T08:00:59,2026-07-20T08:01:57,A,H3,Sinter,15606.3,15492.9,59,58
BATCH-20260720-072,2026-07-20T08:07:00,2026-07-20T08:07:38,2026-07-20T08:08:37,A,H4,Pellet,14293.7,14326.2,38,59
BATCH-20260720-073,2026-07-20T08:18:00,2026-07-20T08:18:36,2026-07-20T08:19:04,A,H1,Sinter,20796.1,20780.0,36,28
BATCH-20260720-074,2026-07-20T08:22:00,2026-07-20T08:23:25,2026-07-20T08:24:07,A,H4,Coke,11363.0,11434.2,85,42
BATCH-20260720-075,2026-07-20T08:26:00,2026-07-20T08:27:18,2026-07-20T08:27:46,A,H3,Limestone,13799.0,13793.4,78,28
BATCH-20260720-076,2026-07-20T08:30:00,2026-07-20T08:31:08,2026-07-20T08:32:08,A,H3,Limestone,15088.5,15087.0,68,60
BATCH-20260720-077,2026-07-20T08:31:00,2026-07-20T08:32:07,2026-07-20T08:32:52,A,H1,Limestone,12016.8,12011.2,67,45
BATCH-20260720-078,2026-07-20T08:58:00,2026-07-20T08:58:34,2026-07-20T08:59:29,A,H4,Coke,12409.2,12432.4,34,55
BATCH-20260720-079,2026-07-20T09:14:00,2026-07-20T09:14:35,2026-07-20T09:15:16,A,H3,Limestone,13093.5,13084.4,35,41
BATCH-20260720-080,2026-07-20T09:16:00,2026-07-20T09:16:31,2026-07-20T09:17:24,A,H3,Ore,20340.1,20392.4,31,53
BATCH-20260720-081,2026-07-20T09:19:00,2026-07-20T09:20:08,2026-07-20T09:20:32,A,H4,Limestone,10562.5,10531.3,68,24
BATCH-20260720-082,2026-07-20T09:30:00,2026-07-20T09:31:02,2026-07-20T09:31:45,A,H1,Sinter,23535.6,23481.5,62,43
BATCH-20260720-083,2026-07-20T09:30:00,2026-07-20T09:31:09,2026-07-20T09:31:39,A,H3,Pellet,12508.2,12540.7,69,30
BATCH-20260720-084,2026-07-20T09:32:00,2026-07-20T09:33:29,2026-07-20T09:34:23,A,H1,Coke,10332.2,10347.1,89,54
BATCH-20260720-085,2026-07-20T09:46:00,2026-07-20T09:46:41,2026-07-20T09:47:27,A,H2,Sinter,23040.2,23084.4,41,46
BATCH-20260720-086,2026-07-20T10:09:00,2026-07-20T10:09:34,2026-07-20T10:10:27,A,H1,Sinter,16901.9,16932.2,34,53
BATCH-20260720-087,2026-07-20T10:12:00,2026-07-20T10:13:19,2026-07-20T10:14:05,A,H4,Coke,15515.9,15226.2,79,46
BATCH-20260720-088,2026-07-20T10:16:00,2026-07-20T10:16:43,2026-07-20T10:17:08,A,H4,Pellet,16536.9,16489.8,43,25
BATCH-20260720-089,2026-07-20T10:46:00,2026-07-20T10:47:05,2026-07-20T10:47:37,A,H4,Sinter,23108.3,23100.3,65,32
BATCH-20260720-090,2026-07-20T10:46:00,2026-07-20T10:47:18,2026-07-20T10:48:17,A,H2,Pellet,13177.3,13199.7,78,59
BATCH-20260720-091,2026-07-20T11:06:00,2026-07-20T11:06:30,2026-07-20T11:07:25,A,H2,Limestone,14503.8,14446.8,30,55
BATCH-20260720-092,2026-07-20T11:06:00,2026-07-20T11:06:35,2026-07-20T11:07:31,A,H4,Pellet,19255.9,19301.9,35,56
BATCH-20260720-093,2026-07-20T11:08:00,2026-07-20T11:08:58,2026-07-20T11:09:42,A,H2,Limestone,15104.3,15141.6,58,44
BATCH-20260720-094,2026-07-20T11:18:00,2026-07-20T11:19:03,2026-07-20T11:19:43,A,H4,Sinter,24836.0,24782.2,63,40
BATCH-20260720-095,2026-07-20T11:32:00,2026-07-20T11:32:50,2026-07-20T11:33:18,A,H1,Coke,14426.3,14386.8,50,28
BATCH-20260720-096,2026-07-20T11:38:00,2026-07-20T11:38:59,2026-07-20T11:39:55,A,H3,Ore,18265.7,18234.4,59,56
BATCH-20260720-097,2026-07-20T11:43:00,2026-07-20T11:44:01,2026-07-20T11:44:32,A,H1,Sinter,15301.5,15314.7,61,31
BATCH-20260720-098,2026-07-20T11:46:00,2026-07-20T11:46:39,2026-07-20T11:47:35,A,H2,Ore,22785.5,22734.6,39,56
BATCH-20260720-099,2026-07-20T11:50:00,2026-07-20T11:50:52,2026-07-20T11:51:22,A,H3,Limestone,15526.4,15462.8,52,30
BATCH-20260720-100,2026-07-20T12:14:00,2026-07-20T12:15:07,2026-07-20T12:15:46,A,H3,Pellet,19212.0,19174.9,67,39
BATCH-20260720-101,2026-07-20T12:18:00,2026-07-20T12:19:05,2026-07-20T12:19:58,A,H1,Limestone,10528.1,10485.6,65,53
BATCH-20260720-102,2026-07-20T12:19:00,2026-07-20T12:20:19,2026-07-20T12:20:42,A,H1,Coke,17109.5,17160.9,79,23
BATCH-20260720-103,2026-07-20T12:21:00,2026-07-20T12:21:45,2026-07-20T12:22:33,A,H1,Limestone,10429.6,10399.2,45,48
BATCH-20260720-104,2026-07-20T12:21:00,2026-07-20T12:21:48,2026-07-20T12:22:41,A,H3,Limestone,13507.3,13543.7,48,53
BATCH-20260720-105,2026-07-20T12:27:00,2026-07-20T12:28:08,2026-07-20T12:29:01,A,H4,Ore,22413.1,22467.3,68,53
BATCH-20260720-106,2026-07-20T12:37:00,2026-07-20T12:38:14,2026-07-20T12:39:10,A,H1,Limestone,13660.1,13648.0,74,56
BATCH-20260720-107,2026-07-20T12:45:00,2026-07-20T12:46:04,2026-07-20T12:47:04,A,H1,Coke,16735.5,16773.6,64,60
BATCH-20260720-108,2026-07-20T12:53:00,2026-07-20T12:53:30,2026-07-20T12:54:12,A,H2,Pellet,19520.5,19454.5,30,42
BATCH-20260720-109,2026-07-20T12:55:00,2026-07-20T12:56:26,2026-07-20T12:57:12,A,H2,Sinter,21235.5,21216.6,86,46
BATCH-20260720-110,2026-07-20T12:59:00,2026-07-20T13:00:02,2026-07-20T13:00:50,A,H4,Limestone,13505.0,13422.9,62,48
BATCH-20260720-111,2026-07-20T13:16:00,2026-07-20T13:16:38,2026-07-20T13:17:01,A,H2,Coke,17383.9,17432.8,38,23
BATCH-20260720-112,2026-07-20T13:28:00,2026-07-20T13:28:43,2026-07-20T13:29:04,A,H2,Limestone,15499.8,15582.1,43,21
BATCH-20260720-113,2026-07-20T13:30:00,2026-07-20T13:31:29,2026-07-20T13:32:07,A,H1,Coke,12289.9,12251.9,89,38
BATCH-20260720-114,2026-07-20T13:36:00,2026-07-20T13:36:38,2026-07-20T13:37:09,A,H4,Coke,13093.8,13102.9,38,31
BATCH-20260720-115,2026-07-20T13:40:00,2026-07-20T13:40:50,2026-07-20T13:41:41,A,H2,Limestone,14105.0,14108.6,50,51
BATCH-20260720-116,2026-07-20T13:43:00,2026-07-20T13:44:13,2026-07-20T13:44:33,A,H3,Limestone,11461.0,11516.7,73,20
BATCH-20260720-117,2026-07-20T13:43:00,2026-07-20T13:44:05,2026-07-20T13:44:37,A,H2,Coke,12632.2,12621.3,65,32
BATCH-20260720-118,2026-07-20T13:45:00,2026-07-20T13:46:10,2026-07-20T13:46:47,A,H1,Sinter,22819.6,22885.6,70,37
BATCH-20260720-119,2026-07-20T13:49:00,2026-07-20T13:49:56,2026-07-20T13:50:52,A,H3,Pellet,14757.3,14728.0,56,56
BATCH-20260720-120,2026-07-20T13:52:00,2026-07-20T13:52:53,2026-07-20T13:53:18,A,H3,Pellet,12356.3,12413.7,53,25
BATCH-20260720-121,2026-07-20T14:04:00,2026-07-20T14:05:03,2026-07-20T14:06:03,B,H2,Ore,19851.0,19859.7,63,60
BATCH-20260720-122,2026-07-20T14:26:00,2026-07-20T14:27:26,2026-07-20T14:28:07,B,H2,Sinter,18948.1,18939.9,86,41
BATCH-20260720-123,2026-07-20T14:30:00,2026-07-20T14:31:01,2026-07-20T14:31:33,B,H2,Ore,27409.9,27375.1,61,32
BATCH-20260720-124,2026-07-20T14:35:00,2026-07-20T14:36:13,2026-07-20T14:37:12,B,H3,Ore,23545.6,23471.0,73,59
BATCH-20260720-125,2026-07-20T14:59:00,2026-07-20T14:59:41,2026-07-20T15:00:36,B,H3,Limestone,14025.4,14004.9,41,55
BATCH-20260720-126,2026-07-20T15:03:00,2026-07-20T15:04:16,2026-07-20T15:04:52,B,H4,Pellet,21456.4,21467.0,76,36
BATCH-20260720-127,2026-07-20T15:05:00,2026-07-20T15:05:40,2026-07-20T15:06:25,B,H2,Ore,20836.9,20865.6,40,45
BATCH-20260720-128,2026-07-20T15:05:00,2026-07-20T15:05:58,2026-07-20T15:06:22,B,H3,Pellet,15847.3,15849.3,58,24
BATCH-20260720-129,2026-07-20T15:13:00,2026-07-20T15:14:24,2026-07-20T15:14:46,B,H2,Limestone,12144.7,12100.1,84,22
BATCH-20260720-130,2026-07-20T15:15:00,2026-07-20T15:16:16,2026-07-20T15:16:51,B,H4,Ore,22610.0,22656.2,76,35
BATCH-20260720-131,2026-07-20T15:21:00,2026-07-20T15:22:29,2026-07-20T15:23:01,B,H1,Coke,11139.4,11189.8,89,32
BATCH-20260720-132,2026-07-20T15:26:00,2026-07-20T15:27:11,2026-07-20T15:27:49,B,H3,Sinter,19544.5,19523.1,71,38
BATCH-20260720-133,2026-07-20T15:31:00,2026-07-20T15:31:33,2026-07-20T15:32:32,B,H4,Limestone,10480.3,10497.1,33,59
BATCH-20260720-134,2026-07-20T15:46:00,2026-07-20T15:47:08,2026-07-20T15:48:01,B,H1,Ore,26117.6,26140.3,68,53
BATCH-20260720-135,2026-07-20T15:50:00,2026-07-20T15:50:48,2026-07-20T15:51:41,B,H2,Pellet,14533.8,14518.9,48,53
BATCH-20260720-136,2026-07-20T15:55:00,2026-07-20T15:55:54,2026-07-20T15:56:21,B,H1,Sinter,22086.1,22067.8,54,27
BATCH-20260720-137,2026-07-20T15:59:00,2026-07-20T16:00:04,2026-07-20T16:00:56,B,H4,Sinter,24699.5,24711.1,64,52
BATCH-20260720-138,2026-07-20T16:01:00,2026-07-20T16:02:17,2026-07-20T16:02:41,B,H2,Ore,25237.0,25243.2,77,24
BATCH-20260720-139,2026-07-20T16:11:00,2026-07-20T16:11:44,2026-07-20T16:12:38,B,H1,Pellet,16981.3,17017.6,44,54
BATCH-20260720-140,2026-07-20T16:36:00,2026-07-20T16:36:37,2026-07-20T16:37:25,B,H1,Sinter,19420.4,19512.6,37,48
BATCH-20260720-141,2026-07-20T16:50:00,2026-07-20T16:50:42,2026-07-20T16:51:32,B,H4,Pellet,19772.9,19811.1,42,50
BATCH-20260720-142,2026-07-20T16:52:00,2026-07-20T16:53:25,2026-07-20T16:54:15,B,H2,Pellet,14848.9,14738.7,85,50
BATCH-20260720-143,2026-07-20T16:57:00,2026-07-20T16:57:47,2026-07-20T16:58:28,B,H2,Ore,26519.9,26538.8,47,41
BATCH-20260720-144,2026-07-20T17:09:00,2026-07-20T17:10:22,2026-07-20T17:11:00,B,H1,Coke,10954.5,10900.7,82,38
BATCH-20260720-145,2026-07-20T17:09:00,2026-07-20T17:09:32,2026-07-20T17:09:55,B,H1,Sinter,22103.1,22059.4,32,23
BATCH-20260720-146,2026-07-20T17:26:00,2026-07-20T17:27:27,2026-07-20T17:28:16,B,H4,Coke,11572.5,11479.3,87,49
BATCH-20260720-147,2026-07-20T17:29:00,2026-07-20T17:30:22,2026-07-20T17:31:19,B,H2,Limestone,10834.7,10874.1,82,57
BATCH-20260720-148,2026-07-20T17:41:00,2026-07-20T17:41:33,2026-07-20T17:42:13,B,H3,Ore,28822.0,28857.2,33,40
BATCH-20260720-149,2026-07-20T17:51:00,2026-07-20T17:51:35,2026-07-20T17:52:07,B,H3,Sinter,16812.8,16810.5,35,32
BATCH-20260720-150,2026-07-20T18:18:00,2026-07-20T18:19:05,2026-07-20T18:19:29,B,H1,Ore,18301.7,18317.3,65,24
BATCH-20260720-151,2026-07-20T18:18:00,2026-07-20T18:19:09,2026-07-20T18:20:07,B,H1,Limestone,15652.3,15638.6,69,58
BATCH-20260720-152,2026-07-20T18:23:00,2026-07-20T18:24:03,2026-07-20T18:24:27,B,H1,Coke,14376.3,14276.7,63,24
BATCH-20260720-153,2026-07-20T18:28:00,2026-07-20T18:29:14,2026-07-20T18:29:48,B,H3,Ore,21163.5,21210.0,74,34
BATCH-20260720-154,2026-07-20T18:34:00,2026-07-20T18:34:43,2026-07-20T18:35:15,B,H4,Ore,25358.7,25400.6,43,32
BATCH-20260720-155,2026-07-20T18:45:00,2026-07-20T18:46:22,2026-07-20T18:46:54,B,H4,Pellet,15104.6,15141.8,82,32
BATCH-20260720-156,2026-07-20T19:15:00,2026-07-20T19:15:34,2026-07-20T19:16:18,B,H2,Coke,15409.4,15453.5,34,44
BATCH-20260720-157,2026-07-20T19:16:00,2026-07-20T19:17:30,2026-07-20T19:17:58,B,H4,Sinter,17972.4,17955.3,90,28
BATCH-20260720-158,2026-07-20T19:27:00,2026-07-20T19:27:53,2026-07-20T19:28:24,B,H1,Pellet,20026.5,20049.6,53,31
BATCH-20260720-159,2026-07-20T19:31:00,2026-07-20T19:32:17,2026-07-20T19:32:48,B,H2,Sinter,19392.3,19345.4,77,31
BATCH-20260720-160,2026-07-20T19:31:00,2026-07-20T19:31:34,2026-07-20T19:31:59,B,H2,Ore,21025.1,20918.6,34,25
BATCH-20260720-161,2026-07-20T19:36:00,2026-07-20T19:37:25,2026-07-20T19:37:57,B,H4,Ore,23039.9,23006.8,85,32
BATCH-20260720-162,2026-07-20T19:48:00,2026-07-20T19:49:22,2026-07-20T19:50:12,B,H1,Coke,10948.5,10923.5,82,50
BATCH-20260720-163,2026-07-20T19:49:00,2026-07-20T19:50:07,2026-07-20T19:50:51,B,H1,Coke,16223.2,16158.8,67,44
BATCH-20260720-164,2026-07-20T19:49:00,2026-07-20T19:49:42,2026-07-20T19:50:23,B,H4,Ore,20046.2,20064.0,42,41
BATCH-20260720-165,2026-07-20T19:49:00,2026-07-20T19:50:01,2026-07-20T19:50:25,B,H1,Limestone,11534.8,11561.8,61,24
BATCH-20260720-166,2026-07-20T19:54:00,2026-07-20T19:55:17,2026-07-20T19:55:40,B,H4,Pellet,14922.0,14977.2,77,23
BATCH-20260720-167,2026-07-20T20:02:00,2026-07-20T20:02:44,2026-07-20T20:03:38,B,H4,Coke,10644.5,10738.1,44,54
BATCH-20260720-168,2026-07-20T20:06:00,2026-07-20T20:06:51,2026-07-20T20:07:26,B,H3,Limestone,13277.9,13260.3,51,35
BATCH-20260720-169,2026-07-20T20:13:00,2026-07-20T20:13:41,2026-07-20T20:14:31,B,H1,Sinter,15049.6,15014.6,41,50
BATCH-20260720-170,2026-07-20T20:35:00,2026-07-20T20:36:01,2026-07-20T20:37:00,B,H3,Limestone,12488.7,12476.8,61,59
BATCH-20260720-171,2026-07-20T20:41:00,2026-07-20T20:41:54,2026-07-20T20:42:26,B,H4,Sinter,15656.3,15628.2,54,32
BATCH-20260720-172,2026-07-20T20:43:00,2026-07-20T20:44:04,2026-07-20T20:44:54,B,H1,Sinter,16158.7,16160.1,64,50
BATCH-20260720-173,2026-07-20T20:50:00,2026-07-20T20:51:15,2026-07-20T20:51:55,B,H1,Ore,18642.3,18656.4,75,40
BATCH-20260720-174,2026-07-20T20:51:00,2026-07-20T20:51:33,2026-07-20T20:52:23,B,H4,Pellet,19198.3,19258.6,33,50
BATCH-20260720-175,2026-07-20T20:51:00,2026-07-20T20:52:21,2026-07-20T20:52:57,B,H2,Pellet,19171.9,19168.2,81,36
BATCH-20260720-176,2026-07-20T20:55:00,2026-07-20T20:56:15,2026-07-20T20:56:55,B,H2,Ore,29203.0,29215.0,75,40
BATCH-20260720-177,2026-07-20T21:19:00,2026-07-20T21:20:15,2026-07-20T21:20:43,B,H3,Sinter,15383.6,15387.8,75,28
BATCH-20260720-178,2026-07-20T21:29:00,2026-07-20T21:30:11,2026-07-20T21:31:10,B,H3,Limestone,14207.3,14193.4,71,59
BATCH-20260720-179,2026-07-20T21:35:00,2026-07-20T21:36:20,2026-07-20T21:37:19,B,H2,Ore,22322.4,22382.5,80,59
BATCH-20260720-180,2026-07-20T21:52:00,2026-07-20T21:52:59,2026-07-20T21:53:26,B,H4,Limestone,10317.1,10339.3,59,27
BATCH-20260720-181,2026-07-20T22:01:00,2026-07-20T22:01:52,2026-07-20T22:02:33,C,H1,Sinter,20510.8,20529.6,52,41
BATCH-20260720-182,2026-07-20T22:01:00,2026-07-20T22:01:38,2026-07-20T22:02:12,C,H4,Sinter,17204.1,17183.6,38,34
BATCH-20260720-183,2026-07-20T22:06:00,2026-07-20T22:07:12,2026-07-20T22:07:49,C,H1,Ore,26434.5,26449.5,72,37
BATCH-20260720-184,2026-07-20T22:19:00,2026-07-20T22:20:20,2026-07-20T22:20:48,C,H3,Ore,21763.8,21786.2,80,28
BATCH-20260720-185,2026-07-20T22:21:00,2026-07-20T22:22:10,2026-07-20T22:22:38,C,H2,Coke,16032.0,16024.2,70,28
BATCH-20260720-186,2026-07-20T22:22:00,2026-07-20T22:22:44,2026-07-20T22:23:37,C,H1,Pellet,16499.7,16519.8,44,53
BATCH-20260720-187,2026-07-20T22:30:00,2026-07-20T22:31:28,2026-07-20T22:31:52,C,H4,Limestone,13944.8,13907.2,88,24
BATCH-20260720-188,2026-07-20T22:34:00,2026-07-20T22:34:40,2026-07-20T22:35:18,C,H4,Pellet,14708.0,15048.4,40,38
BATCH-20260720-189,2026-07-20T22:53:00,2026-07-20T22:54:05,2026-07-20T22:54:59,C,H3,Ore,25644.7,25718.8,65,54
BATCH-20260720-190,2026-07-20T23:03:00,2026-07-20T23:03:50,2026-07-20T23:04:13,C,H4,Pellet,16571.5,16552.7,50,23
BATCH-20260720-191,2026-07-20T23:03:00,2026-07-20T23:04:04,2026-07-20T23:05:00,C,H4,Ore,28037.8,28031.7,64,56
BATCH-20260720-192,2026-07-20T23:13:00,2026-07-20T23:14:06,2026-07-20T23:14:47,C,H2,Coke,15713.4,15668.8,66,41
BATCH-20260720-193,2026-07-20T23:24:00,2026-07-20T23:25:20,2026-07-20T23:26:05,C,H3,Coke,16443.9,16413.7,80,45
BATCH-20260720-194,2026-07-20T23:29:00,2026-07-20T23:30:12,2026-07-20T23:31:01,C,H4,Sinter,17007.9,17086.8,72,49
BATCH-20260720-195,2026-07-20T23:29:00,2026-07-20T23:29:54,2026-07-20T23:30:49,C,H1,Pellet,20094.8,20099.5,54,55
BATCH-20260720-196,2026-07-20T23:42:00,2026-07-20T23:42:37,2026-07-20T23:43:15,C,H2,Sinter,20720.0,20678.0,37,38
BATCH-20260720-197,2026-07-20T23:45:00,2026-07-20T23:46:06,2026-07-20T23:46:48,C,H1,Ore,24430.2,24415.5,66,42
BATCH-20260720-198,2026-07-20T23:51:00,2026-07-20T23:52:09,2026-07-20T23:52:39,C,H3,Pellet,17172.5,17172.0,69,30
BATCH-20260720-199,2026-07-20T23:55:00,2026-07-20T23:56:03,2026-07-20T23:56:51,C,H3,Coke,12944.8,12936.6,63,48
BATCH-20260720-200,2026-07-20T23:57:00,2026-07-20T23:57:45,2026-07-20T23:58:20,C,H1,Sinter,20640.2,20657.7,45,35
BATCH-20260721-001,2026-07-21T00:10:00,2026-07-21T00:11:19,2026-07-21T00:11:59,C,H3,Coke,16599.9,16654.0,79,40
BATCH-20260721-002,2026-07-21T00:30:00,2026-07-21T00:30:34,2026-07-21T00:31:19,C,H3,Ore,26032.0,26034.5,34,45
BATCH-20260721-003,2026-07-21T00:31:00,2026-07-21T00:32:15,2026-07-21T00:33:11,C,H4,Ore,19202.7,18996.2,75,56
BATCH-20260721-004,2026-07-21T00:32:00,2026-07-21T00:32:44,2026-07-21T00:33:21,C,H3,Pellet,16547.6,16497.3,44,37
BATCH-20260721-005,2026-07-21T00:39:00,2026-07-21T00:40:04,2026-07-21T00:41:02,C,H3,Pellet,19407.2,19427.7,64,58
BATCH-20260721-006,2026-07-21T00:48:00,2026-07-21T00:49:06,2026-07-21T00:49:53,C,H4,Coke,12625.0,12581.1,66,47
BATCH-20260721-007,2026-07-21T00:53:00,2026-07-21T00:53:53,2026-07-21T00:54:13,C,H1,Pellet,21453.6,21430.5,53,20
BATCH-20260721-008,2026-07-21T00:56:00,2026-07-21T00:57:03,2026-07-21T00:57:46,C,H4,Sinter,15846.5,15862.0,63,43
BATCH-20260721-009,2026-07-21T00:57:00,2026-07-21T00:58:03,2026-07-21T00:58:48,C,H3,Limestone,10093.3,10162.9,63,45
BATCH-20260721-010,2026-07-21T01:00:00,2026-07-21T01:00:39,2026-07-21T01:01:03,C,H3,Ore,26013.6,26076.8,39,24
BATCH-20260721-011,2026-07-21T01:02:00,2026-07-21T01:02:53,2026-07-21T01:03:47,C,H2,Ore,24331.5,24330.7,53,54
BATCH-20260721-012,2026-07-21T01:11:00,2026-07-21T01:12:23,2026-07-21T01:13:08,C,H3,Sinter,21485.0,21453.5,83,45
BATCH-20260721-013,2026-07-21T01:12:00,2026-07-21T01:13:00,2026-07-21T01:13:49,C,H1,Pellet,13338.7,13377.0,60,49
BATCH-20260721-014,2026-07-21T01:13:00,2026-07-21T01:13:37,2026-07-21T01:14:37,C,H4,Coke,15119.6,15131.2,37,60
BATCH-20260721-015,2026-07-21T01:14:00,2026-07-21T01:14:51,2026-07-21T01:15:47,C,H2,Sinter,21536.7,21580.5,51,56
BATCH-20260721-016,2026-07-21T01:15:00,2026-07-21T01:15:37,2026-07-21T01:16:29,C,H2,Limestone,10545.1,10509.5,37,52
BATCH-20260721-017,2026-07-21T01:19:00,2026-07-21T01:19:43,2026-07-21T01:20:24,C,H3,Limestone,11332.3,11310.0,43,41
BATCH-20260721-018,2026-07-21T01:23:00,2026-07-21T01:24:15,2026-07-21T01:24:50,C,H1,Limestone,12187.2,12139.6,75,35
BATCH-20260721-019,2026-07-21T01:24:00,2026-07-21T01:24:57,2026-07-21T01:25:43,C,H4,Sinter,20959.0,20998.3,57,46
BATCH-20260721-020,2026-07-21T01:26:00,2026-07-21T01:27:07,2026-07-21T01:27:27,C,H4,Ore,29310.9,29308.2,67,20
BATCH-20260721-021,2026-07-21T01:39:00,2026-07-21T01:39:49,2026-07-21T01:40:46,C,H1,Limestone,14137.2,14161.6,49,57
BATCH-20260721-022,2026-07-21T02:03:00,2026-07-21T02:03:46,2026-07-21T02:04:32,C,H1,Ore,27424.2,27420.6,46,46
BATCH-20260721-023,2026-07-21T02:12:00,2026-07-21T02:12:50,2026-07-21T02:13:45,C,H1,Ore,19142.1,19188.6,50,55
BATCH-20260721-024,2026-07-21T02:28:00,2026-07-21T02:29:06,2026-07-21T02:29:58,C,H2,Limestone,11469.9,11437.2,66,52
BATCH-20260721-025,2026-07-21T02:49:00,2026-07-21T02:49:49,2026-07-21T02:50:09,C,H2,Sinter,19484.6,19512.7,49,20
BATCH-20260721-026,2026-07-21T02:58:00,2026-07-21T02:59:08,2026-07-21T02:59:42,C,H2,Pellet,13696.6,13744.2,68,34
BATCH-20260721-027,2026-07-21T03:14:00,2026-07-21T03:15:29,2026-07-21T03:15:54,C,H4,Sinter,22496.1,22609.5,89,25
BATCH-20260721-028,2026-07-21T03:15:00,2026-07-21T03:15:36,2026-07-21T03:16:28,C,H3,Pellet,13529.7,13571.1,36,52
BATCH-20260721-029,2026-07-21T03:25:00,2026-07-21T03:26:01,2026-07-21T03:26:28,C,H1,Coke,13597.3,13554.8,61,27
BATCH-20260721-030,2026-07-21T03:32:00,2026-07-21T03:32:31,2026-07-21T03:33:18,C,H4,Pellet,19062.8,19015.0,31,47
BATCH-20260721-031,2026-07-21T03:35:00,2026-07-21T03:36:27,2026-07-21T03:36:53,C,H2,Limestone,15727.7,15795.3,87,26
BATCH-20260721-032,2026-07-21T03:36:00,2026-07-21T03:36:43,2026-07-21T03:37:11,C,H1,Limestone,13950.6,14015.9,43,28
BATCH-20260721-033,2026-07-21T04:01:00,2026-07-21T04:02:01,2026-07-21T04:02:57,C,H3,Sinter,24100.6,24124.4,61,56
BATCH-20260721-034,2026-07-21T04:02:00,2026-07-21T04:02:46,2026-07-21T04:03:38,C,H3,Sinter,18749.7,18791.9,46,52
BATCH-20260721-035,2026-07-21T04:05:00,2026-07-21T04:05:40,2026-07-21T04:06:26,C,H3,Limestone,10362.5,10354.8,40,46
BATCH-20260721-036,2026-07-21T04:09:00,2026-07-21T04:10:02,2026-07-21T04:10:29,C,H3,Ore,24569.2,24533.9,62,27
BATCH-20260721-037,2026-07-21T04:25:00,2026-07-21T04:26:18,2026-07-21T04:27:15,C,H4,Coke,15845.6,15927.6,78,57
BATCH-20260721-038,2026-07-21T04:26:00,2026-07-21T04:27:16,2026-07-21T04:27:48,C,H4,Limestone,10412.4,10406.9,76,32
BATCH-20260721-039,2026-07-21T04:32:00,2026-07-21T04:33:04,2026-07-21T04:33:53,C,H3,Ore,29655.2,29684.6,64,49
BATCH-20260721-040,2026-07-21T04:35:00,2026-07-21T04:35:59,2026-07-21T04:36:47,C,H4,Limestone,12341.3,12384.6,59,48
BATCH-20260721-041,2026-07-21T04:40:00,2026-07-21T04:40:31,2026-07-21T04:41:17,C,H3,Pellet,19469.8,19492.1,31,46
BATCH-20260721-042,2026-07-21T04:45:00,2026-07-21T04:45:58,2026-07-21T04:46:19,C,H1,Coke,13360.4,13387.9,58,21
BATCH-20260721-043,2026-07-21T04:45:00,2026-07-21T04:45:31,2026-07-21T04:46:27,C,H1,Limestone,15694.7,15691.7,31,56
BATCH-20260721-044,2026-07-21T04:45:00,2026-07-21T04:45:59,2026-07-21T04:46:43,C,H2,Coke,16782.9,16762.0,59,44
BATCH-20260721-045,2026-07-21T04:47:00,2026-07-21T04:48:24,2026-07-21T04:49:18,C,H2,Coke,12184.8,12242.2,84,54
BATCH-20260721-046,2026-07-21T04:59:00,2026-07-21T05:00:24,2026-07-21T05:01:04,C,H1,Coke,13742.5,13760.2,84,40
BATCH-20260721-047,2026-07-21T05:01:00,2026-07-21T05:02:30,2026-07-21T05:03:26,C,H3,Pellet,18173.9,18099.3,90,56
BATCH-20260721-048,2026-07-21T05:06:00,2026-07-21T05:07:01,2026-07-21T05:07:34,C,H2,Pellet,20779.2,20786.2,61,33
BATCH-20260721-049,2026-07-21T05:09:00,2026-07-21T05:09:46,2026-07-21T05:10:41,C,H3,Sinter,21738.7,21676.7,46,55
BATCH-20260721-050,2026-07-21T05:21:00,2026-07-21T05:22:08,2026-07-21T05:22:39,C,H4,Ore,25286.0,25339.3,68,31
BATCH-20260721-051,2026-07-21T05:22:00,2026-07-21T05:22:53,2026-07-21T05:23:35,C,H1,Limestone,11871.3,11854.7,53,42
BATCH-20260721-052,2026-07-21T05:35:00,2026-07-21T05:35:53,2026-07-21T05:36:34,C,H2,Ore,24832.1,24848.0,53,41
BATCH-20260721-053,2026-07-21T05:36:00,2026-07-21T05:36:58,2026-07-21T05:37:28,C,H4,Coke,15544.4,15498.3,58,30
BATCH-20260721-054,2026-07-21T05:47:00,2026-07-21T05:47:35,2026-07-21T05:48:31,C,H1,Pellet,14881.0,14919.8,35,56
BATCH-20260721-055,2026-07-21T05:48:00,2026-07-21T05:49:28,2026-07-21T05:49:57,C,H2,Sinter,21955.2,21956.1,88,29
BATCH-20260721-056,2026-07-21T05:49:00,2026-07-21T05:50:16,2026-07-21T05:50:59,C,H2,Limestone,11560.9,11685.4,76,43
BATCH-20260721-057,2026-07-21T05:50:00,2026-07-21T05:51:00,2026-07-21T05:51:38,C,H3,Limestone,12757.4,12751.1,60,38
BATCH-20260721-058,2026-07-21T06:02:00,2026-07-21T06:02:51,2026-07-21T06:03:48,A,H4,Ore,27424.0,27439.0,51,57
BATCH-20260721-059,2026-07-21T06:03:00,2026-07-21T06:04:20,2026-07-21T06:04:56,A,H3,Sinter,19313.7,19334.5,80,36
BATCH-20260721-060,2026-07-21T06:14:00,2026-07-21T06:14:57,2026-07-21T06:15:23,A,H2,Coke,11481.3,11514.7,57,26
BATCH-20260721-061,2026-07-21T06:18:00,2026-07-21T06:18:43,2026-07-21T06:19:20,A,H2,Limestone,12619.8,12703.0,43,37
BATCH-20260721-062,2026-07-21T06:29:00,2026-07-21T06:29:49,2026-07-21T06:30:38,A,H1,Pellet,20264.1,20251.1,49,49
BATCH-20260721-063,2026-07-21T06:32:00,2026-07-21T06:32:59,2026-07-21T06:33:38,A,H1,Coke,12166.0,12090.7,59,39
BATCH-20260721-064,2026-07-21T06:32:00,2026-07-21T06:33:17,2026-07-21T06:34:03,A,H4,Pellet,13053.0,13043.1,77,46
BATCH-20260721-065,2026-07-21T06:34:00,2026-07-21T06:35:13,2026-07-21T06:36:12,A,H2,Ore,23242.9,23251.7,73,59
BATCH-20260721-066,2026-07-21T06:37:00,2026-07-21T06:37:30,2026-07-21T06:37:59,A,H3,Limestone,14879.6,14878.8,30,29
BATCH-20260721-067,2026-07-21T06:48:00,2026-07-21T06:49:12,2026-07-21T06:49:43,A,H1,Sinter,22981.1,23071.8,72,31
BATCH-20260721-068,2026-07-21T06:49:00,2026-07-21T06:50:18,2026-07-21T06:50:48,A,H1,Sinter,19719.7,19662.8,78,30
BATCH-20260721-069,2026-07-21T07:03:00,2026-07-21T07:03:35,2026-07-21T07:04:13,A,H2,Ore,24755.1,24702.9,35,38
BATCH-20260721-070,2026-07-21T07:22:00,2026-07-21T07:22:51,2026-07-21T07:23:17,A,H3,Coke,17113.6,17195.0,51,26
BATCH-20260721-071,2026-07-21T07:29:00,2026-07-21T07:29:33,2026-07-21T07:30:33,A,H3,Ore,21960.9,21967.7,33,60
BATCH-20260721-072,2026-07-21T07:52:00,2026-07-21T07:53:19,2026-07-21T07:54:06,A,H4,Ore,27108.3,27151.1,79,47
BATCH-20260721-073,2026-07-21T07:52:00,2026-07-21T07:53:23,2026-07-21T07:53:47,A,H3,Pellet,15001.8,14973.6,83,24
BATCH-20260721-074,2026-07-21T07:54:00,2026-07-21T07:54:46,2026-07-21T07:55:31,A,H1,Sinter,15630.2,15707.9,46,45
BATCH-20260721-075,2026-07-21T08:04:00,2026-07-21T08:04:36,2026-07-21T08:05:32,A,H3,Ore,23892.7,23930.9,36,56
BATCH-20260721-076,2026-07-21T08:06:00,2026-07-21T08:07:15,2026-07-21T08:08:01,A,H4,Ore,24912.5,24986.6,75,46
BATCH-20260721-077,2026-07-21T08:08:00,2026-07-21T08:09:21,2026-07-21T08:10:11,A,H1,Ore,24472.4,24412.1,81,50
BATCH-20260721-078,2026-07-21T08:13:00,2026-07-21T08:13:54,2026-07-21T08:14:46,A,H4,Sinter,22949.7,22920.7,54,52
BATCH-20260721-079,2026-07-21T08:13:00,2026-07-21T08:13:42,2026-07-21T08:14:34,A,H2,Sinter,16150.2,16177.7,42,52
BATCH-20260721-080,2026-07-21T08:24:00,2026-07-21T08:24:45,2026-07-21T08:25:37,A,H2,Ore,24819.7,24777.5,45,52
BATCH-20260721-081,2026-07-21T08:25:00,2026-07-21T08:26:20,2026-07-21T08:26:49,A,H1,Coke,13416.8,13420.6,80,29
BATCH-20260721-082,2026-07-21T08:38:00,2026-07-21T08:39:07,2026-07-21T08:40:05,A,H2,Limestone,11843.8,11855.2,67,58
BATCH-20260721-083,2026-07-21T08:46:00,2026-07-21T08:47:23,2026-07-21T08:47:56,A,H1,Ore,20050.3,20028.7,83,33
BATCH-20260721-084,2026-07-21T08:55:00,2026-07-21T08:56:17,2026-07-21T08:56:43,A,H1,Pellet,19918.2,19901.8,77,26
BATCH-20260721-085,2026-07-21T09:07:00,2026-07-21T09:08:10,2026-07-21T09:08:52,A,H1,Limestone,10224.5,10209.5,70,42
BATCH-20260721-086,2026-07-21T09:11:00,2026-07-21T09:11:44,2026-07-21T09:12:44,A,H2,Coke,10126.2,10150.5,44,60
BATCH-20260721-087,2026-07-21T09:25:00,2026-07-21T09:26:08,2026-07-21T09:26:50,A,H4,Coke,13566.5,13559.4,68,42
BATCH-20260721-088,2026-07-21T09:30:00,2026-07-21T09:30:59,2026-07-21T09:31:33,A,H2,Coke,17957.8,17901.2,59,34
BATCH-20260721-089,2026-07-21T09:32:00,2026-07-21T09:32:49,2026-07-21T09:33:40,A,H3,Pellet,20953.3,20906.4,49,51
BATCH-20260721-090,2026-07-21T09:50:00,2026-07-21T09:50:41,2026-07-21T09:51:21,A,H1,Ore,24189.2,24263.6,41,40
BATCH-20260721-091,2026-07-21T10:01:00,2026-07-21T10:01:57,2026-07-21T10:02:27,A,H2,Sinter,15620.8,15586.8,57,30
BATCH-20260721-092,2026-07-21T10:02:00,2026-07-21T10:03:20,2026-07-21T10:04:10,A,H4,Limestone,12810.2,12770.0,80,50
BATCH-20260721-093,2026-07-21T10:17:00,2026-07-21T10:18:08,2026-07-21T10:19:03,A,H3,Coke,13700.2,13701.6,68,55
BATCH-20260721-094,2026-07-21T10:19:00,2026-07-21T10:19:41,2026-07-21T10:20:13,A,H2,Ore,25239.4,24877.1,41,32
BATCH-20260721-095,2026-07-21T10:38:00,2026-07-21T10:38:44,2026-07-21T10:39:08,A,H4,Limestone,14491.1,14530.8,44,24
BATCH-20260721-096,2026-07-21T10:45:00,2026-07-21T10:45:41,2026-07-21T10:46:19,A,H1,Pellet,20381.5,20316.4,41,38
BATCH-20260721-097,2026-07-21T10:51:00,2026-07-21T10:51:39,2026-07-21T10:52:19,A,H4,Sinter,23924.9,23999.8,39,40
BATCH-20260721-098,2026-07-21T11:00:00,2026-07-21T11:01:13,2026-07-21T11:01:55,A,H2,Coke,15981.2,15926.6,73,42
BATCH-20260721-099,2026-07-21T11:07:00,2026-07-21T11:07:45,2026-07-21T11:08:31,A,H1,Ore,18255.8,18320.4,45,46
BATCH-20260721-100,2026-07-21T11:19:00,2026-07-21T11:19:41,2026-07-21T11:20:09,A,H4,Limestone,15779.0,15825.5,41,28
BATCH-20260721-101,2026-07-21T11:23:00,2026-07-21T11:23:53,2026-07-21T11:24:21,A,H1,Sinter,23881.5,23893.8,53,28
BATCH-20260721-102,2026-07-21T11:25:00,2026-07-21T11:26:02,2026-07-21T11:26:30,A,H1,Sinter,19868.7,19901.4,62,28
BATCH-20260721-103,2026-07-21T11:30:00,2026-07-21T11:31:14,2026-07-21T11:32:02,A,H3,Pellet,19595.1,19559.9,74,48
BATCH-20260721-104,2026-07-21T11:31:00,2026-07-21T11:32:30,2026-07-21T11:32:56,A,H3,Ore,25098.2,25045.7,90,26
BATCH-20260721-105,2026-07-21T11:35:00,2026-07-21T11:35:34,2026-07-21T11:36:07,A,H3,Pellet,13051.3,13092.8,34,33
BATCH-20260721-106,2026-07-21T11:44:00,2026-07-21T11:44:57,2026-07-21T11:45:44,A,H2,Limestone,11846.8,11833.2,57,47
BATCH-20260721-107,2026-07-21T11:45:00,2026-07-21T11:45:50,2026-07-21T11:46:10,A,H2,Coke,14278.8,14241.4,50,20
BATCH-20260721-108,2026-07-21T12:10:00,2026-07-21T12:11:21,2026-07-21T12:11:52,A,H1,Coke,17899.9,17910.8,81,31
BATCH-20260721-109,2026-07-21T12:15:00,2026-07-21T12:16:29,2026-07-21T12:16:51,A,H3,Pellet,16041.7,15977.5,89,22
BATCH-20260721-110,2026-07-21T12:18:00,2026-07-21T12:18:50,2026-07-21T12:19:14,A,H4,Limestone,14234.4,14194.5,50,24
BATCH-20260721-111,2026-07-21T12:22:00,2026-07-21T12:22:57,2026-07-21T12:23:53,A,H1,Sinter,17266.1,17222.6,57,56
BATCH-20260721-112,2026-07-21T12:43:00,2026-07-21T12:43:57,2026-07-21T12:44:35,A,H1,Pellet,18192.1,18167.2,57,38
BATCH-20260721-113,2026-07-21T12:44:00,2026-07-21T12:44:49,2026-07-21T12:45:47,A,H1,Limestone,14389.2,14326.1,49,58
BATCH-20260721-114,2026-07-21T12:54:00,2026-07-21T12:55:03,2026-07-21T12:55:46,A,H1,Sinter,23894.7,23961.0,63,43
BATCH-20260721-115,2026-07-21T13:13:00,2026-07-21T13:13:32,2026-07-21T13:13:54,A,H2,Sinter,20217.0,20214.3,32,22
BATCH-20260721-116,2026-07-21T13:18:00,2026-07-21T13:19:24,2026-07-21T13:20:23,A,H2,Sinter,22015.5,21986.0,84,59
BATCH-20260721-117,2026-07-21T13:43:00,2026-07-21T13:44:06,2026-07-21T13:44:58,A,H4,Ore,20812.6,20765.5,66,52
BATCH-20260721-118,2026-07-21T13:50:00,2026-07-21T13:50:55,2026-07-21T13:51:43,A,H4,Ore,26333.5,26376.0,55,48
BATCH-20260721-119,2026-07-21T13:50:00,2026-07-21T13:50:48,2026-07-21T13:51:26,A,H3,Limestone,13241.7,13290.5,48,38
BATCH-20260721-120,2026-07-21T14:09:00,2026-07-21T14:09:35,2026-07-21T14:09:55,B,H4,Pellet,13222.7,13248.9,35,20
BATCH-20260721-121,2026-07-21T14:09:00,2026-07-21T14:10:21,2026-07-21T14:11:10,B,H2,Coke,16220.0,16245.9,81,49
BATCH-20260721-122,2026-07-21T14:11:00,2026-07-21T14:11:51,2026-07-21T14:12:13,B,H1,Ore,19479.5,19450.0,51,22
BATCH-20260721-123,2026-07-21T14:13:00,2026-07-21T14:13:52,2026-07-21T14:14:52,B,H4,Pellet,12009.9,12009.0,52,60
BATCH-20260721-124,2026-07-21T14:17:00,2026-07-21T14:17:36,2026-07-21T14:18:24,B,H1,Pellet,15342.7,15420.4,36,48
BATCH-20260721-125,2026-07-21T14:18:00,2026-07-21T14:19:09,2026-07-21T14:19:31,B,H2,Limestone,14077.7,14014.2,69,22
BATCH-20260721-126,2026-07-21T14:23:00,2026-07-21T14:23:32,2026-07-21T14:24:05,B,H4,Sinter,24307.0,24321.7,32,33
BATCH-20260721-127,2026-07-21T14:43:00,2026-07-21T14:44:13,2026-07-21T14:45:12,B,H4,Ore,29839.0,29819.1,73,59
BATCH-20260721-128,2026-07-21T14:45:00,2026-07-21T14:45:53,2026-07-21T14:46:22,B,H4,Pellet,17946.9,18013.2,53,29
BATCH-20260721-129,2026-07-21T14:47:00,2026-07-21T14:47:35,2026-07-21T14:48:16,B,H2,Limestone,12759.6,12765.1,35,41
BATCH-20260721-130,2026-07-21T14:49:00,2026-07-21T14:49:38,2026-07-21T14:50:05,B,H2,Coke,10530.5,10527.8,38,27
BATCH-20260721-131,2026-07-21T14:49:00,2026-07-21T14:50:20,2026-07-21T14:51:15,B,H1,Pellet,13907.4,13924.6,80,55
BATCH-20260721-132,2026-07-21T14:52:00,2026-07-21T14:52:45,2026-07-21T14:53:33,B,H4,Pellet,14076.8,14148.2,45,48
BATCH-20260721-133,2026-07-21T15:09:00,2026-07-21T15:09:40,2026-07-21T15:10:03,B,H1,Coke,15474.2,15468.9,40,23
BATCH-20260721-134,2026-07-21T15:11:00,2026-07-21T15:11:32,2026-07-21T15:12:31,B,H3,Coke,14770.1,14768.4,32,59
BATCH-20260721-135,2026-07-21T15:13:00,2026-07-21T15:14:23,2026-07-21T15:15:08,B,H3,Limestone,15100.1,15073.0,83,45
BATCH-20260721-136,2026-07-21T15:29:00,2026-07-21T15:30:15,2026-07-21T15:31:05,B,H1,Pellet,13653.5,13750.0,75,50
BATCH-20260721-137,2026-07-21T15:39:00,2026-07-21T15:40:12,2026-07-21T15:41:08,B,H2,Limestone,10677.2,10698.2,72,56
BATCH-20260721-138,2026-07-21T15:42:00,2026-07-21T15:43:22,2026-07-21T15:43:46,B,H4,Limestone,13702.6,13757.8,82,24
BATCH-20260721-139,2026-07-21T15:48:00,2026-07-21T15:48:55,2026-07-21T15:49:22,B,H4,Coke,15501.3,15482.8,55,27
BATCH-20260721-140,2026-07-21T15:52:00,2026-07-21T15:52:30,2026-07-21T15:53:09,B,H1,Sinter,21340.0,21306.2,30,39
BATCH-20260721-141,2026-07-21T15:53:00,2026-07-21T15:53:51,2026-07-21T15:54:20,B,H3,Sinter,19371.7,19422.9,51,29
BATCH-20260721-142,2026-07-21T16:19:00,2026-07-21T16:19:50,2026-07-21T16:20:49,B,H3,Coke,11554.5,11528.8,50,59
BATCH-20260721-143,2026-07-21T16:31:00,2026-07-21T16:32:12,2026-07-21T16:33:06,B,H4,Limestone,10566.5,10613.2,72,54
BATCH-20260721-144,2026-07-21T16:41:00,2026-07-21T16:41:42,2026-07-21T16:42:05,B,H2,Coke,16854.0,17053.0,42,23
BATCH-20260721-145,2026-07-21T16:52:00,2026-07-21T16:53:29,2026-07-21T16:54:23,B,H3,Limestone,10259.8,10193.7,89,54
BATCH-20260721-146,2026-07-21T17:13:00,2026-07-21T17:14:26,2026-07-21T17:14:52,B,H1,Limestone,12464.8,12418.0,86,26
BATCH-20260721-147,2026-07-21T17:19:00,2026-07-21T17:19:46,2026-07-21T17:20:08,B,H4,Ore,23276.4,23268.6,46,22
BATCH-20260721-148,2026-07-21T17:19:00,2026-07-21T17:20:21,2026-07-21T17:21:00,B,H2,Ore,22766.8,22774.3,81,39
BATCH-20260721-149,2026-07-21T17:26:00,2026-07-21T17:27:06,2026-07-21T17:27:44,B,H3,Pellet,15105.5,15131.1,66,38
BATCH-20260721-150,2026-07-21T17:29:00,2026-07-21T17:29:54,2026-07-21T17:30:47,B,H1,Limestone,11162.8,11162.5,54,53
BATCH-20260721-151,2026-07-21T17:32:00,2026-07-21T17:32:56,2026-07-21T17:33:44,B,H3,Sinter,16543.8,16539.5,56,48
BATCH-20260721-152,2026-07-21T17:40:00,2026-07-21T17:41:01,2026-07-21T17:41:52,B,H1,Coke,17077.3,17053.8,61,51
BATCH-20260721-153,2026-07-21T17:51:00,2026-07-21T17:52:19,2026-07-21T17:53:18,B,H4,Coke,11173.0,11150.0,79,59
BATCH-20260721-154,2026-07-21T18:01:00,2026-07-21T18:01:54,2026-07-21T18:02:26,B,H3,Sinter,15915.5,15951.3,54,32
BATCH-20260721-155,2026-07-21T18:01:00,2026-07-21T18:02:00,2026-07-21T18:02:56,B,H1,Sinter,22437.7,22439.0,60,56
BATCH-20260721-156,2026-07-21T18:19:00,2026-07-21T18:19:51,2026-07-21T18:20:49,B,H3,Ore,24849.6,24767.0,51,58
BATCH-20260721-157,2026-07-21T18:32:00,2026-07-21T18:33:11,2026-07-21T18:33:52,B,H4,Sinter,24273.6,24330.2,71,41
BATCH-20260721-158,2026-07-21T18:37:00,2026-07-21T18:38:10,2026-07-21T18:38:57,B,H2,Limestone,14736.7,14773.4,70,47
BATCH-20260721-159,2026-07-21T18:48:00,2026-07-21T18:48:37,2026-07-21T18:48:57,B,H3,Ore,26065.1,26023.5,37,20
BATCH-20260721-160,2026-07-21T19:04:00,2026-07-21T19:04:48,2026-07-21T19:05:35,B,H2,Sinter,19121.0,19153.7,48,47
BATCH-20260721-161,2026-07-21T19:05:00,2026-07-21T19:05:38,2026-07-21T19:06:26,B,H4,Coke,16444.7,16400.5,38,48
BATCH-20260721-162,2026-07-21T19:32:00,2026-07-21T19:32:50,2026-07-21T19:33:43,B,H2,Ore,23933.5,23960.5,50,53
BATCH-20260721-163,2026-07-21T19:47:00,2026-07-21T19:47:56,2026-07-21T19:48:43,B,H1,Coke,11589.3,11552.5,56,47
BATCH-20260721-164,2026-07-21T20:01:00,2026-07-21T20:02:28,2026-07-21T20:03:18,B,H4,Pellet,18572.8,18433.0,88,50
BATCH-20260721-165,2026-07-21T20:08:00,2026-07-21T20:09:07,2026-07-21T20:10:06,B,H1,Limestone,12152.1,12184.6,67,59
BATCH-20260721-166,2026-07-21T20:08:00,2026-07-21T20:08:36,2026-07-21T20:09:12,B,H1,Pellet,15993.8,16010.6,36,36
BATCH-20260721-167,2026-07-21T20:09:00,2026-07-21T20:10:25,2026-07-21T20:11:21,B,H1,Coke,15784.4,15804.4,85,56
BATCH-20260721-168,2026-07-21T20:14:00,2026-07-21T20:14:35,2026-07-21T20:15:17,B,H4,Pellet,14870.0,14833.2,35,42
BATCH-20260721-169,2026-07-21T20:28:00,2026-07-21T20:29:12,2026-07-21T20:29:32,B,H1,Coke,11569.0,11532.8,72,20
BATCH-20260721-170,2026-07-21T20:30:00,2026-07-21T20:30:32,2026-07-21T20:31:25,B,H1,Ore,24667.2,24633.6,32,53
BATCH-20260721-171,2026-07-21T20:40:00,2026-07-21T20:41:10,2026-07-21T20:41:57,B,H2,Sinter,18399.0,18399.9,70,47
BATCH-20260721-172,2026-07-21T21:02:00,2026-07-21T21:02:52,2026-07-21T21:03:50,B,H3,Coke,12101.6,12121.7,52,58
BATCH-20260721-173,2026-07-21T21:05:00,2026-07-21T21:05:52,2026-07-21T21:06:44,B,H2,Limestone,11428.0,11471.0,52,52
BATCH-20260721-174,2026-07-21T21:06:00,2026-07-21T21:06:55,2026-07-21T21:07:18,B,H3,Sinter,19732.6,19705.9,55,23
BATCH-20260721-175,2026-07-21T21:08:00,2026-07-21T21:08:48,2026-07-21T21:09:26,B,H4,Coke,16787.0,16820.1,48,38
BATCH-20260721-176,2026-07-21T21:12:00,2026-07-21T21:13:27,2026-07-21T21:13:50,B,H3,Coke,12819.3,12787.2,87,23
BATCH-20260721-177,2026-07-21T21:20:00,2026-07-21T21:20:36,2026-07-21T21:20:57,B,H1,Pellet,17314.0,17338.7,36,21
BATCH-20260721-178,2026-07-21T21:21:00,2026-07-21T21:21:40,2026-07-21T21:22:27,B,H4,Pellet,19525.2,19479.5,40,47
BATCH-20260721-179,2026-07-21T21:28:00,2026-07-21T21:28:51,2026-07-21T21:29:48,B,H2,Limestone,12042.0,12031.2,51,57
BATCH-20260721-180,2026-07-21T21:32:00,2026-07-21T21:32:36,2026-07-21T21:33:17,B,H4,Ore,22651.3,22584.7,36,41
BATCH-20260721-181,2026-07-21T21:37:00,2026-07-21T21:38:07,2026-07-21T21:38:35,B,H3,Sinter,22899.1,22767.7,67,28
BATCH-20260721-182,2026-07-21T21:38:00,2026-07-21T21:39:22,2026-07-21T21:40:08,B,H2,Limestone,12334.9,12337.6,82,46
BATCH-20260721-183,2026-07-21T21:59:00,2026-07-21T21:59:54,2026-07-21T22:00:26,B,H3,Limestone,10149.2,10165.1,54,32
BATCH-20260721-184,2026-07-21T22:08:00,2026-07-21T22:08:51,2026-07-21T22:09:43,C,H1,Coke,11733.5,11826.4,51,52
BATCH-20260721-185,2026-07-21T22:12:00,2026-07-21T22:12:40,2026-07-21T22:13:29,C,H3,Coke,15979.5,16037.6,40,49
BATCH-20260721-186,2026-07-21T22:17:00,2026-07-21T22:17:42,2026-07-21T22:18:31,C,H3,Limestone,11232.0,11243.0,42,49
BATCH-20260721-187,2026-07-21T22:24:00,2026-07-21T22:24:57,2026-07-21T22:25:22,C,H4,Coke,17691.6,17693.9,57,25
BATCH-20260721-188,2026-07-21T22:30:00,2026-07-21T22:31:22,2026-07-21T22:31:52,C,H3,Ore,24424.2,24453.8,82,30
BATCH-20260721-189,2026-07-21T22:35:00,2026-07-21T22:35:55,2026-07-21T22:36:15,C,H2,Ore,20847.4,20926.9,55,20
BATCH-20260721-190,2026-07-21T22:42:00,2026-07-21T22:42:44,2026-07-21T22:43:44,C,H2,Pellet,14887.5,14845.0,44,60
BATCH-20260721-191,2026-07-21T22:43:00,2026-07-21T22:44:12,2026-07-21T22:44:32,C,H3,Coke,10220.3,10139.5,72,20
BATCH-20260721-192,2026-07-21T23:09:00,2026-07-21T23:09:53,2026-07-21T23:10:13,C,H2,Limestone,11309.3,11335.2,53,20
BATCH-20260721-193,2026-07-21T23:10:00,2026-07-21T23:11:08,2026-07-21T23:12:03,C,H1,Sinter,24505.7,24442.7,68,55
BATCH-20260721-194,2026-07-21T23:26:00,2026-07-21T23:26:35,2026-07-21T23:27:18,C,H3,Ore,19445.3,19441.0,35,43
BATCH-20260721-195,2026-07-21T23:30:00,2026-07-21T23:30:51,2026-07-21T23:31:23,C,H4,Limestone,13399.6,13425.3,51,32
BATCH-20260721-196,2026-07-21T23:44:00,2026-07-21T23:44:49,2026-07-21T23:45:28,C,H1,Pellet,20283.8,20165.6,49,39
BATCH-20260721-197,2026-07-21T23:46:00,2026-07-21T23:47:27,2026-07-21T23:48:22,C,H1,Ore,19542.9,19601.8,87,55
BATCH-20260721-198,2026-07-21T23:54:00,2026-07-21T23:54:30,2026-07-21T23:55:30,C,H2,Pellet,17314.6,17301.1,30,60
BATCH-20260721-199,2026-07-21T23:55:00,2026-07-21T23:55:48,2026-07-21T23:56:45,C,H3,Ore,20711.0,20655.7,48,57
BATCH-20260721-200,2026-07-21T23:56:00,2026-07-21T23:56:54,2026-07-21T23:57:17,C,H1,Sinter,21060.0,21092.0,54,23
BATCH-20260722-001,2026-07-22T00:18:00,2026-07-22T00:18:36,2026-07-22T00:19:25,C,H3,Coke,17546.6,17542.0,36,49
BATCH-20260722-002,2026-07-22T00:31:00,2026-07-22T00:32:24,2026-07-22T00:33:13,C,H4,Sinter,20835.2,20808.5,84,49
BATCH-20260722-003,2026-07-22T00:33:00,2026-07-22T00:33:55,2026-07-22T00:34:33,C,H4,Pellet,16254.7,16292.9,55,38
BATCH-20260722-004,2026-07-22T00:33:00,2026-07-22T00:34:00,2026-07-22T00:34:40,C,H4,Sinter,15095.5,15177.7,60,40
BATCH-20260722-005,2026-07-22T00:45:00,2026-07-22T00:45:41,2026-07-22T00:46:17,C,H4,Limestone,13356.4,13271.2,41,36
BATCH-20260722-006,2026-07-22T01:11:00,2026-07-22T01:11:51,2026-07-22T01:12:34,C,H1,Ore,24513.3,24403.3,51,43
BATCH-20260722-007,2026-07-22T01:13:00,2026-07-22T01:14:10,2026-07-22T01:14:40,C,H3,Limestone,12932.5,12974.0,70,30
BATCH-20260722-008,2026-07-22T01:17:00,2026-07-22T01:18:16,2026-07-22T01:19:13,C,H1,Limestone,13441.2,13528.1,76,57
BATCH-20260722-009,2026-07-22T01:22:00,2026-07-22T01:23:28,2026-07-22T01:24:01,C,H3,Pellet,16225.5,16259.1,88,33
BATCH-20260722-010,2026-07-22T01:25:00,2026-07-22T01:26:26,2026-07-22T01:27:26,C,H1,Coke,12058.5,12120.3,86,60
BATCH-20260722-011,2026-07-22T01:32:00,2026-07-22T01:32:59,2026-07-22T01:33:55,C,H3,Pellet,21791.4,21735.4,59,56
BATCH-20260722-012,2026-07-22T01:32:00,2026-07-22T01:32:50,2026-07-22T01:33:37,C,H4,Coke,13237.8,13307.8,50,47
BATCH-20260722-013,2026-07-22T01:39:00,2026-07-22T01:39:49,2026-07-22T01:40:11,C,H1,Pellet,21546.0,21500.8,49,22
BATCH-20260722-014,2026-07-22T01:39:00,2026-07-22T01:40:08,2026-07-22T01:40:47,C,H1,Coke,13503.6,13601.2,68,39
BATCH-20260722-015,2026-07-22T01:42:00,2026-07-22T01:43:02,2026-07-22T01:43:46,C,H1,Ore,23925.2,23877.0,62,44
BATCH-20260722-016,2026-07-22T02:05:00,2026-07-22T02:06:16,2026-07-22T02:07:12,C,H3,Limestone,14631.5,14713.5,76,56
BATCH-20260722-017,2026-07-22T02:10:00,2026-07-22T02:10:42,2026-07-22T02:11:24,C,H3,Pellet,21164.9,21205.8,42,42
BATCH-20260722-018,2026-07-22T02:25:00,2026-07-22T02:25:55,2026-07-22T02:26:42,C,H3,Ore,26207.4,26207.9,55,47
BATCH-20260722-019,2026-07-22T02:33:00,2026-07-22T02:34:24,2026-07-22T02:34:44,C,H1,Sinter,16050.7,15768.4,84,20
BATCH-20260722-020,2026-07-22T02:33:00,2026-07-22T02:34:09,2026-07-22T02:34:36,C,H3,Ore,19385.0,19319.1,69,27
BATCH-20260722-021,2026-07-22T02:40:00,2026-07-22T02:41:12,2026-07-22T02:42:11,C,H2,Ore,28540.8,28538.3,72,59
BATCH-20260722-022,2026-07-22T02:59:00,2026-07-22T03:00:11,2026-07-22T03:00:35,C,H4,Pellet,13153.5,13259.6,71,24
BATCH-20260722-023,2026-07-22T03:14:00,2026-07-22T03:14:35,2026-07-22T03:14:56,C,H3,Pellet,12175.6,12217.6,35,21
BATCH-20260722-024,2026-07-22T03:19:00,2026-07-22T03:19:32,2026-07-22T03:20:09,C,H1,Coke,15918.7,15948.1,32,37
BATCH-20260722-025,2026-07-22T03:41:00,2026-07-22T03:42:15,2026-07-22T03:42:46,C,H1,Coke,13514.8,13467.5,75,31
BATCH-20260722-026,2026-07-22T03:43:00,2026-07-22T03:43:46,2026-07-22T03:44:26,C,H4,Ore,20338.5,20402.5,46,40
BATCH-20260722-027,2026-07-22T03:56:00,2026-07-22T03:56:59,2026-07-22T03:57:27,C,H3,Limestone,12440.9,12442.6,59,28
BATCH-20260722-028,2026-07-22T03:59:00,2026-07-22T04:00:18,2026-07-22T04:00:52,C,H3,Limestone,13845.1,13808.2,78,34
BATCH-20260722-029,2026-07-22T04:03:00,2026-07-22T04:03:38,2026-07-22T04:04:32,C,H2,Coke,13066.5,13050.2,38,54
BATCH-20260722-030,2026-07-22T04:07:00,2026-07-22T04:08:04,2026-07-22T04:08:28,C,H4,Sinter,17162.1,17203.8,64,24
BATCH-20260722-031,2026-07-22T04:09:00,2026-07-22T04:09:34,2026-07-22T04:10:09,C,H1,Coke,17400.3,17376.4,34,35
BATCH-20260722-032,2026-07-22T04:20:00,2026-07-22T04:21:26,2026-07-22T04:22:02,C,H4,Sinter,22427.4,22381.8,86,36
BATCH-20260722-033,2026-07-22T04:34:00,2026-07-22T04:35:20,2026-07-22T04:36:17,C,H1,Pellet,21332.1,21359.8,80,57
BATCH-20260722-034,2026-07-22T04:41:00,2026-07-22T04:41:42,2026-07-22T04:42:35,C,H2,Pellet,19317.0,19316.9,42,53
BATCH-20260722-035,2026-07-22T04:56:00,2026-07-22T04:56:44,2026-07-22T04:57:20,C,H4,Pellet,17368.9,17388.3,44,36
BATCH-20260722-036,2026-07-22T04:58:00,2026-07-22T04:58:36,2026-07-22T04:59:02,C,H4,Pellet,21050.8,21145.4,36,26
BATCH-20260722-037,2026-07-22T05:10:00,2026-07-22T05:10:38,2026-07-22T05:11:35,C,H2,Pellet,17816.2,17774.9,38,57
BATCH-20260722-038,2026-07-22T05:14:00,2026-07-22T05:15:15,2026-07-22T05:16:07,C,H2,Pellet,13324.3,13352.3,75,52
BATCH-20260722-039,2026-07-22T05:24:00,2026-07-22T05:25:11,2026-07-22T05:25:34,C,H1,Sinter,16053.2,16054.4,71,23
BATCH-20260722-040,2026-07-22T05:25:00,2026-07-22T05:26:27,2026-07-22T05:26:47,C,H2,Coke,16800.9,16819.1,87,20
BATCH-20260722-041,2026-07-22T05:41:00,2026-07-22T05:41:55,2026-07-22T05:42:19,C,H2,Limestone,13323.6,13364.5,55,24
BATCH-20260722-042,2026-07-22T05:43:00,2026-07-22T05:43:44,2026-07-22T05:44:41,C,H4,Sinter,24502.6,24463.5,44,57
BATCH-20260722-043,2026-07-22T05:46:00,2026-07-22T05:46:39,2026-07-22T05:47:13,C,H3,Pellet,15044.1,15065.6,39,34
BATCH-20260722-044,2026-07-22T05:52:00,2026-07-22T05:52:58,2026-07-22T05:53:37,C,H2,Pellet,13856.0,13903.3,58,39
BATCH-20260722-045,2026-07-22T06:03:00,2026-07-22T06:04:24,2026-07-22T06:05:02,A,H3,Ore,24173.7,24328.1,84,38
BATCH-20260722-046,2026-07-22T06:13:00,2026-07-22T06:13:40,2026-07-22T06:14:32,A,H1,Coke,11575.3,11496.1,40,52
BATCH-20260722-047,2026-07-22T06:20:00,2026-07-22T06:21:15,2026-07-22T06:21:46,A,H2,Limestone,13112.5,13164.9,75,31
BATCH-20260722-048,2026-07-22T06:27:00,2026-07-22T06:27:47,2026-07-22T06:28:18,A,H4,Limestone,14925.8,14907.0,47,31
BATCH-20260722-049,2026-07-22T06:30:00,2026-07-22T06:30:52,2026-07-22T06:31:22,A,H2,Ore,20798.7,20905.1,52,30
BATCH-20260722-050,2026-07-22T06:39:00,2026-07-22T06:40:12,2026-07-22T06:41:07,A,H4,Sinter,18774.6,18852.5,72,55
BATCH-20260722-051,2026-07-22T06:45:00,2026-07-22T06:46:23,2026-07-22T06:47:22,A,H3,Ore,27237.8,27250.8,83,59
BATCH-20260722-052,2026-07-22T06:49:00,2026-07-22T06:49:46,2026-07-22T06:50:15,A,H3,Limestone,14588.4,14600.1,46,29
BATCH-20260722-053,2026-07-22T06:49:00,2026-07-22T06:49:31,2026-07-22T06:49:56,A,H2,Sinter,15324.9,15380.4,31,25
BATCH-20260722-054,2026-07-22T06:50:00,2026-07-22T06:50:42,2026-07-22T06:51:16,A,H1,Ore,24004.0,23951.5,42,34
BATCH-20260722-055,2026-07-22T06:54:00,2026-07-22T06:55:04,2026-07-22T06:55:58,A,H2,Sinter,17304.1,17363.0,64,54
BATCH-20260722-056,2026-07-22T07:06:00,2026-07-22T07:06:42,2026-07-22T07:07:26,A,H4,Coke,16216.9,16259.1,42,44
BATCH-20260722-057,2026-07-22T07:17:00,2026-07-22T07:17:42,2026-07-22T07:18:30,A,H4,Pellet,14309.7,14348.8,42,48
BATCH-20260722-058,2026-07-22T07:20:00,2026-07-22T07:20:53,2026-07-22T07:21:30,A,H1,Limestone,14386.6,14476.5,53,37
BATCH-20260722-059,2026-07-22T07:22:00,2026-07-22T07:22:32,2026-07-22T07:23:05,A,H4,Ore,18460.4,18542.9,32,33
BATCH-20260722-060,2026-07-22T07:24:00,2026-07-22T07:25:07,2026-07-22T07:26:05,A,H1,Limestone,13077.7,13076.5,67,58
BATCH-20260722-061,2026-07-22T07:28:00,2026-07-22T07:28:39,2026-07-22T07:29:16,A,H4,Sinter,18817.3,18797.2,39,37
BATCH-20260722-062,2026-07-22T07:39:00,2026-07-22T07:39:40,2026-07-22T07:40:02,A,H3,Sinter,20081.5,20060.4,40,22
BATCH-20260722-063,2026-07-22T07:42:00,2026-07-22T07:42:37,2026-07-22T07:43:07,A,H3,Ore,20337.6,20357.5,37,30
BATCH-20260722-064,2026-07-22T07:45:00,2026-07-22T07:46:17,2026-07-22T07:46:44,A,H2,Pellet,15988.0,15916.7,77,27
BATCH-20260722-065,2026-07-22T07:45:00,2026-07-22T07:46:26,2026-07-22T07:46:49,A,H2,Ore,26840.8,26568.6,86,23
BATCH-20260722-066,2026-07-22T07:53:00,2026-07-22T07:53:32,2026-07-22T07:54:21,A,H3,Limestone,12275.4,12265.6,32,49
BATCH-20260722-067,2026-07-22T07:57:00,2026-07-22T07:58:15,2026-07-22T07:58:56,A,H1,Sinter,15222.3,15253.9,75,41
BATCH-20260722-068,2026-07-22T07:58:00,2026-07-22T07:59:30,2026-07-22T08:00:21,A,H2,Ore,22152.3,22207.5,90,51
BATCH-20260722-069,2026-07-22T07:58:00,2026-07-22T07:59:20,2026-07-22T08:00:10,A,H4,Limestone,14270.5,14345.8,80,50
BATCH-20260722-070,2026-07-22T08:01:00,2026-07-22T08:01:42,2026-07-22T08:02:33,A,H3,Limestone,12778.6,12815.8,42,51
BATCH-20260722-071,2026-07-22T08:02:00,2026-07-22T08:02:53,2026-07-22T08:03:51,A,H4,Sinter,21887.2,21861.9,53,58
BATCH-20260722-072,2026-07-22T08:05:00,2026-07-22T08:05:59,2026-07-22T08:06:33,A,H1,Coke,12788.0,12940.2,59,34
BATCH-20260722-073,2026-07-22T08:12:00,2026-07-22T08:12:57,2026-07-22T08:13:43,A,H3,Limestone,11199.8,11228.9,57,46
BATCH-20260722-074,2026-07-22T08:13:00,2026-07-22T08:13:46,2026-07-22T08:14:35,A,H3,Limestone,14415.6,14343.2,46,49
BATCH-20260722-075,2026-07-22T08:20:00,2026-07-22T08:21:07,2026-07-22T08:21:39,A,H1,Sinter,19719.6,19694.5,67,32
BATCH-20260722-076,2026-07-22T08:30:00,2026-07-22T08:31:21,2026-07-22T08:32:12,A,H2,Sinter,17523.4,17544.8,81,51
BATCH-20260722-077,2026-07-22T08:35:00,2026-07-22T08:35:48,2026-07-22T08:36:41,A,H3,Sinter,24182.2,24235.5,48,53
BATCH-20260722-078,2026-07-22T08:38:00,2026-07-22T08:38:39,2026-07-22T08:39:17,A,H3,Coke,14572.6,14632.7,39,38
BATCH-20260722-079,2026-07-22T08:39:00,2026-07-22T08:40:18,2026-07-22T08:41:09,A,H1,Coke,12137.7,12159.9,78,51
BATCH-20260722-080,2026-07-22T08:50:00,2026-07-22T08:50:42,2026-07-22T08:51:37,A,H4,Sinter,17401.0,17358.9,42,55
BATCH-20260722-081,2026-07-22T08:59:00,2026-07-22T09:00:03,2026-07-22T09:00:29,A,H2,Coke,13041.6,13051.2,63,26
BATCH-20260722-082,2026-07-22T09:07:00,2026-07-22T09:08:00,2026-07-22T09:08:24,A,H1,Coke,14009.4,14098.2,60,24
BATCH-20260722-083,2026-07-22T09:17:00,2026-07-22T09:18:28,2026-07-22T09:19:21,A,H1,Sinter,15098.5,15146.0,88,53
BATCH-20260722-084,2026-07-22T09:22:00,2026-07-22T09:22:40,2026-07-22T09:23:36,A,H2,Limestone,14624.9,14645.7,40,56
BATCH-20260722-085,2026-07-22T09:25:00,2026-07-22T09:26:17,2026-07-22T09:26:38,A,H3,Sinter,21878.8,21862.2,77,21
BATCH-20260722-086,2026-07-22T09:33:00,2026-07-22T09:34:17,2026-07-22T09:34:42,A,H1,Ore,21384.1,21442.9,77,25
BATCH-20260722-087,2026-07-22T09:34:00,2026-07-22T09:34:37,2026-07-22T09:35:11,A,H3,Ore,29340.2,29315.3,37,34
BATCH-20260722-088,2026-07-22T09:36:00,2026-07-22T09:37:24,2026-07-22T09:38:06,A,H3,Coke,13414.4,13387.3,84,42
BATCH-20260722-089,2026-07-22T09:44:00,2026-07-22T09:44:58,2026-07-22T09:45:36,A,H2,Limestone,12365.7,12416.8,58,38
BATCH-20260722-090,2026-07-22T10:07:00,2026-07-22T10:07:36,2026-07-22T10:08:25,A,H1,Coke,14278.6,14285.3,36,49
BATCH-20260722-091,2026-07-22T10:09:00,2026-07-22T10:09:35,2026-07-22T10:10:00,A,H2,Coke,13083.2,13039.9,35,25
BATCH-20260722-092,2026-07-22T10:09:00,2026-07-22T10:09:58,2026-07-22T10:10:23,A,H1,Sinter,19278.2,19261.8,58,25
BATCH-20260722-093,2026-07-22T10:27:00,2026-07-22T10:28:29,2026-07-22T10:29:19,A,H4,Coke,14252.5,14213.0,89,50
BATCH-20260722-094,2026-07-22T10:57:00,2026-07-22T10:58:05,2026-07-22T10:58:35,A,H4,Coke,15263.1,15272.2,65,30
BATCH-20260722-095,2026-07-22T10:58:00,2026-07-22T10:58:32,2026-07-22T10:59:18,A,H2,Limestone,14740.1,14723.0,32,46
BATCH-20260722-096,2026-07-22T11:04:00,2026-07-22T11:04:58,2026-07-22T11:05:20,A,H3,Ore,20852.7,20786.7,58,22
BATCH-20260722-097,2026-07-22T11:12:00,2026-07-22T11:13:13,2026-07-22T11:14:02,A,H3,Coke,11462.9,11449.3,73,49
BATCH-20260722-098,2026-07-22T11:24:00,2026-07-22T11:25:23,2026-07-22T11:25:52,A,H3,Limestone,15347.3,15341.6,83,29
BATCH-20260722-099,2026-07-22T11:31:00,2026-07-22T11:31:31,2026-07-22T11:32:18,A,H4,Coke,14788.3,14738.6,31,47
BATCH-20260722-100,2026-07-22T11:36:00,2026-07-22T11:37:13,2026-07-22T11:37:39,A,H3,Coke,17650.6,17629.8,73,26
BATCH-20260722-101,2026-07-22T11:36:00,2026-07-22T11:36:46,2026-07-22T11:37:30,A,H4,Coke,17306.0,17266.1,46,44
BATCH-20260722-102,2026-07-22T11:40:00,2026-07-22T11:40:58,2026-07-22T11:41:35,A,H3,Pellet,21159.7,21116.6,58,37
BATCH-20260722-103,2026-07-22T11:47:00,2026-07-22T11:48:26,2026-07-22T11:49:02,A,H2,Limestone,11557.5,11525.8,86,36
BATCH-20260722-104,2026-07-22T11:52:00,2026-07-22T11:53:06,2026-07-22T11:54:01,A,H3,Limestone,14660.8,14681.0,66,55
BATCH-20260722-105,2026-07-22T11:58:00,2026-07-22T11:59:05,2026-07-22T11:59:43,A,H4,Coke,17314.9,17304.9,65,38
BATCH-20260722-106,2026-07-22T12:04:00,2026-07-22T12:05:09,2026-07-22T12:05:46,A,H3,Pellet,15860.9,15855.3,69,37
BATCH-20260722-107,2026-07-22T12:05:00,2026-07-22T12:06:13,2026-07-22T12:07:12,A,H1,Ore,21379.9,21311.5,73,59
BATCH-20260722-108,2026-07-22T12:05:00,2026-07-22T12:05:40,2026-07-22T12:06:28,A,H3,Ore,27937.8,27910.8,40,48
BATCH-20260722-109,2026-07-22T12:33:00,2026-07-22T12:33:35,2026-07-22T12:34:01,A,H4,Limestone,11604.5,11673.8,35,26
BATCH-20260722-110,2026-07-22T12:42:00,2026-07-22T12:42:38,2026-07-22T12:43:12,A,H1,Coke,16800.5,16770.3,38,34
BATCH-20260722-111,2026-07-22T12:43:00,2026-07-22T12:44:02,2026-07-22T12:44:35,A,H2,Sinter,22810.5,22779.8,62,33
BATCH-20260722-112,2026-07-22T12:43:00,2026-07-22T12:44:14,2026-07-22T12:44:59,A,H4,Coke,10048.8,10095.2,74,45
BATCH-20260722-113,2026-07-22T12:47:00,2026-07-22T12:48:24,2026-07-22T12:48:52,A,H2,Limestone,13788.8,13776.8,84,28
BATCH-20260722-114,2026-07-22T12:48:00,2026-07-22T12:48:49,2026-07-22T12:49:13,A,H4,Sinter,23858.5,23913.0,49,24
BATCH-20260722-115,2026-07-22T13:08:00,2026-07-22T13:09:30,2026-07-22T13:10:14,A,H2,Limestone,11572.6,11602.8,90,44
BATCH-20260722-116,2026-07-22T13:15:00,2026-07-22T13:15:47,2026-07-22T13:16:47,A,H3,Coke,10435.6,10449.4,47,60
BATCH-20260722-117,2026-07-22T13:27:00,2026-07-22T13:28:02,2026-07-22T13:28:44,A,H4,Coke,10129.6,10070.1,62,42
BATCH-20260722-118,2026-07-22T13:31:00,2026-07-22T13:31:54,2026-07-22T13:32:44,A,H3,Coke,16628.4,16664.1,54,50
BATCH-20260722-119,2026-07-22T13:45:00,2026-07-22T13:46:27,2026-07-22T13:46:50,A,H2,Sinter,21955.3,21995.2,87,23
BATCH-20260722-120,2026-07-22T13:50:00,2026-07-22T13:51:08,2026-07-22T13:51:56,A,H3,Sinter,18888.9,18870.3,68,48
BATCH-20260722-121,2026-07-22T13:52:00,2026-07-22T13:52:41,2026-07-22T13:53:27,A,H4,Limestone,14084.7,14095.0,41,46
BATCH-20260722-122,2026-07-22T13:57:00,2026-07-22T13:57:34,2026-07-22T13:58:18,A,H2,Coke,16033.6,16044.2,34,44
BATCH-20260722-123,2026-07-22T14:01:00,2026-07-22T14:01:58,2026-07-22T14:02:20,B,H1,Limestone,15137.4,15077.4,58,22
BATCH-20260722-124,2026-07-22T14:11:00,2026-07-22T14:12:26,2026-07-22T14:12:55,B,H2,Pellet,16482.5,16463.6,86,29
BATCH-20260722-125,2026-07-22T14:13:00,2026-07-22T14:14:18,2026-07-22T14:15:02,B,H1,Sinter,17461.4,17435.0,78,44
BATCH-20260722-126,2026-07-22T14:21:00,2026-07-22T14:21:44,2026-07-22T14:22:32,B,H3,Sinter,23762.2,23241.3,44,48
BATCH-20260722-127,2026-07-22T14:24:00,2026-07-22T14:25:29,2026-07-22T14:26:02,B,H3,Coke,16329.2,16279.0,89,33
BATCH-20260722-128,2026-07-22T14:27:00,2026-07-22T14:28:01,2026-07-22T14:28:46,B,H4,Limestone,14296.8,14355.9,61,45
BATCH-20260722-129,2026-07-22T14:29:00,2026-07-22T14:29:48,2026-07-22T14:30:29,B,H2,Ore,21691.5,21608.1,48,41
BATCH-20260722-130,2026-07-22T14:32:00,2026-07-22T14:32:38,2026-07-22T14:32:58,B,H4,Coke,17461.2,17469.1,38,20
BATCH-20260722-131,2026-07-22T14:34:00,2026-07-22T14:34:59,2026-07-22T14:35:47,B,H3,Limestone,14040.6,14067.6,59,48
BATCH-20260722-132,2026-07-22T14:43:00,2026-07-22T14:43:44,2026-07-22T14:44:09,B,H3,Limestone,13274.6,13101.0,44,25
BATCH-20260722-133,2026-07-22T14:49:00,2026-07-22T14:49:34,2026-07-22T14:50:24,B,H1,Pellet,21566.2,21605.9,34,50
BATCH-20260722-134,2026-07-22T14:55:00,2026-07-22T14:56:26,2026-07-22T14:57:16,B,H3,Coke,16924.2,16983.9,86,50
BATCH-20260722-135,2026-07-22T14:57:00,2026-07-22T14:58:26,2026-07-22T14:59:07,B,H4,Coke,12676.9,12710.7,86,41
BATCH-20260722-136,2026-07-22T15:06:00,2026-07-22T15:07:00,2026-07-22T15:07:50,B,H1,Pellet,15080.8,15032.0,60,50
BATCH-20260722-137,2026-07-22T15:21:00,2026-07-22T15:22:08,2026-07-22T15:22:40,B,H1,Sinter,18846.8,18715.6,68,32
BATCH-20260722-138,2026-07-22T15:28:00,2026-07-22T15:29:21,2026-07-22T15:29:57,B,H1,Limestone,13163.0,13134.3,81,36
BATCH-20260722-139,2026-07-22T15:37:00,2026-07-22T15:38:18,2026-07-22T15:38:45,B,H3,Pellet,15181.5,15137.2,78,27
BATCH-20260722-140,2026-07-22T15:46:00,2026-07-22T15:46:54,2026-07-22T15:47:24,B,H1,Limestone,10751.2,10773.2,54,30
BATCH-20260722-141,2026-07-22T15:51:00,2026-07-22T15:51:35,2026-07-22T15:52:34,B,H3,Sinter,21170.4,21124.6,35,59
BATCH-20260722-142,2026-07-22T15:52:00,2026-07-22T15:53:12,2026-07-22T15:54:10,B,H4,Ore,25805.0,25765.3,72,58
BATCH-20260722-143,2026-07-22T16:06:00,2026-07-22T16:06:54,2026-07-22T16:07:49,B,H3,Pellet,17647.8,17638.3,54,55
BATCH-20260722-144,2026-07-22T16:13:00,2026-07-22T16:13:37,2026-07-22T16:13:57,B,H4,Sinter,21815.2,21844.7,37,20
BATCH-20260722-145,2026-07-22T16:22:00,2026-07-22T16:22:37,2026-07-22T16:23:07,B,H1,Ore,23073.8,23132.5,37,30
BATCH-20260722-146,2026-07-22T16:23:00,2026-07-22T16:23:57,2026-07-22T16:24:18,B,H1,Sinter,22275.6,22306.1,57,21
BATCH-20260722-147,2026-07-22T16:28:00,2026-07-22T16:29:20,2026-07-22T16:30:08,B,H3,Sinter,18606.6,18791.4,80,48
BATCH-20260722-148,2026-07-22T16:32:00,2026-07-22T16:32:31,2026-07-22T16:33:19,B,H1,Ore,19332.8,19392.7,31,48
BATCH-20260722-149,2026-07-22T16:38:00,2026-07-22T16:39:29,2026-07-22T16:40:25,B,H1,Sinter,24941.5,24893.6,89,56
BATCH-20260722-150,2026-07-22T16:47:00,2026-07-22T16:48:15,2026-07-22T16:48:58,B,H3,Limestone,15246.7,15148.0,75,43
BATCH-20260722-151,2026-07-22T16:50:00,2026-07-22T16:51:29,2026-07-22T16:52:08,B,H4,Limestone,15187.8,15180.5,89,39
BATCH-20260722-152,2026-07-22T16:52:00,2026-07-22T16:52:46,2026-07-22T16:53:45,B,H2,Ore,19299.9,19304.5,46,59
BATCH-20260722-153,2026-07-22T16:58:00,2026-07-22T16:58:34,2026-07-22T16:59:00,B,H1,Ore,27925.0,27909.2,34,26
BATCH-20260722-154,2026-07-22T16:59:00,2026-07-22T17:00:28,2026-07-22T17:01:08,B,H2,Pellet,14641.5,14643.7,88,40
BATCH-20260722-155,2026-07-22T17:00:00,2026-07-22T17:00:32,2026-07-22T17:01:14,B,H1,Pellet,21418.9,21882.0,32,42
BATCH-20260722-156,2026-07-22T17:08:00,2026-07-22T17:09:20,2026-07-22T17:09:46,B,H4,Ore,19846.5,19937.1,80,26
BATCH-20260722-157,2026-07-22T17:08:00,2026-07-22T17:08:35,2026-07-22T17:09:17,B,H2,Ore,21185.6,21320.1,35,42
BATCH-20260722-158,2026-07-22T17:28:00,2026-07-22T17:28:55,2026-07-22T17:29:31,B,H4,Pellet,14948.5,14922.1,55,36
BATCH-20260722-159,2026-07-22T17:29:00,2026-07-22T17:29:54,2026-07-22T17:30:50,B,H4,Limestone,12237.0,12167.6,54,56
BATCH-20260722-160,2026-07-22T17:30:00,2026-07-22T17:31:02,2026-07-22T17:31:32,B,H4,Coke,13845.3,13775.8,62,30
BATCH-20260722-161,2026-07-22T17:42:00,2026-07-22T17:43:04,2026-07-22T17:44:02,B,H2,Pellet,13449.6,13469.2,64,58
BATCH-20260722-162,2026-07-22T17:50:00,2026-07-22T17:51:01,2026-07-22T17:51:55,B,H1,Sinter,19966.3,19967.2,61,54
BATCH-20260722-163,2026-07-22T18:12:00,2026-07-22T18:12:54,2026-07-22T18:13:41,B,H3,Pellet,20649.8,20614.2,54,47
BATCH-20260722-164,2026-07-22T18:26:00,2026-07-22T18:26:30,2026-07-22T18:27:07,B,H4,Pellet,14601.9,14599.2,30,37
BATCH-20260722-165,2026-07-22T18:27:00,2026-07-22T18:27:34,2026-07-22T18:28:01,B,H4,Sinter,20539.2,20476.3,34,27
BATCH-20260722-166,2026-07-22T18:44:00,2026-07-22T18:45:26,2026-07-22T18:46:05,B,H1,Pellet,17785.4,17714.0,86,39
BATCH-20260722-167,2026-07-22T18:44:00,2026-07-22T18:44:32,2026-07-22T18:45:19,B,H2,Coke,12913.7,12861.6,32,47
BATCH-20260722-168,2026-07-22T18:45:00,2026-07-22T18:46:20,2026-07-22T18:46:46,B,H1,Limestone,10039.5,10097.9,80,26
BATCH-20260722-169,2026-07-22T19:03:00,2026-07-22T19:04:21,2026-07-22T19:05:18,B,H4,Limestone,11039.9,11089.7,81,57
BATCH-20260722-170,2026-07-22T19:10:00,2026-07-22T19:11:13,2026-07-22T19:11:41,B,H4,Ore,20975.0,20934.8,73,28
BATCH-20260722-171,2026-07-22T19:10:00,2026-07-22T19:11:11,2026-07-22T19:11:33,B,H4,Limestone,12099.2,12118.7,71,22
BATCH-20260722-172,2026-07-22T19:15:00,2026-07-22T19:15:35,2026-07-22T19:16:18,B,H3,Pellet,18962.8,18952.6,35,43
BATCH-20260722-173,2026-07-22T19:34:00,2026-07-22T19:35:20,2026-07-22T19:36:00,B,H4,Coke,15092.5,15051.6,80,40
BATCH-20260722-174,2026-07-22T19:48:00,2026-07-22T19:48:44,2026-07-22T19:49:06,B,H1,Coke,17892.3,17970.6,44,22
BATCH-20260722-175,2026-07-22T20:10:00,2026-07-22T20:11:27,2026-07-22T20:12:17,B,H1,Coke,15038.1,14962.9,87,50
BATCH-20260722-176,2026-07-22T20:16:00,2026-07-22T20:16:50,2026-07-22T20:17:24,B,H4,Coke,17856.5,17874.0,50,34
BATCH-20260722-177,2026-07-22T20:24:00,2026-07-22T20:25:19,2026-07-22T20:26:02,B,H4,Sinter,17878.7,17778.7,79,43
BATCH-20260722-178,2026-07-22T20:37:00,2026-07-22T20:37:55,2026-07-22T20:38:26,B,H1,Ore,18267.1,18165.0,55,31
BATCH-20260722-179,2026-07-22T20:48:00,2026-07-22T20:49:12,2026-07-22T20:50:07,B,H3,Pellet,12670.7,12713.0,72,55
BATCH-20260722-180,2026-07-22T21:10:00,2026-07-22T21:11:17,2026-07-22T21:12:10,B,H1,Pellet,21970.3,21969.1,77,53
BATCH-20260722-181,2026-07-22T21:12:00,2026-07-22T21:12:58,2026-07-22T21:13:22,B,H3,Limestone,12034.1,12058.0,58,24
BATCH-20260722-182,2026-07-22T21:14:00,2026-07-22T21:15:25,2026-07-22T21:16:25,B,H4,Sinter,16244.1,16251.7,85,60
BATCH-20260722-183,2026-07-22T21:20:00,2026-07-22T21:20:52,2026-07-22T21:21:36,B,H2,Pellet,12080.4,12053.8,52,44
BATCH-20260722-184,2026-07-22T21:27:00,2026-07-22T21:27:45,2026-07-22T21:28:43,B,H4,Ore,24135.7,24091.1,45,58
BATCH-20260722-185,2026-07-22T21:34:00,2026-07-22T21:35:13,2026-07-22T21:35:47,B,H2,Coke,10248.8,10153.1,73,34
BATCH-20260722-186,2026-07-22T21:39:00,2026-07-22T21:39:45,2026-07-22T21:40:18,B,H2,Ore,25856.9,25817.0,45,33
BATCH-20260722-187,2026-07-22T21:42:00,2026-07-22T21:42:38,2026-07-22T21:43:08,B,H2,Ore,22616.9,22638.9,38,30
BATCH-20260722-188,2026-07-22T22:00:00,2026-07-22T22:00:31,2026-07-22T22:00:55,C,H2,Coke,12729.5,12652.0,31,24
BATCH-20260722-189,2026-07-22T22:07:00,2026-07-22T22:08:05,2026-07-22T22:09:05,C,H4,Ore,28256.4,28295.7,65,60
BATCH-20260722-190,2026-07-22T22:15:00,2026-07-22T22:16:25,2026-07-22T22:17:04,C,H3,Sinter,16318.8,16328.6,85,39
BATCH-20260722-191,2026-07-22T22:16:00,2026-07-22T22:16:33,2026-07-22T22:17:27,C,H2,Pellet,20341.9,20287.1,33,54
BATCH-20260722-192,2026-07-22T22:23:00,2026-07-22T22:23:54,2026-07-22T22:24:32,C,H4,Limestone,15507.7,15518.0,54,38
BATCH-20260722-193,2026-07-22T22:30:00,2026-07-22T22:30:33,2026-07-22T22:31:19,C,H3,Ore,25404.7,25351.3,33,46
BATCH-20260722-194,2026-07-22T22:37:00,2026-07-22T22:37:33,2026-07-22T22:38:31,C,H3,Pellet,17354.2,17401.0,33,58
BATCH-20260722-195,2026-07-22T22:39:00,2026-07-22T22:40:25,2026-07-22T22:40:58,C,H4,Ore,21226.8,21230.4,85,33
BATCH-20260722-196,2026-07-22T22:51:00,2026-07-22T22:52:27,2026-07-22T22:53:03,C,H3,Limestone,10868.3,10942.1,87,36
BATCH-20260722-197,2026-07-22T23:35:00,2026-07-22T23:35:35,2026-07-22T23:36:20,C,H3,Limestone,14625.7,14593.4,35,45
BATCH-20260722-198,2026-07-22T23:36:00,2026-07-22T23:36:42,2026-07-22T23:37:07,C,H1,Coke,10317.6,10320.8,42,25
BATCH-20260722-199,2026-07-22T23:54:00,2026-07-22T23:55:25,2026-07-22T23:56:08,C,H4,Pellet,12738.2,12718.5,85,43
BATCH-20260722-200,2026-07-22T23:56:00,2026-07-22T23:56:56,2026-07-22T23:57:38,C,H3,Pellet,14825.7,14804.0,56,42
BATCH-20260723-001,2026-07-23T00:05:00,2026-07-23T00:06:00,2026-07-23T00:06:57,C,H3,Coke,10822.2,10871.8,60,57
BATCH-20260723-002,2026-07-23T00:06:00,2026-07-23T00:07:23,2026-07-23T00:07:52,C,H4,Sinter,17178.2,17221.1,83,29
BATCH-20260723-003,2026-07-23T00:07:00,2026-07-23T00:08:15,2026-07-23T00:08:37,C,H1,Ore,26430.5,26400.3,75,22
BATCH-20260723-004,2026-07-23T00:19:00,2026-07-23T00:20:13,2026-07-23T00:20:58,C,H4,Pellet,17661.2,17687.4,73,45
BATCH-20260723-005,2026-07-23T00:20:00,2026-07-23T00:21:26,2026-07-23T00:21:48,C,H1,Pellet,12668.3,12738.9,86,22
BATCH-20260723-006,2026-07-23T00:21:00,2026-07-23T00:22:26,2026-07-23T00:22:48,C,H4,Sinter,23970.2,23954.4,86,22
BATCH-20260723-007,2026-07-23T00:24:00,2026-07-23T00:25:11,2026-07-23T00:25:49,C,H3,Coke,17257.1,17250.2,71,38
BATCH-20260723-008,2026-07-23T00:24:00,2026-07-23T00:24:57,2026-07-23T00:25:43,C,H3,Sinter,15918.4,15913.2,57,46
BATCH-20260723-009,2026-07-23T00:30:00,2026-07-23T00:30:56,2026-07-23T00:31:45,C,H3,Sinter,22615.5,22624.2,56,49
BATCH-20260723-010,2026-07-23T00:48:00,2026-07-23T00:49:16,2026-07-23T00:49:59,C,H2,Pellet,13113.4,13065.2,76,43
BATCH-20260723-011,2026-07-23T00:51:00,2026-07-23T00:51:54,2026-07-23T00:52:20,C,H3,Sinter,24598.9,24495.6,54,26
BATCH-20260723-012,2026-07-23T00:53:00,2026-07-23T00:54:15,2026-07-23T00:55:10,C,H1,Pellet,13470.5,13439.9,75,55
BATCH-20260723-013,2026-07-23T00:56:00,2026-07-23T00:57:15,2026-07-23T00:58:04,C,H3,Sinter,20278.7,20216.3,75,49
BATCH-20260723-014,2026-07-23T01:13:00,2026-07-23T01:14:30,2026-07-23T01:15:07,C,H4,Ore,27361.0,27234.6,90,37
BATCH-20260723-015,2026-07-23T01:17:00,2026-07-23T01:17:36,2026-07-23T01:18:33,C,H1,Limestone,12373.2,12383.8,36,57
BATCH-20260723-016,2026-07-23T01:19:00,2026-07-23T01:19:36,2026-07-23T01:20:06,C,H3,Sinter,20717.9,20523.9,36,30
BATCH-20260723-017,2026-07-23T01:23:00,2026-07-23T01:24:23,2026-07-23T01:25:05,C,H4,Coke,12996.6,13051.0,83,42
BATCH-20260723-018,2026-07-23T01:32:00,2026-07-23T01:32:37,2026-07-23T01:33:22,C,H2,Sinter,17930.5,17876.3,37,45
BATCH-20260723-019,2026-07-23T01:37:00,2026-07-23T01:38:13,2026-07-23T01:38:41,C,H2,Sinter,22534.4,23158.7,73,28
BATCH-20260723-020,2026-07-23T01:37:00,2026-07-23T01:38:06,2026-07-23T01:38:42,C,H2,Sinter,15109.4,15092.0,66,36
BATCH-20260723-021,2026-07-23T01:57:00,2026-07-23T01:58:21,2026-07-23T01:59:16,C,H3,Ore,19197.5,19205.7,81,55
BATCH-20260723-022,2026-07-23T02:03:00,2026-07-23T02:03:57,2026-07-23T02:04:42,C,H3,Coke,10830.9,10839.7,57,45
BATCH-20260723-023,2026-07-23T02:06:00,2026-07-23T02:06:55,2026-07-23T02:07:36,C,H4,Coke,11421.7,11426.1,55,41
BATCH-20260723-024,2026-07-23T02:08:00,2026-07-23T02:08:38,2026-07-23T02:09:23,C,H2,Sinter,23154.1,23183.7,38,45
BATCH-20260723-025,2026-07-23T02:12:00,2026-07-23T02:12:40,2026-07-23T02:13:17,C,H4,Sinter,23595.2,23577.3,40,37
BATCH-20260723-026,2026-07-23T02:13:00,2026-07-23T02:13:32,2026-07-23T02:14:03,C,H1,Coke,11004.2,11038.8,32,31
BATCH-20260723-027,2026-07-23T02:24:00,2026-07-23T02:24:39,2026-07-23T02:25:02,C,H3,Coke,10929.0,10921.7,39,23
BATCH-20260723-028,2026-07-23T02:29:00,2026-07-23T02:30:29,2026-07-23T02:31:23,C,H2,Sinter,23419.0,23538.1,89,54
BATCH-20260723-029,2026-07-23T02:33:00,2026-07-23T02:33:37,2026-07-23T02:34:35,C,H1,Sinter,17291.1,17342.5,37,58
BATCH-20260723-030,2026-07-23T02:45:00,2026-07-23T02:46:06,2026-07-23T02:46:34,C,H3,Limestone,13775.8,13808.5,66,28
BATCH-20260723-031,2026-07-23T02:49:00,2026-07-23T02:49:46,2026-07-23T02:50:16,C,H3,Sinter,15084.7,15115.4,46,30
BATCH-20260723-032,2026-07-23T03:01:00,2026-07-23T03:01:33,2026-07-23T03:02:03,C,H2,Coke,10914.1,10906.4,33,30
BATCH-20260723-033,2026-07-23T03:26:00,2026-07-23T03:27:13,2026-07-23T03:28:03,C,H3,Coke,13094.0,13038.4,73,50
BATCH-20260723-034,2026-07-23T03:37:00,2026-07-23T03:38:18,2026-07-23T03:39:06,C,H4,Sinter,21326.2,21351.8,78,48
BATCH-20260723-035,2026-07-23T03:48:00,2026-07-23T03:49:11,2026-07-23T03:50:07,C,H3,Pellet,18812.6,18786.1,71,56
BATCH-20260723-036,2026-07-23T03:53:00,2026-07-23T03:54:17,2026-07-23T03:54:49,C,H4,Limestone,12215.1,12295.5,77,32
BATCH-20260723-037,2026-07-23T04:04:00,2026-07-23T04:05:11,2026-07-23T04:06:09,C,H2,Pellet,13174.8,13137.6,71,58
BATCH-20260723-038,2026-07-23T04:04:00,2026-07-23T04:04:55,2026-07-23T04:05:52,C,H2,Ore,19878.2,19892.5,55,57
BATCH-20260723-039,2026-07-23T04:08:00,2026-07-23T04:08:33,2026-07-23T04:09:29,C,H1,Limestone,14342.2,14352.4,33,56
BATCH-20260723-040,2026-07-23T04:16:00,2026-07-23T04:16:57,2026-07-23T04:17:56,C,H4,Limestone,14851.0,14839.6,57,59
BATCH-20260723-041,2026-07-23T04:26:00,2026-07-23T04:27:08,2026-07-23T04:28:01,C,H1,Coke,10191.5,10218.3,68,53
BATCH-20260723-042,2026-07-23T04:33:00,2026-07-23T04:34:23,2026-07-23T04:34:55,C,H4,Sinter,19951.7,20025.2,83,32
BATCH-20260723-043,2026-07-23T04:37:00,2026-07-23T04:37:45,2026-07-23T04:38:21,C,H3,Limestone,13900.2,13876.2,45,36
BATCH-20260723-044,2026-07-23T04:38:00,2026-07-23T04:39:11,2026-07-23T04:40:11,C,H2,Ore,29481.8,29497.4,71,60
BATCH-20260723-045,2026-07-23T04:38:00,2026-07-23T04:38:48,2026-07-23T04:39:21,C,H1,Ore,24648.7,24595.0,48,33
BATCH-20260723-046,2026-07-23T04:43:00,2026-07-23T04:44:19,2026-07-23T04:45:06,C,H1,Pellet,17865.9,17869.1,79,47
BATCH-20260723-047,2026-07-23T04:44:00,2026-07-23T04:44:39,2026-07-23T04:44:59,C,H2,Sinter,24019.0,23972.5,39,20
BATCH-20260723-048,2026-07-23T04:48:00,2026-07-23T04:48:46,2026-07-23T04:49:14,C,H4,Ore,28242.9,28197.1,46,28
BATCH-20260723-049,2026-07-23T04:53:00,2026-07-23T04:53:57,2026-07-23T04:54:23,C,H2,Limestone,13519.1,13524.5,57,26
BATCH-20260723-050,2026-07-23T05:04:00,2026-07-23T05:04:55,2026-07-23T05:05:31,C,H2,Ore,19518.7,19543.6,55,36
BATCH-20260723-051,2026-07-23T05:11:00,2026-07-23T05:12:16,2026-07-23T05:12:49,C,H4,Limestone,13941.3,13911.8,76,33
BATCH-20260723-052,2026-07-23T05:19:00,2026-07-23T05:19:52,2026-07-23T05:20:36,C,H1,Pellet,19130.4,19116.1,52,44
BATCH-20260723-053,2026-07-23T05:27:00,2026-07-23T05:28:02,2026-07-23T05:28:28,C,H1,Sinter,21467.4,21410.5,62,26
BATCH-20260723-054,2026-07-23T06:14:00,2026-07-23T06:15:20,2026-07-23T06:16:05,A,H1,Sinter,24709.4,24803.2,80,45
BATCH-20260723-055,2026-07-23T06:18:00,2026-07-23T06:19:10,2026-07-23T06:19:44,A,H2,Limestone,15727.3,15679.3,70,34
BATCH-20260723-056,2026-07-23T06:25:00,2026-07-23T06:25:49,2026-07-23T06:26:45,A,H4,Limestone,10419.3,10403.2,49,56
BATCH-20260723-057,2026-07-23T06:32:00,2026-07-23T06:33:14,2026-07-23T06:33:59,A,H3,Coke,12631.0,12590.2,74,45
BATCH-20260723-058,2026-07-23T06:37:00,2026-07-23T06:37:47,2026-07-23T06:38:16,A,H3,Coke,14241.9,14227.0,47,29
BATCH-20260723-059,2026-07-23T06:42:00,2026-07-23T06:42:45,2026-07-23T06:43:20,A,H1,Pellet,16063.5,15974.8,45,35
BATCH-20260723-060,2026-07-23T06:44:00,2026-07-23T06:44:58,2026-07-23T06:45:40,A,H2,Pellet,20782.1,20745.7,58,42
BATCH-20260723-061,2026-07-23T06:47:00,2026-07-23T06:47:50,2026-07-23T06:48:39,A,H1,Pellet,20010.2,20008.5,50,49
BATCH-20260723-062,2026-07-23T06:47:00,2026-07-23T06:47:41,2026-07-23T06:48:34,A,H2,Pellet,13154.0,13188.2,41,53
BATCH-20260723-063,2026-07-23T06:50:00,2026-07-23T06:51:02,2026-07-23T06:52:01,A,H4,Ore,18661.1,18694.8,62,59
BATCH-20260723-064,2026-07-23T06:50:00,2026-07-23T06:50:48,2026-07-23T06:51:40,A,H3,Pellet,19871.6,19929.1,48,52
BATCH-20260723-065,2026-07-23T07:02:00,2026-07-23T07:03:28,2026-07-23T07:04:19,A,H1,Sinter,21692.1,21654.7,88,51
BATCH-20260723-066,2026-07-23T07:04:00,2026-07-23T07:05:13,2026-07-23T07:05:53,A,H2,Coke,14894.9,14852.1,73,40
BATCH-20260723-067,2026-07-23T07:13:00,2026-07-23T07:14:17,2026-07-23T07:14:52,A,H1,Limestone,10440.6,10383.5,77,35
BATCH-20260723-068,2026-07-23T07:20:00,2026-07-23T07:20:32,2026-07-23T07:20:59,A,H4,Coke,16773.0,16755.0,32,27
BATCH-20260723-069,2026-07-23T07:22:00,2026-07-23T07:23:01,2026-07-23T07:24:00,A,H2,Ore,23206.3,23219.7,61,59
BATCH-20260723-070,2026-07-23T07:23:00,2026-07-23T07:24:21,2026-07-23T07:24:49,A,H1,Limestone,14618.4,14651.2,81,28
BATCH-20260723-071,2026-07-23T07:49:00,2026-07-23T07:50:11,2026-07-23T07:51:00,A,H2,Coke,12270.1,12202.2,71,49
BATCH-20260723-072,2026-07-23T07:50:00,2026-07-23T07:51:07,2026-07-23T07:51:31,A,H4,Pellet,18624.0,18607.0,67,24
BATCH-20260723-073,2026-07-23T07:59:00,2026-07-23T07:59:59,2026-07-23T08:00:33,A,H2,Coke,13955.5,13932.7,59,34
BATCH-20260723-074,2026-07-23T08:02:00,2026-07-23T08:02:53,2026-07-23T08:03:49,A,H4,Ore,29093.4,29078.0,53,56
BATCH-20260723-075,2026-07-23T08:11:00,2026-07-23T08:11:31,2026-07-23T08:12:26,A,H3,Coke,13367.8,13343.7,31,55
BATCH-20260723-076,2026-07-23T09:02:00,2026-07-23T09:03:26,2026-07-23T09:03:56,A,H2,Coke,14828.1,14771.9,86,30
BATCH-20260723-077,2026-07-23T09:10:00,2026-07-23T09:11:23,2026-07-23T09:11:59,A,H4,Coke,16113.9,16138.2,83,36
BATCH-20260723-078,2026-07-23T09:12:00,2026-07-23T09:12:43,2026-07-23T09:13:03,A,H4,Limestone,14294.0,14294.6,43,20
BATCH-20260723-079,2026-07-23T09:13:00,2026-07-23T09:14:28,2026-07-23T09:15:07,A,H2,Coke,16704.5,16687.2,88,39
BATCH-20260723-080,2026-07-23T09:29:00,2026-07-23T09:30:07,2026-07-23T09:30:49,A,H4,Coke,13961.6,13909.5,67,42
BATCH-20260723-081,2026-07-23T09:45:00,2026-07-23T09:45:41,2026-07-23T09:46:10,A,H1,Limestone,13013.1,13050.6,41,29
BATCH-20260723-082,2026-07-23T09:47:00,2026-07-23T09:47:38,2026-07-23T09:48:38,A,H4,Sinter,15210.7,15255.8,38,60
BATCH-20260723-083,2026-07-23T10:04:00,2026-07-23T10:04:43,2026-07-23T10:05:23,A,H3,Coke,16792.3,16782.9,43,40
BATCH-20260723-084,2026-07-23T10:08:00,2026-07-23T10:09:29,2026-07-23T10:10:11,A,H2,Limestone,13861.9,13805.8,89,42
BATCH-20260723-085,2026-07-23T10:13:00,2026-07-23T10:14:10,2026-07-23T10:14:57,A,H3,Coke,14445.3,14473.5,70,47
BATCH-20260723-086,2026-07-23T10:16:00,2026-07-23T10:16:38,2026-07-23T10:17:30,A,H1,Limestone,13906.3,13958.7,38,52
BATCH-20260723-087,2026-07-23T10:21:00,2026-07-23T10:21:52,2026-07-23T10:22:26,A,H4,Coke,15297.3,15315.7,52,34
BATCH-20260723-088,2026-07-23T10:30:00,2026-07-23T10:31:01,2026-07-23T10:32:00,A,H1,Pellet,12864.9,12907.9,61,59
BATCH-20260723-089,2026-07-23T10:30:00,2026-07-23T10:31:17,2026-07-23T10:31:59,A,H1,Ore,21171.7,21102.3,77,42
BATCH-20260723-090,2026-07-23T10:33:00,2026-07-23T10:34:09,2026-07-23T10:35:07,A,H1,Ore,22612.8,22600.8,69,58
BATCH-20260723-091,2026-07-23T10:34:00,2026-07-23T10:34:39,2026-07-23T10:35:17,A,H4,Limestone,11100.9,11089.2,39,38
BATCH-20260723-092,2026-07-23T10:46:00,2026-07-23T10:46:38,2026-07-23T10:47:08,A,H1,Coke,13113.0,13094.5,38,30
BATCH-20260723-093,2026-07-23T10:48:00,2026-07-23T10:49:14,2026-07-23T10:50:11,A,H2,Sinter,15273.8,15299.1,74,57
BATCH-20260723-094,2026-07-23T10:55:00,2026-07-23T10:56:02,2026-07-23T10:56:50,A,H1,Limestone,12603.4,12606.1,62,48
BATCH-20260723-095,2026-07-23T11:00:00,2026-07-23T11:00:49,2026-07-23T11:01:43,A,H3,Sinter,24478.8,24471.8,49,54
BATCH-20260723-096,2026-07-23T11:06:00,2026-07-23T11:07:30,2026-07-23T11:08:21,A,H4,Pellet,20155.0,20187.7,90,51
BATCH-20260723-097,2026-07-23T11:09:00,2026-07-23T11:10:29,2026-07-23T11:11:11,A,H1,Ore,19764.6,19769.0,89,42
BATCH-20260723-098,2026-07-23T11:11:00,2026-07-23T11:12:09,2026-07-23T11:12:34,A,H4,Pellet,20517.8,20517.3,69,25
BATCH-20260723-099,2026-07-23T11:13:00,2026-07-23T11:14:23,2026-07-23T11:15:02,A,H3,Limestone,15121.3,15236.8,83,39
BATCH-20260723-100,2026-07-23T11:19:00,2026-07-23T11:19:58,2026-07-23T11:20:31,A,H3,Pellet,20211.5,20269.3,58,33
BATCH-20260723-101,2026-07-23T11:28:00,2026-07-23T11:28:57,2026-07-23T11:29:20,A,H4,Sinter,21340.1,21355.6,57,23
BATCH-20260723-102,2026-07-23T11:41:00,2026-07-23T11:42:28,2026-07-23T11:43:06,A,H4,Sinter,24543.0,24302.8,88,38
BATCH-20260723-103,2026-07-23T11:56:00,2026-07-23T11:56:38,2026-07-23T11:57:29,A,H4,Coke,12990.3,12988.9,38,51
BATCH-20260723-104,2026-07-23T12:06:00,2026-07-23T12:06:45,2026-07-23T12:07:34,A,H3,Limestone,10880.8,10961.0,45,49
BATCH-20260723-105,2026-07-23T12:19:00,2026-07-23T12:20:28,2026-07-23T12:21:00,A,H1,Coke,15868.3,15836.4,88,32
BATCH-20260723-106,2026-07-23T12:41:00,2026-07-23T12:41:55,2026-07-23T12:42:24,A,H3,Limestone,13783.4,13704.3,55,29
BATCH-20260723-107,2026-07-23T12:55:00,2026-07-23T12:55:49,2026-07-23T12:56:32,A,H1,Sinter,22588.7,22561.7,49,43
BATCH-20260723-108,2026-07-23T12:56:00,2026-07-23T12:56:44,2026-07-23T12:57:40,A,H4,Sinter,19057.0,19016.3,44,56
BATCH-20260723-109,2026-07-23T12:57:00,2026-07-23T12:58:24,2026-07-23T12:59:07,A,H3,Limestone,13493.6,13527.0,84,43
BATCH-20260723-110,2026-07-23T12:58:00,2026-07-23T12:59:07,2026-07-23T12:59:58,A,H1,Limestone,10566.5,10675.5,67,51
BATCH-20260723-111,2026-07-23T13:11:00,2026-07-23T13:12:29,2026-07-23T13:12:53,A,H3,Sinter,18757.0,18862.5,89,24
BATCH-20260723-112,2026-07-23T13:11:00,2026-07-23T13:11:36,2026-07-23T13:12:06,A,H1,Ore,20868.1,20997.8,36,30
BATCH-20260723-113,2026-07-23T13:15:00,2026-07-23T13:16:01,2026-07-23T13:16:46,A,H2,Coke,17316.3,17288.7,61,45
BATCH-20260723-114,2026-07-23T13:19:00,2026-07-23T13:19:57,2026-07-23T13:20:38,A,H2,Sinter,18955.8,18963.0,57,41
BATCH-20260723-115,2026-07-23T13:24:00,2026-07-23T13:25:01,2026-07-23T13:25:42,A,H2,Pellet,18763.8,18766.0,61,41
BATCH-20260723-116,2026-07-23T13:26:00,2026-07-23T13:26:47,2026-07-23T13:27:42,A,H3,Limestone,15276.2,15317.5,47,55
BATCH-20260723-117,2026-07-23T13:29:00,2026-07-23T13:29:59,2026-07-23T13:30:30,A,H3,Sinter,24529.0,24541.3,59,31
BATCH-20260723-118,2026-07-23T13:38:00,2026-07-23T13:38:33,2026-07-23T13:39:32,A,H3,Ore,27928.9,28016.1,33,59
BATCH-20260723-119,2026-07-23T13:53:00,2026-07-23T13:53:54,2026-07-23T13:54:24,A,H2,Pellet,13558.4,13524.2,54,30
BATCH-20260723-120,2026-07-23T14:20:00,2026-07-23T14:21:04,2026-07-23T14:21:24,B,H3,Sinter,17919.5,18017.6,64,20
BATCH-20260723-121,2026-07-23T14:51:00,2026-07-23T14:51:46,2026-07-23T14:52:12,B,H2,Ore,21690.5,21724.7,46,26
BATCH-20260723-122,2026-07-23T14:54:00,2026-07-23T14:55:07,2026-07-23T14:55:52,B,H4,Limestone,10306.7,10277.1,67,45
BATCH-20260723-123,2026-07-23T15:08:00,2026-07-23T15:08:49,2026-07-23T15:09:16,B,H3,Limestone,10817.7,10806.0,49,27
BATCH-20260723-124,2026-07-23T15:12:00,2026-07-23T15:12:58,2026-07-23T15:13:39,B,H1,Coke,12170.7,12134.1,58,41
BATCH-20260723-125,2026-07-23T15:13:00,2026-07-23T15:14:04,2026-07-23T15:14:47,B,H1,Sinter,22976.7,22947.1,64,43
BATCH-20260723-126,2026-07-23T15:14:00,2026-07-23T15:14:51,2026-07-23T15:15:30,B,H3,Ore,26544.8,26563.4,51,39
BATCH-20260723-127,2026-07-23T15:16:00,2026-07-23T15:17:27,2026-07-23T15:17:52,B,H3,Sinter,19853.4,19737.0,87,25
BATCH-20260723-128,2026-07-23T15:18:00,2026-07-23T15:18:57,2026-07-23T15:19:52,B,H2,Ore,28037.2,28120.2,57,55
BATCH-20260723-129,2026-07-23T15:37:00,2026-07-23T15:38:21,2026-07-23T15:39:11,B,H4,Sinter,21657.2,21754.4,81,50
BATCH-20260723-130,2026-07-23T15:40:00,2026-07-23T15:41:23,2026-07-23T15:41:50,B,H4,Limestone,11840.2,11868.0,83,27
BATCH-20260723-131,2026-07-23T15:41:00,2026-07-23T15:41:35,2026-07-23T15:42:17,B,H2,Sinter,16195.8,16136.2,35,42
BATCH-20260723-132,2026-07-23T15:42:00,2026-07-23T15:42:42,2026-07-23T15:43:12,B,H1,Coke,12953.6,13026.3,42,30
BATCH-20260723-133,2026-07-23T15:49:00,2026-07-23T15:50:21,2026-07-23T15:50:50,B,H3,Limestone,12186.9,12126.4,81,29
BATCH-20260723-134,2026-07-23T15:55:00,2026-07-23T15:56:30,2026-07-23T15:57:08,B,H4,Sinter,22442.5,22536.6,90,38
BATCH-20260723-135,2026-07-23T15:55:00,2026-07-23T15:56:24,2026-07-23T15:56:48,B,H3,Coke,12423.7,12358.0,84,24
BATCH-20260723-136,2026-07-23T15:57:00,2026-07-23T15:57:44,2026-07-23T15:58:07,B,H4,Pellet,14593.8,14605.9,44,23
BATCH-20260723-137,2026-07-23T16:21:00,2026-07-23T16:22:23,2026-07-23T16:23:15,B,H1,Ore,21031.2,21059.6,83,52
BATCH-20260723-138,2026-07-23T16:23:00,2026-07-23T16:23:46,2026-07-23T16:24:15,B,H4,Ore,26280.4,26259.9,46,29
BATCH-20260723-139,2026-07-23T16:31:00,2026-07-23T16:32:25,2026-07-23T16:32:45,B,H3,Coke,13125.5,13146.6,85,20
BATCH-20260723-140,2026-07-23T16:32:00,2026-07-23T16:32:40,2026-07-23T16:33:27,B,H4,Sinter,23560.1,23549.9,40,47
BATCH-20260723-141,2026-07-23T16:41:00,2026-07-23T16:41:38,2026-07-23T16:42:38,B,H4,Sinter,21774.7,21806.2,38,60
BATCH-20260723-142,2026-07-23T16:42:00,2026-07-23T16:43:19,2026-07-23T16:44:18,B,H4,Pellet,20251.3,20329.7,79,59
BATCH-20260723-143,2026-07-23T16:42:00,2026-07-23T16:42:44,2026-07-23T16:43:15,B,H2,Ore,26723.8,26739.9,44,31
BATCH-20260723-144,2026-07-23T16:44:00,2026-07-23T16:44:50,2026-07-23T16:45:41,B,H3,Coke,16622.6,16713.4,50,51
BATCH-20260723-145,2026-07-23T16:47:00,2026-07-23T16:48:11,2026-07-23T16:48:47,B,H1,Limestone,11696.1,11713.3,71,36
BATCH-20260723-146,2026-07-23T17:00:00,2026-07-23T17:01:28,2026-07-23T17:02:06,B,H4,Pellet,17467.6,17363.9,88,38
BATCH-20260723-147,2026-07-23T17:07:00,2026-07-23T17:07:31,2026-07-23T17:07:54,B,H4,Coke,15149.2,15134.2,31,23
BATCH-20260723-148,2026-07-23T17:11:00,2026-07-23T17:12:27,2026-07-23T17:13:18,B,H4,Coke,12136.6,12137.1,87,51
BATCH-20260723-149,2026-07-23T17:17:00,2026-07-23T17:17:54,2026-07-23T17:18:45,B,H4,Pellet,20747.3,20739.0,54,51
BATCH-20260723-150,2026-07-23T17:23:00,2026-07-23T17:24:30,2026-07-23T17:25:20,B,H3,Ore,19986.6,20011.7,90,50
BATCH-20260723-151,2026-07-23T17:30:00,2026-07-23T17:30:55,2026-07-23T17:31:42,B,H1,Pellet,12172.5,12238.4,55,47
BATCH-20260723-152,2026-07-23T17:30:00,2026-07-23T17:30:53,2026-07-23T17:31:33,B,H3,Limestone,13690.7,13601.1,53,40
BATCH-20260723-153,2026-07-23T17:30:00,2026-07-23T17:31:12,2026-07-23T17:31:39,B,H3,Limestone,13279.1,13190.2,72,27
BATCH-20260723-154,2026-07-23T17:31:00,2026-07-23T17:32:28,2026-07-23T17:33:21,B,H3,Ore,18931.3,18902.8,88,53
BATCH-20260723-155,2026-07-23T17:32:00,2026-07-23T17:32:51,2026-07-23T17:33:40,B,H3,Ore,18911.8,18927.9,51,49
BATCH-20260723-156,2026-07-23T17:36:00,2026-07-23T17:36:31,2026-07-23T17:36:59,B,H1,Sinter,16856.8,16804.1,31,28
BATCH-20260723-157,2026-07-23T17:37:00,2026-07-23T17:38:02,2026-07-23T17:38:38,B,H1,Sinter,15628.5,15658.4,62,36
BATCH-20260723-158,2026-07-23T17:48:00,2026-07-23T17:48:44,2026-07-23T17:49:20,B,H2,Ore,20536.9,20597.6,44,36
BATCH-20260723-159,2026-07-23T18:20:00,2026-07-23T18:21:14,2026-07-23T18:22:12,B,H1,Limestone,13676.9,13670.4,74,58
BATCH-20260723-160,2026-07-23T18:31:00,2026-07-23T18:31:56,2026-07-23T18:32:22,B,H4,Pellet,13067.7,13115.0,56,26
BATCH-20260723-161,2026-07-23T18:38:00,2026-07-23T18:38:55,2026-07-23T18:39:47,B,H3,Pellet,21792.0,21768.2,55,52
BATCH-20260723-162,2026-07-23T18:41:00,2026-07-23T18:42:10,2026-07-23T18:43:00,B,H3,Sinter,16218.2,16308.9,70,50
BATCH-20260723-163,2026-07-23T18:50:00,2026-07-23T18:50:53,2026-07-23T18:51:27,B,H4,Pellet,21368.5,21364.0,53,34
BATCH-20260723-164,2026-07-23T18:57:00,2026-07-23T18:58:10,2026-07-23T18:58:41,B,H2,Coke,16824.9,16871.0,70,31
BATCH-20260723-165,2026-07-23T19:08:00,2026-07-23T19:09:26,2026-07-23T19:10:20,B,H1,Coke,17061.3,17138.5,86,54
BATCH-20260723-166,2026-07-23T19:10:00,2026-07-23T19:10:39,2026-07-23T19:11:08,B,H1,Pellet,15047.9,15031.2,39,29
BATCH-20260723-167,2026-07-23T19:17:00,2026-07-23T19:18:05,2026-07-23T19:18:26,B,H2,Ore,29646.8,29701.0,65,21
BATCH-20260723-168,2026-07-23T19:20:00,2026-07-23T19:20:35,2026-07-23T19:21:29,B,H4,Sinter,18637.9,18353.0,35,54
BATCH-20260723-169,2026-07-23T19:24:00,2026-07-23T19:24:42,2026-07-23T19:25:13,B,H4,Ore,20983.8,20995.3,42,31
BATCH-20260723-170,2026-07-23T19:32:00,2026-07-23T19:33:29,2026-07-23T19:34:16,B,H2,Coke,14036.5,14005.9,89,47
BATCH-20260723-171,2026-07-23T19:35:00,2026-07-23T19:36:03,2026-07-23T19:36:51,B,H2,Limestone,14700.3,14783.7,63,48
BATCH-20260723-172,2026-07-23T19:41:00,2026-07-23T19:42:24,2026-07-23T19:42:47,B,H1,Ore,18586.9,18545.4,84,23
BATCH-20260723-173,2026-07-23T19:49:00,2026-07-23T19:50:11,2026-07-23T19:50:56,B,H3,Sinter,23293.2,23414.5,71,45
BATCH-20260723-174,2026-07-23T20:05:00,2026-07-23T20:06:26,2026-07-23T20:07:08,B,H2,Pellet,17258.1,17296.0,86,42
BATCH-20260723-175,2026-07-23T20:18:00,2026-07-23T20:18:33,2026-07-23T20:19:07,B,H3,Coke,11507.4,11501.5,33,34
BATCH-20260723-176,2026-07-23T20:24:00,2026-07-23T20:25:07,2026-07-23T20:25:38,B,H1,Sinter,22614.0,22616.3,67,31
BATCH-20260723-177,2026-07-23T20:25:00,2026-07-23T20:25:54,2026-07-23T20:26:38,B,H1,Limestone,11378.5,11390.0,54,44
BATCH-20260723-178,2026-07-23T20:40:00,2026-07-23T20:41:08,2026-07-23T20:41:54,B,H1,Pellet,17855.2,17801.1,68,46
BATCH-20260723-179,2026-07-23T20:56:00,2026-07-23T20:57:05,2026-07-23T20:57:48,B,H3,Limestone,10506.4,10518.3,65,43
BATCH-20260723-180,2026-07-23T21:10:00,2026-07-23T21:10:52,2026-07-23T21:11:20,B,H3,Coke,15995.0,15965.7,52,28
BATCH-20260723-181,2026-07-23T21:13:00,2026-07-23T21:13:58,2026-07-23T21:14:38,B,H4,Ore,25949.6,25969.3,58,40
BATCH-20260723-182,2026-07-23T21:28:00,2026-07-23T21:28:36,2026-07-23T21:29:24,B,H1,Ore,27017.5,27044.2,36,48
BATCH-20260723-183,2026-07-23T21:28:00,2026-07-23T21:28:37,2026-07-23T21:29:36,B,H2,Limestone,12047.1,12071.1,37,59
BATCH-20260723-184,2026-07-23T21:34:00,2026-07-23T21:34:41,2026-07-23T21:35:04,B,H4,Coke,11767.0,11819.9,41,23
BATCH-20260723-185,2026-07-23T21:37:00,2026-07-23T21:37:37,2026-07-23T21:38:24,B,H4,Limestone,14716.0,14787.4,37,47
BATCH-20260723-186,2026-07-23T21:54:00,2026-07-23T21:54:39,2026-07-23T21:55:22,B,H2,Coke,11862.5,11887.7,39,43
BATCH-20260723-187,2026-07-23T22:34:00,2026-07-23T22:35:28,2026-07-23T22:36:28,C,H4,Limestone,11541.0,11608.8,88,60
BATCH-20260723-188,2026-07-23T22:45:00,2026-07-23T22:45:51,2026-07-23T22:46:43,C,H4,Pellet,18719.8,18743.0,51,52
BATCH-20260723-189,2026-07-23T22:53:00,2026-07-23T22:53:41,2026-07-23T22:54:19,C,H4,Pellet,16309.3,16323.5,41,38
BATCH-20260723-190,2026-07-23T22:59:00,2026-07-23T22:59:40,2026-07-23T23:00:31,C,H4,Pellet,19544.2,19516.7,40,51
BATCH-20260723-191,2026-07-23T23:00:00,2026-07-23T23:01:23,2026-07-23T23:02:20,C,H3,Sinter,16026.9,16019.6,83,57
BATCH-20260723-192,2026-07-23T23:12:00,2026-07-23T23:12:57,2026-07-23T23:13:39,C,H2,Ore,21874.2,21884.9,57,42
BATCH-20260723-193,2026-07-23T23:14:00,2026-07-23T23:15:09,2026-07-23T23:15:48,C,H1,Coke,16915.0,16850.4,69,39
BATCH-20260723-194,2026-07-23T23:24:00,2026-07-23T23:25:26,2026-07-23T23:25:55,C,H4,Coke,10912.0,10899.4,86,29
BATCH-20260723-195,2026-07-23T23:28:00,2026-07-23T23:29:30,2026-07-23T23:29:51,C,H1,Limestone,15488.2,15443.0,90,21
BATCH-20260723-196,2026-07-23T23:38:00,2026-07-23T23:38:51,2026-07-23T23:39:25,C,H2,Limestone,14255.0,14286.9,51,34
BATCH-20260723-197,2026-07-23T23:39:00,2026-07-23T23:40:24,2026-07-23T23:41:13,C,H1,Limestone,14316.2,14380.6,84,49
BATCH-20260723-198,2026-07-23T23:41:00,2026-07-23T23:41:39,2026-07-23T23:42:04,C,H2,Sinter,19636.5,19694.3,39,25
BATCH-20260723-199,2026-07-23T23:46:00,2026-07-23T23:46:44,2026-07-23T23:47:17,C,H1,Ore,24577.7,24616.2,44,33
BATCH-20260723-200,2026-07-23T23:48:00,2026-07-23T23:49:21,2026-07-23T23:50:04,C,H2,Sinter,17130.3,17134.0,81,43
BATCH-20260724-001,2026-07-24T00:05:00,2026-07-24T00:05:37,2026-07-24T00:06:25,C,H1,Pellet,16789.8,16762.4,37,48
BATCH-20260724-002,2026-07-24T00:11:00,2026-07-24T00:12:25,2026-07-24T00:13:03,C,H2,Pellet,12653.7,12619.5,85,38
BATCH-20260724-003,2026-07-24T00:13:00,2026-07-24T00:13:49,2026-07-24T00:14:36,C,H1,Coke,16468.9,16500.3,49,47
BATCH-20260724-004,2026-07-24T00:27:00,2026-07-24T00:28:01,2026-07-24T00:28:46,C,H4,Coke,17752.5,17782.6,61,45
BATCH-20260724-005,2026-07-24T00:29:00,2026-07-24T00:30:13,2026-07-24T00:31:06,C,H3,Coke,12729.3,12746.1,73,53
BATCH-20260724-006,2026-07-24T00:35:00,2026-07-24T00:35:59,2026-07-24T00:36:53,C,H2,Sinter,20009.3,20007.7,59,54
BATCH-20260724-007,2026-07-24T00:45:00,2026-07-24T00:45:43,2026-07-24T00:46:32,C,H3,Pellet,20074.2,20046.0,43,49
BATCH-20260724-008,2026-07-24T00:47:00,2026-07-24T00:47:49,2026-07-24T00:48:29,C,H2,Pellet,15178.9,15203.9,49,40
BATCH-20260724-009,2026-07-24T00:49:00,2026-07-24T00:49:50,2026-07-24T00:50:47,C,H3,Pellet,15434.5,15440.5,50,57
BATCH-20260724-010,2026-07-24T00:50:00,2026-07-24T00:51:21,2026-07-24T00:51:55,C,H2,Coke,14219.4,14238.2,81,34
BATCH-20260724-011,2026-07-24T00:57:00,2026-07-24T00:58:03,2026-07-24T00:58:27,C,H3,Limestone,13628.6,13575.6,63,24
BATCH-20260724-012,2026-07-24T01:24:00,2026-07-24T01:24:44,2026-07-24T01:25:04,C,H3,Coke,16922.3,16932.6,44,20
BATCH-20260724-013,2026-07-24T01:28:00,2026-07-24T01:29:13,2026-07-24T01:29:57,C,H1,Pellet,12120.4,12116.6,73,44
BATCH-20260724-014,2026-07-24T01:33:00,2026-07-24T01:33:43,2026-07-24T01:34:15,C,H4,Sinter,22319.8,22259.9,43,32
BATCH-20260724-015,2026-07-24T01:37:00,2026-07-24T01:37:56,2026-07-24T01:38:18,C,H4,Coke,14845.6,14865.6,56,22
BATCH-20260724-016,2026-07-24T01:37:00,2026-07-24T01:37:30,2026-07-24T01:38:10,C,H4,Ore,24368.3,24366.5,30,40
BATCH-20260724-017,2026-07-24T01:53:00,2026-07-24T01:54:01,2026-07-24T01:54:35,C,H3,Sinter,16101.0,16163.2,61,34
BATCH-20260724-018,2026-07-24T02:06:00,2026-07-24T02:07:26,2026-07-24T02:08:07,C,H3,Sinter,23708.7,23639.1,86,41
BATCH-20260724-019,2026-07-24T02:11:00,2026-07-24T02:11:47,2026-07-24T02:12:14,C,H4,Coke,13575.0,13562.1,47,27
BATCH-20260724-020,2026-07-24T02:11:00,2026-07-24T02:11:32,2026-07-24T02:12:00,C,H2,Limestone,12331.6,12371.1,32,28
BATCH-20260724-021,2026-07-24T02:29:00,2026-07-24T02:29:32,2026-07-24T02:30:27,C,H1,Ore,26027.8,26003.8,32,55
BATCH-20260724-022,2026-07-24T02:30:00,2026-07-24T02:31:15,2026-07-24T02:32:02,C,H1,Limestone,12743.1,12677.0,75,47
BATCH-20260724-023,2026-07-24T02:32:00,2026-07-24T02:32:55,2026-07-24T02:33:17,C,H4,Sinter,21488.5,21421.6,55,22
BATCH-20260724-024,2026-07-24T02:32:00,2026-07-24T02:32:37,2026-07-24T02:33:16,C,H1,Limestone,13196.4,13097.7,37,39
BATCH-20260724-025,2026-07-24T02:36:00,2026-07-24T02:37:00,2026-07-24T02:37:54,C,H2,Ore,26435.7,26347.0,60,54
BATCH-20260724-026,2026-07-24T02:48:00,2026-07-24T02:48:32,2026-07-24T02:49:06,C,H4,Sinter,18745.7,18668.4,32,34
BATCH-20260724-027,2026-07-24T02:56:00,2026-07-24T02:56:33,2026-07-24T02:57:14,C,H3,Coke,13583.1,13574.0,33,41
BATCH-20260724-028,2026-07-24T03:01:00,2026-07-24T03:02:19,2026-07-24T03:03:16,C,H3,Pellet,20026.4,20070.2,79,57
BATCH-20260724-029,2026-07-24T03:32:00,2026-07-24T03:32:56,2026-07-24T03:33:31,C,H2,Ore,27333.3,27376.8,56,35
BATCH-20260724-030,2026-07-24T03:38:00,2026-07-24T03:39:24,2026-07-24T03:39:59,C,H1,Pellet,20548.3,20562.2,84,35
BATCH-20260724-031,2026-07-24T03:41:00,2026-07-24T03:41:54,2026-07-24T03:42:33,C,H1,Sinter,18838.6,18788.8,54,39
BATCH-20260724-032,2026-07-24T03:48:00,2026-07-24T03:48:34,2026-07-24T03:49:14,C,H3,Coke,13775.8,13778.5,34,40
BATCH-20260724-033,2026-07-24T03:49:00,2026-07-24T03:50:03,2026-07-24T03:50:43,C,H2,Ore,29641.5,29642.3,63,40
BATCH-20260724-034,2026-07-24T03:50:00,2026-07-24T03:51:21,2026-07-24T03:52:15,C,H1,Ore,20458.6,20369.2,81,54
BATCH-20260724-035,2026-07-24T03:56:00,2026-07-24T03:57:11,2026-07-24T03:57:58,C,H4,Pellet,19487.8,19554.5,71,47
BATCH-20260724-036,2026-07-24T04:00:00,2026-07-24T04:00:31,2026-07-24T04:00:59,C,H2,Ore,29549.0,29599.0,31,28
BATCH-20260724-037,2026-07-24T04:03:00,2026-07-24T04:04:22,2026-07-24T04:05:14,C,H2,Pellet,12744.6,12752.0,82,52
BATCH-20260724-038,2026-07-24T04:12:00,2026-07-24T04:12:42,2026-07-24T04:13:12,C,H2,Pellet,21204.5,21180.8,42,30
BATCH-20260724-039,2026-07-24T04:31:00,2026-07-24T04:32:14,2026-07-24T04:32:49,C,H3,Pellet,12483.9,12423.0,74,35
BATCH-20260724-040,2026-07-24T04:34:00,2026-07-24T04:35:20,2026-07-24T04:35:44,C,H1,Coke,10288.9,10351.5,80,24
BATCH-20260724-041,2026-07-24T04:49:00,2026-07-24T04:49:49,2026-07-24T04:50:40,C,H2,Sinter,23678.7,23710.8,49,51
BATCH-20260724-042,2026-07-24T04:55:00,2026-07-24T04:55:47,2026-07-24T04:56:25,C,H2,Coke,17357.6,17442.7,47,38
BATCH-20260724-043,2026-07-24T05:19:00,2026-07-24T05:19:50,2026-07-24T05:20:47,C,H4,Pellet,17394.9,17445.4,50,57
BATCH-20260724-044,2026-07-24T05:25:00,2026-07-24T05:26:30,2026-07-24T05:27:26,C,H4,Pellet,12333.0,12324.3,90,56
BATCH-20260724-045,2026-07-24T05:33:00,2026-07-24T05:33:31,2026-07-24T05:34:14,C,H3,Pellet,18759.6,18756.4,31,43
BATCH-20260724-046,2026-07-24T05:54:00,2026-07-24T05:54:47,2026-07-24T05:55:36,C,H1,Pellet,19600.5,19599.9,47,49
BATCH-20260724-047,2026-07-24T05:56:00,2026-07-24T05:56:58,2026-07-24T05:57:58,C,H3,Sinter,24037.9,24077.3,58,60
BATCH-20260724-048,2026-07-24T05:59:00,2026-07-24T06:00:07,2026-07-24T06:00:36,C,H1,Sinter,22303.7,22392.8,67,29
BATCH-20260724-049,2026-07-24T06:11:00,2026-07-24T06:11:51,2026-07-24T06:12:17,A,H1,Coke,14563.8,14561.7,51,26
BATCH-20260724-050,2026-07-24T06:17:00,2026-07-24T06:18:27,2026-07-24T06:18:57,A,H1,Sinter,22854.1,22815.9,87,30
BATCH-20260724-051,2026-07-24T06:22:00,2026-07-24T06:23:06,2026-07-24T06:23:52,A,H1,Pellet,21916.7,21925.0,66,46
BATCH-20260724-052,2026-07-24T06:32:00,2026-07-24T06:33:24,2026-07-24T06:33:54,A,H1,Pellet,18928.1,18969.3,84,30
BATCH-20260724-053,2026-07-24T06:33:00,2026-07-24T06:34:04,2026-07-24T06:34:57,A,H1,Coke,15485.1,15433.8,64,53
BATCH-20260724-054,2026-07-24T06:34:00,2026-07-24T06:35:14,2026-07-24T06:35:59,A,H1,Coke,10882.0,10863.2,74,45
BATCH-20260724-055,2026-07-24T06:43:00,2026-07-24T06:43:59,2026-07-24T06:44:51,A,H2,Limestone,13058.8,12990.0,59,52
BATCH-20260724-056,2026-07-24T06:50:00,2026-07-24T06:50:38,2026-07-24T06:51:33,A,H1,Pellet,12333.5,12289.9,38,55
BATCH-20260724-057,2026-07-24T06:56:00,2026-07-24T06:57:11,2026-07-24T06:57:49,A,H3,Sinter,17755.7,17782.1,71,38
BATCH-20260724-058,2026-07-24T07:15:00,2026-07-24T07:16:23,2026-07-24T07:17:16,A,H3,Ore,23185.1,23117.4,83,53
BATCH-20260724-059,2026-07-24T07:19:00,2026-07-24T07:20:02,2026-07-24T07:20:35,A,H4,Limestone,15444.0,15446.1,62,33
BATCH-20260724-060,2026-07-24T07:23:00,2026-07-24T07:23:51,2026-07-24T07:24:35,A,H1,Limestone,11738.0,11739.7,51,44
BATCH-20260724-061,2026-07-24T07:46:00,2026-07-24T07:47:12,2026-07-24T07:47:50,A,H4,Limestone,15126.4,15113.1,72,38
BATCH-20260724-062,2026-07-24T07:50:00,2026-07-24T07:50:47,2026-07-24T07:51:39,A,H2,Ore,25150.8,25060.7,47,52
BATCH-20260724-063,2026-07-24T07:51:00,2026-07-24T07:51:35,2026-07-24T07:52:18,A,H2,Ore,26382.5,26333.3,35,43
BATCH-20260724-064,2026-07-24T07:53:00,2026-07-24T07:53:52,2026-07-24T07:54:33,A,H3,Sinter,20815.1,20802.6,52,41
BATCH-20260724-065,2026-07-24T08:10:00,2026-07-24T08:10:51,2026-07-24T08:11:14,A,H4,Ore,18547.9,18614.0,51,23
BATCH-20260724-066,2026-07-24T08:17:00,2026-07-24T08:18:04,2026-07-24T08:18:30,A,H1,Limestone,13935.7,13988.1,64,26
BATCH-20260724-067,2026-07-24T08:20:00,2026-07-24T08:20:43,2026-07-24T08:21:14,A,H1,Pellet,15344.6,15363.8,43,31
BATCH-20260724-068,2026-07-24T08:28:00,2026-07-24T08:29:25,2026-07-24T08:29:55,A,H1,Sinter,21110.2,21075.3,85,30
BATCH-20260724-069,2026-07-24T08:33:00,2026-07-24T08:34:15,2026-07-24T08:34:46,A,H4,Sinter,20888.2,20927.9,75,31
BATCH-20260724-070,2026-07-24T08:38:00,2026-07-24T08:39:28,2026-07-24T08:40:22,A,H2,Sinter,23358.0,23327.8,88,54
BATCH-20260724-071,2026-07-24T08:40:00,2026-07-24T08:41:08,2026-07-24T08:41:41,A,H2,Pellet,20922.4,20938.3,68,33
BATCH-20260724-072,2026-07-24T08:46:00,2026-07-24T08:47:06,2026-07-24T08:47:52,A,H4,Sinter,17254.9,17260.2,66,46
BATCH-20260724-073,2026-07-24T08:47:00,2026-07-24T08:47:41,2026-07-24T08:48:33,A,H4,Pellet,13336.4,13338.8,41,52
BATCH-20260724-074,2026-07-24T08:52:00,2026-07-24T08:52:30,2026-07-24T08:53:03,A,H2,Limestone,12349.2,12315.6,30,33
BATCH-20260724-075,2026-07-24T08:53:00,2026-07-24T08:53:36,2026-07-24T08:54:32,A,H3,Coke,17373.5,17313.7,36,56
BATCH-20260724-076,2026-07-24T09:05:00,2026-07-24T09:06:24,2026-07-24T09:07:18,A,H1,Sinter,16037.1,15959.9,84,54
BATCH-20260724-077,2026-07-24T09:06:00,2026-07-24T09:07:06,2026-07-24T09:07:41,A,H1,Pellet,18220.0,18198.6,66,35
BATCH-20260724-078,2026-07-24T09:08:00,2026-07-24T09:08:40,2026-07-24T09:09:24,A,H4,Coke,17941.4,17901.5,40,44
BATCH-20260724-079,2026-07-24T09:17:00,2026-07-24T09:18:05,2026-07-24T09:18:45,A,H4,Ore,28945.8,28866.1,65,40
BATCH-20260724-080,2026-07-24T09:22:00,2026-07-24T09:22:58,2026-07-24T09:23:51,A,H1,Ore,19315.4,19414.6,58,53
BATCH-20260724-081,2026-07-24T09:24:00,2026-07-24T09:25:06,2026-07-24T09:25:54,A,H4,Coke,10381.6,10395.3,66,48
BATCH-20260724-082,2026-07-24T09:32:00,2026-07-24T09:33:11,2026-07-24T09:33:47,A,H3,Limestone,15908.2,15924.4,71,36
BATCH-20260724-083,2026-07-24T09:33:00,2026-07-24T09:34:08,2026-07-24T09:35:06,A,H2,Coke,15802.7,15847.0,68,58
BATCH-20260724-084,2026-07-24T09:35:00,2026-07-24T09:35:38,2026-07-24T09:36:05,A,H2,Pellet,15643.6,15726.7,38,27
BATCH-20260724-085,2026-07-24T09:37:00,2026-07-24T09:38:27,2026-07-24T09:39:27,A,H1,Pellet,16508.2,16551.1,87,60
BATCH-20260724-086,2026-07-24T09:37:00,2026-07-24T09:37:54,2026-07-24T09:38:15,A,H2,Coke,13148.9,13154.7,54,21
BATCH-20260724-087,2026-07-24T09:39:00,2026-07-24T09:40:20,2026-07-24T09:41:01,A,H2,Limestone,12806.5,12776.6,80,41
BATCH-20260724-088,2026-07-24T09:52:00,2026-07-24T09:52:44,2026-07-24T09:53:33,A,H1,Sinter,18761.1,18722.8,44,49
BATCH-20260724-089,2026-07-24T09:54:00,2026-07-24T09:54:49,2026-07-24T09:55:12,A,H2,Sinter,22487.4,22534.0,49,23
BATCH-20260724-090,2026-07-24T09:56:00,2026-07-24T09:56:44,2026-07-24T09:57:37,A,H4,Coke,10991.9,10876.9,44,53
BATCH-20260724-091,2026-07-24T09:57:00,2026-07-24T09:57:32,2026-07-24T09:58:05,A,H2,Ore,25726.6,25677.9,32,33
BATCH-20260724-092,2026-07-24T10:02:00,2026-07-24T10:03:21,2026-07-24T10:04:19,A,H3,Sinter,15791.6,15756.8,81,58
BATCH-20260724-093,2026-07-24T10:11:00,2026-07-24T10:12:20,2026-07-24T10:13:16,A,H1,Limestone,11459.6,11501.2,80,56
BATCH-20260724-094,2026-07-24T10:17:00,2026-07-24T10:18:05,2026-07-24T10:18:37,A,H3,Limestone,12725.1,12746.3,65,32
BATCH-20260724-095,2026-07-24T10:27:00,2026-07-24T10:27:48,2026-07-24T10:28:19,A,H4,Ore,21737.6,21653.2,48,31
BATCH-20260724-096,2026-07-24T10:28:00,2026-07-24T10:28:35,2026-07-24T10:29:21,A,H3,Limestone,11061.8,11020.1,35,46
BATCH-20260724-097,2026-07-24T10:54:00,2026-07-24T10:55:19,2026-07-24T10:56:12,A,H2,Limestone,13109.3,13085.2,79,53
BATCH-20260724-098,2026-07-24T10:57:00,2026-07-24T10:58:19,2026-07-24T10:59:06,A,H3,Ore,20048.5,20060.0,79,47
BATCH-20260724-099,2026-07-24T11:00:00,2026-07-24T11:00:45,2026-07-24T11:01:13,A,H1,Sinter,18803.0,18874.5,45,28
BATCH-20260724-100,2026-07-24T11:04:00,2026-07-24T11:05:17,2026-07-24T11:05:40,A,H2,Pellet,15621.6,15677.9,77,23
BATCH-20260724-101,2026-07-24T11:08:00,2026-07-24T11:08:59,2026-07-24T11:09:38,A,H4,Ore,21292.1,21217.3,59,39
BATCH-20260724-102,2026-07-24T11:33:00,2026-07-24T11:33:44,2026-07-24T11:34:17,A,H4,Coke,14548.3,14507.7,44,33
BATCH-20260724-103,2026-07-24T11:46:00,2026-07-24T11:47:27,2026-07-24T11:48:09,A,H3,Sinter,16211.2,16254.3,87,42
BATCH-20260724-104,2026-07-24T11:58:00,2026-07-24T11:59:22,2026-07-24T12:00:09,A,H1,Ore,18038.1,18067.8,82,47
BATCH-20260724-105,2026-07-24T12:07:00,2026-07-24T12:08:18,2026-07-24T12:08:40,A,H3,Ore,25675.2,25635.0,78,22
BATCH-20260724-106,2026-07-24T12:09:00,2026-07-24T12:10:03,2026-07-24T12:10:35,A,H2,Limestone,15966.4,16002.5,63,32
BATCH-20260724-107,2026-07-24T12:13:00,2026-07-24T12:14:12,2026-07-24T12:15:01,A,H3,Sinter,17876.3,17841.2,72,49
BATCH-20260724-108,2026-07-24T12:19:00,2026-07-24T12:19:37,2026-07-24T12:20:15,A,H4,Limestone,15125.8,15052.8,37,38
BATCH-20260724-109,2026-07-24T12:23:00,2026-07-24T12:24:08,2026-07-24T12:24:33,A,H1,Sinter,20408.0,20321.2,68,25
BATCH-20260724-110,2026-07-24T12:24:00,2026-07-24T12:24:59,2026-07-24T12:25:50,A,H4,Pellet,19814.8,19803.8,59,51
BATCH-20260724-111,2026-07-24T12:28:00,2026-07-24T12:29:13,2026-07-24T12:29:33,A,H2,Ore,28769.1,28788.6,73,20
BATCH-20260724-112,2026-07-24T12:34:00,2026-07-24T12:35:05,2026-07-24T12:35:38,A,H4,Coke,11570.5,11608.8,65,33
BATCH-20260724-113,2026-07-24T12:40:00,2026-07-24T12:41:19,2026-07-24T12:42:15,A,H3,Sinter,17610.8,17654.1,79,56
BATCH-20260724-114,2026-07-24T13:03:00,2026-07-24T13:03:40,2026-07-24T13:04:39,A,H1,Pellet,14021.1,14061.9,40,59
BATCH-20260724-115,2026-07-24T13:11:00,2026-07-24T13:12:06,2026-07-24T13:12:45,A,H2,Coke,13925.1,13908.6,66,39
BATCH-20260724-116,2026-07-24T13:16:00,2026-07-24T13:16:54,2026-07-24T13:17:35,A,H1,Ore,28738.3,28872.2,54,41
BATCH-20260724-117,2026-07-24T13:22:00,2026-07-24T13:22:46,2026-07-24T13:23:12,A,H3,Coke,15188.5,15197.6,46,26
BATCH-20260724-118,2026-07-24T13:22:00,2026-07-24T13:22:45,2026-07-24T13:23:45,A,H4,Sinter,19335.2,19240.9,45,60
BATCH-20260724-119,2026-07-24T13:23:00,2026-07-24T13:23:35,2026-07-24T13:24:06,A,H2,Pellet,21399.4,21393.2,35,31
BATCH-20260724-120,2026-07-24T13:57:00,2026-07-24T13:58:22,2026-07-24T13:59:16,A,H3,Sinter,23351.8,23383.1,82,54
BATCH-20260724-121,2026-07-24T14:13:00,2026-07-24T14:14:12,2026-07-24T14:14:34,B,H2,Sinter,21659.5,21685.8,72,22
BATCH-20260724-122,2026-07-24T14:16:00,2026-07-24T14:16:38,2026-07-24T14:17:28,B,H2,Ore,19873.0,20039.0,38,50
BATCH-20260724-123,2026-07-24T14:19:00,2026-07-24T14:19:35,2026-07-24T14:20:29,B,H3,Sinter,20728.2,20736.0,35,54
BATCH-20260724-124,2026-07-24T14:22:00,2026-07-24T14:22:47,2026-07-24T14:23:21,B,H2,Coke,10739.0,11030.3,47,34
BATCH-20260724-125,2026-07-24T14:34:00,2026-07-24T14:34:52,2026-07-24T14:35:23,B,H1,Ore,18376.3,18406.7,52,31
BATCH-20260724-126,2026-07-24T14:37:00,2026-07-24T14:37:51,2026-07-24T14:38:29,B,H2,Pellet,13254.3,13251.8,51,38
BATCH-20260724-127,2026-07-24T14:43:00,2026-07-24T14:44:29,2026-07-24T14:44:49,B,H3,Coke,12001.9,11990.8,89,20
BATCH-20260724-128,2026-07-24T14:49:00,2026-07-24T14:50:12,2026-07-24T14:51:08,B,H4,Ore,20601.6,20664.2,72,56
BATCH-20260724-129,2026-07-24T14:50:00,2026-07-24T14:50:54,2026-07-24T14:51:31,B,H3,Pellet,15657.6,15625.9,54,37
BATCH-20260724-130,2026-07-24T14:56:00,2026-07-24T14:56:56,2026-07-24T14:57:41,B,H3,Sinter,18281.6,18312.1,56,45
BATCH-20260724-131,2026-07-24T14:56:00,2026-07-24T14:57:26,2026-07-24T14:57:57,B,H4,Limestone,13647.0,13654.0,86,31
BATCH-20260724-132,2026-07-24T15:00:00,2026-07-24T15:01:13,2026-07-24T15:01:33,B,H3,Limestone,13698.6,13726.1,73,20
BATCH-20260724-133,2026-07-24T15:07:00,2026-07-24T15:07:56,2026-07-24T15:08:27,B,H2,Ore,25425.4,25478.5,56,31
BATCH-20260724-134,2026-07-24T15:07:00,2026-07-24T15:07:41,2026-07-24T15:08:23,B,H4,Coke,17582.6,17544.2,41,42
BATCH-20260724-135,2026-07-24T15:17:00,2026-07-24T15:17:33,2026-07-24T15:17:55,B,H1,Sinter,24240.1,24178.4,33,22
BATCH-20260724-136,2026-07-24T15:18:00,2026-07-24T15:18:34,2026-07-24T15:19:07,B,H2,Sinter,20905.2,20888.7,34,33
BATCH-20260724-137,2026-07-24T15:18:00,2026-07-24T15:19:18,2026-07-24T15:20:18,B,H1,Limestone,10110.3,10066.6,78,60
BATCH-20260724-138,2026-07-24T15:42:00,2026-07-24T15:43:22,2026-07-24T15:44:20,B,H1,Limestone,11976.0,12047.6,82,58
BATCH-20260724-139,2026-07-24T15:47:00,2026-07-24T15:48:28,2026-07-24T15:49:05,B,H2,Sinter,23398.5,23372.3,88,37
BATCH-20260724-140,2026-07-24T15:52:00,2026-07-24T15:52:34,2026-07-24T15:53:25,B,H2,Coke,17367.3,17328.6,34,51
BATCH-20260724-141,2026-07-24T16:07:00,2026-07-24T16:07:59,2026-07-24T16:08:41,B,H2,Ore,28214.7,28184.9,59,42
BATCH-20260724-142,2026-07-24T16:12:00,2026-07-24T16:13:25,2026-07-24T16:13:46,B,H4,Pellet,14229.1,14276.5,85,21
BATCH-20260724-143,2026-07-24T16:16:00,2026-07-24T16:17:01,2026-07-24T16:17:31,B,H1,Coke,12365.2,12368.3,61,30
BATCH-20260724-144,2026-07-24T16:22:00,2026-07-24T16:22:55,2026-07-24T16:23:20,B,H2,Pellet,21344.6,21328.9,55,25
BATCH-20260724-145,2026-07-24T16:27:00,2026-07-24T16:27:34,2026-07-24T16:28:19,B,H2,Ore,18576.1,18529.0,34,45
BATCH-20260724-146,2026-07-24T16:30:00,2026-07-24T16:31:24,2026-07-24T16:31:56,B,H3,Sinter,15318.0,15337.5,84,32
BATCH-20260724-147,2026-07-24T16:33:00,2026-07-24T16:33:41,2026-07-24T16:34:23,B,H3,Sinter,20317.9,20343.7,41,42
BATCH-20260724-148,2026-07-24T16:39:00,2026-07-24T16:39:57,2026-07-24T16:40:55,B,H1,Ore,27401.3,27476.1,57,58
BATCH-20260724-149,2026-07-24T16:41:00,2026-07-24T16:41:55,2026-07-24T16:42:31,B,H2,Sinter,24416.7,24384.1,55,36
BATCH-20260724-150,2026-07-24T17:05:00,2026-07-24T17:05:58,2026-07-24T17:06:31,B,H1,Pellet,21351.0,21362.5,58,33
BATCH-20260724-151,2026-07-24T17:06:00,2026-07-24T17:06:54,2026-07-24T17:07:53,B,H3,Sinter,17352.3,17389.7,54,59
BATCH-20260724-152,2026-07-24T17:09:00,2026-07-24T17:10:03,2026-07-24T17:10:29,B,H1,Ore,20384.6,20359.9,63,26
BATCH-20260724-153,2026-07-24T17:24:00,2026-07-24T17:25:29,2026-07-24T17:26:11,B,H4,Limestone,11918.4,11921.7,89,42
BATCH-20260724-154,2026-07-24T17:25:00,2026-07-24T17:26:10,2026-07-24T17:26:30,B,H4,Limestone,15237.2,15208.8,70,20
BATCH-20260724-155,2026-07-24T17:28:00,2026-07-24T17:29:03,2026-07-24T17:29:28,B,H2,Ore,24595.6,24618.5,63,25
BATCH-20260724-156,2026-07-24T17:31:00,2026-07-24T17:32:17,2026-07-24T17:32:56,B,H4,Sinter,17485.0,17450.0,77,39
BATCH-20260724-157,2026-07-24T17:31:00,2026-07-24T17:32:04,2026-07-24T17:32:42,B,H2,Ore,19558.3,19545.9,64,38
BATCH-20260724-158,2026-07-24T17:36:00,2026-07-24T17:37:17,2026-07-24T17:38:08,B,H2,Coke,13723.7,13798.5,77,51
BATCH-20260724-159,2026-07-24T18:06:00,2026-07-24T18:06:38,2026-07-24T18:07:22,B,H2,Pellet,21235.9,21186.3,38,44
BATCH-20260724-160,2026-07-24T18:06:00,2026-07-24T18:06:47,2026-07-24T18:07:13,B,H4,Coke,12537.5,12578.0,47,26
BATCH-20260724-161,2026-07-24T18:10:00,2026-07-24T18:11:02,2026-07-24T18:12:01,B,H4,Sinter,23308.6,23289.5,62,59
BATCH-20260724-162,2026-07-24T18:13:00,2026-07-24T18:14:02,2026-07-24T18:14:41,B,H2,Sinter,20210.5,20307.4,62,39
BATCH-20260724-163,2026-07-24T18:14:00,2026-07-24T18:14:57,2026-07-24T18:15:42,B,H3,Sinter,22899.0,22945.4,57,45
BATCH-20260724-164,2026-07-24T18:17:00,2026-07-24T18:17:54,2026-07-24T18:18:16,B,H2,Ore,25927.8,25938.3,54,22
BATCH-20260724-165,2026-07-24T18:30:00,2026-07-24T18:30:39,2026-07-24T18:31:05,B,H4,Pellet,19296.4,19351.4,39,26
BATCH-20260724-166,2026-07-24T18:53:00,2026-07-24T18:53:51,2026-07-24T18:54:24,B,H2,Limestone,12194.8,12186.7,51,33
BATCH-20260724-167,2026-07-24T18:55:00,2026-07-24T18:56:09,2026-07-24T18:56:50,B,H2,Pellet,15249.2,15655.4,69,41
BATCH-20260724-168,2026-07-24T19:01:00,2026-07-24T19:02:00,2026-07-24T19:02:59,B,H2,Limestone,15082.3,15118.3,60,59
BATCH-20260724-169,2026-07-24T19:14:00,2026-07-24T19:15:25,2026-07-24T19:16:25,B,H3,Pellet,16943.3,16993.6,85,60
BATCH-20260724-170,2026-07-24T19:31:00,2026-07-24T19:32:24,2026-07-24T19:33:02,B,H3,Sinter,23692.2,23771.2,84,38
BATCH-20260724-171,2026-07-24T19:50:00,2026-07-24T19:50:35,2026-07-24T19:51:22,B,H3,Coke,12523.8,12512.4,35,47
BATCH-20260724-172,2026-07-24T19:56:00,2026-07-24T19:57:17,2026-07-24T19:57:58,B,H4,Ore,26954.6,26977.2,77,41
BATCH-20260724-173,2026-07-24T20:07:00,2026-07-24T20:07:31,2026-07-24T20:08:14,B,H2,Ore,25414.9,25446.0,31,43
BATCH-20260724-174,2026-07-24T20:14:00,2026-07-24T20:15:08,2026-07-24T20:15:39,B,H2,Pellet,18329.9,18292.0,68,31
BATCH-20260724-175,2026-07-24T20:14:00,2026-07-24T20:14:51,2026-07-24T20:15:50,B,H1,Ore,19241.0,19284.5,51,59
BATCH-20260724-176,2026-07-24T20:17:00,2026-07-24T20:18:11,2026-07-24T20:19:05,B,H2,Coke,10212.0,10175.3,71,54
BATCH-20260724-177,2026-07-24T20:32:00,2026-07-24T20:32:56,2026-07-24T20:33:44,B,H2,Ore,20494.4,20439.7,56,48
BATCH-20260724-178,2026-07-24T20:33:00,2026-07-24T20:34:30,2026-07-24T20:35:06,B,H1,Limestone,12554.2,12579.7,90,36
BATCH-20260724-179,2026-07-24T20:38:00,2026-07-24T20:39:06,2026-07-24T20:40:01,B,H1,Sinter,24431.2,24485.5,66,55
BATCH-20260724-180,2026-07-24T20:38:00,2026-07-24T20:39:21,2026-07-24T20:40:14,B,H4,Coke,15768.0,15750.5,81,53
BATCH-20260724-181,2026-07-24T20:49:00,2026-07-24T20:50:00,2026-07-24T20:50:49,B,H3,Sinter,21605.8,21673.3,60,49
BATCH-20260724-182,2026-07-24T20:56:00,2026-07-24T20:57:11,2026-07-24T20:58:04,B,H1,Coke,14305.7,14375.0,71,53
BATCH-20260724-183,2026-07-24T21:01:00,2026-07-24T21:01:43,2026-07-24T21:02:15,B,H4,Ore,25011.7,25069.9,43,32
BATCH-20260724-184,2026-07-24T21:01:00,2026-07-24T21:01:55,2026-07-24T21:02:49,B,H4,Limestone,15451.6,15479.0,55,54
BATCH-20260724-185,2026-07-24T21:03:00,2026-07-24T21:04:30,2026-07-24T21:05:21,B,H1,Pellet,17868.5,17911.9,90,51
BATCH-20260724-186,2026-07-24T21:04:00,2026-07-24T21:05:04,2026-07-24T21:05:39,B,H4,Pellet,16955.5,16952.3,64,35
BATCH-20260724-187,2026-07-24T21:07:00,2026-07-24T21:07:37,2026-07-24T21:08:20,B,H2,Pellet,21819.4,21804.8,37,43
BATCH-20260724-188,2026-07-24T21:29:00,2026-07-24T21:30:29,2026-07-24T21:30:59,B,H2,Sinter,18757.5,18823.4,89,30
BATCH-20260724-189,2026-07-24T22:00:00,2026-07-24T22:00:41,2026-07-24T22:01:36,C,H1,Ore,25060.6,24996.6,41,55
BATCH-20260724-190,2026-07-24T22:07:00,2026-07-24T22:08:01,2026-07-24T22:08:40,C,H1,Limestone,10621.1,10562.5,61,39
BATCH-20260724-191,2026-07-24T22:10:00,2026-07-24T22:10:48,2026-07-24T22:11:13,C,H2,Sinter,23008.5,22879.6,48,25
BATCH-20260724-192,2026-07-24T22:14:00,2026-07-24T22:15:29,2026-07-24T22:15:54,C,H2,Sinter,24477.9,24505.2,89,25
BATCH-20260724-193,2026-07-24T22:14:00,2026-07-24T22:14:35,2026-07-24T22:15:32,C,H4,Pellet,12485.6,12491.3,35,57
BATCH-20260724-194,2026-07-24T22:16:00,2026-07-24T22:17:12,2026-07-24T22:17:50,C,H2,Limestone,15234.5,15157.2,72,38
BATCH-20260724-195,2026-07-24T22:43:00,2026-07-24T22:43:38,2026-07-24T22:44:03,C,H2,Sinter,17241.8,17241.1,38,25
BATCH-20260724-196,2026-07-24T22:45:00,2026-07-24T22:46:26,2026-07-24T22:47:11,C,H2,Limestone,12440.7,12564.8,86,45
BATCH-20260724-197,2026-07-24T22:47:00,2026-07-24T22:48:16,2026-07-24T22:48:55,C,H2,Sinter,23506.3,23482.3,76,39
BATCH-20260724-198,2026-07-24T22:58:00,2026-07-24T22:58:46,2026-07-24T22:59:28,C,H4,Ore,23863.0,23894.7,46,42
BATCH-20260724-199,2026-07-24T23:10:00,2026-07-24T23:10:56,2026-07-24T23:11:34,C,H1,Sinter,18590.6,18579.0,56,38
BATCH-20260724-200,2026-07-24T23:59:00,2026-07-24T23:59:43,2026-07-25T00:00:30,C,H3,Pellet,12716.6,12680.4,43,47
BATCH-20260725-001,2026-07-25T00:10:00,2026-07-25T00:11:06,2026-07-25T00:11:53,C,H4,Sinter,15964.0,16017.2,66,47
BATCH-20260725-002,2026-07-25T00:16:00,2026-07-25T00:16:47,2026-07-25T00:17:24,C,H4,Coke,10349.2,10389.3,47,37
BATCH-20260725-003,2026-07-25T00:19:00,2026-07-25T00:19:38,2026-07-25T00:20:26,C,H1,Sinter,15800.4,15808.4,38,48
BATCH-20260725-004,2026-07-25T00:28:00,2026-07-25T00:28:39,2026-07-25T00:29:28,C,H4,Coke,13309.1,13248.4,39,49
BATCH-20260725-005,2026-07-25T00:31:00,2026-07-25T00:32:07,2026-07-25T00:32:50,C,H4,Ore,23054.8,23063.8,67,43
BATCH-20260725-006,2026-07-25T00:31:00,2026-07-25T00:32:13,2026-07-25T00:32:36,C,H2,Sinter,16611.9,16605.6,73,23
BATCH-20260725-007,2026-07-25T00:35:00,2026-07-25T00:35:38,2026-07-25T00:36:19,C,H3,Sinter,16489.9,16463.9,38,41
BATCH-20260725-008,2026-07-25T00:36:00,2026-07-25T00:37:06,2026-07-25T00:38:03,C,H4,Limestone,11010.1,11031.9,66,57
BATCH-20260725-009,2026-07-25T00:45:00,2026-07-25T00:45:42,2026-07-25T00:46:05,C,H1,Ore,21655.2,21676.2,42,23
BATCH-20260725-010,2026-07-25T00:51:00,2026-07-25T00:51:50,2026-07-25T00:52:15,C,H2,Pellet,21827.0,21745.3,50,25
BATCH-20260725-011,2026-07-25T00:59:00,2026-07-25T01:00:27,2026-07-25T01:01:22,C,H2,Limestone,12150.9,12171.2,87,55
BATCH-20260725-012,2026-07-25T01:08:00,2026-07-25T01:09:13,2026-07-25T01:09:39,C,H1,Ore,18401.6,18440.6,73,26
BATCH-20260725-013,2026-07-25T01:12:00,2026-07-25T01:12:36,2026-07-25T01:13:11,C,H4,Sinter,16715.7,16787.5,36,35
BATCH-20260725-014,2026-07-25T01:14:00,2026-07-25T01:14:38,2026-07-25T01:15:19,C,H3,Sinter,23933.1,23917.1,38,41
BATCH-20260725-015,2026-07-25T01:21:00,2026-07-25T01:22:30,2026-07-25T01:23:08,C,H2,Coke,12280.2,12247.6,90,38
BATCH-20260725-016,2026-07-25T01:22:00,2026-07-25T01:22:34,2026-07-25T01:22:54,C,H3,Pellet,14963.0,14939.8,34,20
BATCH-20260725-017,2026-07-25T01:25:00,2026-07-25T01:26:06,2026-07-25T01:26:54,C,H3,Coke,14050.5,14051.2,66,48
BATCH-20260725-018,2026-07-25T01:26:00,2026-07-25T01:27:08,2026-07-25T01:28:00,C,H4,Sinter,17803.8,17773.0,68,52
BATCH-20260725-019,2026-07-25T01:32:00,2026-07-25T01:33:01,2026-07-25T01:33:22,C,H3,Ore,19019.8,19007.9,61,21
BATCH-20260725-020,2026-07-25T01:35:00,2026-07-25T01:36:26,2026-07-25T01:37:07,C,H1,Limestone,10710.0,10662.2,86,41
BATCH-20260725-021,2026-07-25T01:36:00,2026-07-25T01:36:56,2026-07-25T01:37:53,C,H1,Pellet,18129.8,18094.0,56,57
BATCH-20260725-022,2026-07-25T01:43:00,2026-07-25T01:43:33,2026-07-25T01:44:26,C,H1,Limestone,10403.8,10479.3,33,53
BATCH-20260725-023,2026-07-25T01:43:00,2026-07-25T01:44:03,2026-07-25T01:44:46,C,H3,Coke,14093.7,14083.0,63,43
BATCH-20260725-024,2026-07-25T01:50:00,2026-07-25T01:50:53,2026-07-25T01:51:30,C,H1,Coke,15976.3,16037.2,53,37
BATCH-20260725-025,2026-07-25T01:52:00,2026-07-25T01:53:24,2026-07-25T01:54:19,C,H4,Ore,24695.8,24749.3,84,55
BATCH-20260725-026,2026-07-25T01:56:00,2026-07-25T01:57:22,2026-07-25T01:57:59,C,H4,Limestone,14257.1,14258.6,82,37
BATCH-20260725-027,2026-07-25T02:01:00,2026-07-25T02:01:49,2026-07-25T02:02:26,C,H2,Coke,10779.2,10825.3,49,37
BATCH-20260725-028,2026-07-25T02:04:00,2026-07-25T02:04:39,2026-07-25T02:05:12,C,H1,Limestone,14833.1,14827.6,39,33
BATCH-20260725-029,2026-07-25T02:12:00,2026-07-25T02:12:54,2026-07-25T02:13:20,C,H4,Limestone,14357.2,14290.3,54,26
BATCH-20260725-030,2026-07-25T02:13:00,2026-07-25T02:14:11,2026-07-25T02:15:05,C,H4,Limestone,13362.6,13399.5,71,54
BATCH-20260725-031,2026-07-25T02:51:00,2026-07-25T02:51:32,2026-07-25T02:52:25,C,H1,Pellet,12105.0,12055.3,32,53
BATCH-20260725-032,2026-07-25T03:04:00,2026-07-25T03:04:42,2026-07-25T03:05:41,C,H2,Pellet,15010.1,15045.5,42,59
BATCH-20260725-033,2026-07-25T03:11:00,2026-07-25T03:12:25,2026-07-25T03:13:18,C,H4,Coke,11720.4,11722.5,85,53
BATCH-20260725-034,2026-07-25T03:24:00,2026-07-25T03:25:06,2026-07-25T03:26:06,C,H3,Limestone,13104.0,13127.3,66,60
BATCH-20260725-035,2026-07-25T03:27:00,2026-07-25T03:27:44,2026-07-25T03:28:37,C,H3,Coke,10288.7,10200.7,44,53
BATCH-20260725-036,2026-07-25T03:36:00,2026-07-25T03:36:39,2026-07-25T03:37:05,C,H2,Coke,13268.1,13314.3,39,26
BATCH-20260725-037,2026-07-25T03:39:00,2026-07-25T03:39:50,2026-07-25T03:40:22,C,H2,Coke,14191.5,14200.0,50,32
BATCH-20260725-038,2026-07-25T03:49:00,2026-07-25T03:50:12,2026-07-25T03:50:59,C,H4,Coke,13084.0,13214.3,72,47
BATCH-20260725-039,2026-07-25T03:55:00,2026-07-25T03:55:42,2026-07-25T03:56:40,C,H4,Pellet,18711.9,18755.8,42,58
BATCH-20260725-040,2026-07-25T04:09:00,2026-07-25T04:09:51,2026-07-25T04:10:17,C,H1,Limestone,11510.5,11433.8,51,26
BATCH-20260725-041,2026-07-25T04:33:00,2026-07-25T04:34:28,2026-07-25T04:35:00,C,H4,Coke,10481.1,10461.3,88,32
BATCH-20260725-042,2026-07-25T04:33:00,2026-07-25T04:33:40,2026-07-25T04:34:31,C,H2,Limestone,11907.8,11859.0,40,51
BATCH-20260725-043,2026-07-25T04:34:00,2026-07-25T04:35:13,2026-07-25T04:36:03,C,H3,Ore,18684.3,18736.8,73,50
BATCH-20260725-044,2026-07-25T04:38:00,2026-07-25T04:38:41,2026-07-25T04:39:15,C,H1,Sinter,17065.7,17101.4,41,34
BATCH-20260725-045,2026-07-25T04:49:00,2026-07-25T04:50:05,2026-07-25T04:50:57,C,H4,Pellet,17893.0,17939.0,65,52
BATCH-20260725-046,2026-07-25T05:02:00,2026-07-25T05:03:27,2026-07-25T05:03:58,C,H3,Limestone,12084.7,12105.6,87,31
BATCH-20260725-047,2026-07-25T05:08:00,2026-07-25T05:09:17,2026-07-25T05:10:02,C,H4,Pellet,20093.6,20110.7,77,45
BATCH-20260725-048,2026-07-25T05:16:00,2026-07-25T05:16:49,2026-07-25T05:17:33,C,H1,Ore,18543.0,18539.6,49,44
BATCH-20260725-049,2026-07-25T05:26:00,2026-07-25T05:26:33,2026-07-25T05:27:12,C,H2,Coke,10894.0,10873.6,33,39
BATCH-20260725-050,2026-07-25T05:36:00,2026-07-25T05:36:38,2026-07-25T05:37:10,C,H3,Limestone,15754.4,15691.7,38,32
BATCH-20260725-051,2026-07-25T05:38:00,2026-07-25T05:39:14,2026-07-25T05:39:57,C,H3,Coke,11755.7,11696.3,74,43
BATCH-20260725-052,2026-07-25T05:44:00,2026-07-25T05:45:19,2026-07-25T05:46:02,C,H3,Sinter,21343.8,21387.7,79,43
BATCH-20260725-053,2026-07-25T05:46:00,2026-07-25T05:47:05,2026-07-25T05:47:49,C,H1,Limestone,13291.3,13249.1,65,44
BATCH-20260725-054,2026-07-25T05:54:00,2026-07-25T05:54:38,2026-07-25T05:55:00,C,H2,Limestone,15793.1,15750.5,38,22
BATCH-20260725-055,2026-07-25T06:02:00,2026-07-25T06:03:26,2026-07-25T06:04:25,A,H4,Sinter,19576.0,19513.6,86,59
BATCH-20260725-056,2026-07-25T06:03:00,2026-07-25T06:04:03,2026-07-25T06:04:23,A,H2,Pellet,18034.9,18547.8,63,20
BATCH-20260725-057,2026-07-25T06:16:00,2026-07-25T06:17:04,2026-07-25T06:17:58,A,H2,Sinter,18635.8,18638.3,64,54
BATCH-20260725-058,2026-07-25T06:23:00,2026-07-25T06:23:54,2026-07-25T06:24:54,A,H2,Pellet,19246.3,19206.7,54,60
BATCH-20260725-059,2026-07-25T06:39:00,2026-07-25T06:40:16,2026-07-25T06:41:07,A,H3,Limestone,12280.1,12323.1,76,51
BATCH-20260725-060,2026-07-25T06:48:00,2026-07-25T06:48:31,2026-07-25T06:48:52,A,H1,Pellet,19896.5,19930.3,31,21
BATCH-20260725-061,2026-07-25T06:51:00,2026-07-25T06:51:56,2026-07-25T06:52:40,A,H3,Sinter,24978.7,24968.4,56,44
BATCH-20260725-062,2026-07-25T07:06:00,2026-07-25T07:07:10,2026-07-25T07:07:42,A,H1,Pellet,17486.7,17533.9,70,32
BATCH-20260725-063,2026-07-25T07:06:00,2026-07-25T07:07:20,2026-07-25T07:07:50,A,H3,Sinter,23104.4,23051.1,80,30
BATCH-20260725-064,2026-07-25T07:09:00,2026-07-25T07:09:30,2026-07-25T07:10:02,A,H3,Ore,26450.3,26388.6,30,32
BATCH-20260725-065,2026-07-25T07:11:00,2026-07-25T07:11:48,2026-07-25T07:12:08,A,H2,Pellet,17018.7,16932.3,48,20
BATCH-20260725-066,2026-07-25T07:13:00,2026-07-25T07:13:58,2026-07-25T07:14:23,A,H4,Coke,10740.3,10729.9,58,25
BATCH-20260725-067,2026-07-25T07:19:00,2026-07-25T07:19:59,2026-07-25T07:20:35,A,H3,Ore,26324.7,26280.9,59,36
BATCH-20260725-068,2026-07-25T07:27:00,2026-07-25T07:27:47,2026-07-25T07:28:31,A,H4,Sinter,17293.6,17280.8,47,44
BATCH-20260725-069,2026-07-25T07:29:00,2026-07-25T07:29:53,2026-07-25T07:30:45,A,H1,Sinter,18087.9,18073.1,53,52
BATCH-20260725-070,2026-07-25T07:30:00,2026-07-25T07:30:56,2026-07-25T07:31:53,A,H1,Sinter,24323.1,24286.3,56,57
BATCH-20260725-071,2026-07-25T07:30:00,2026-07-25T07:30:50,2026-07-25T07:31:18,A,H1,Sinter,18412.2,18425.2,50,28
BATCH-20260725-072,2026-07-25T07:31:00,2026-07-25T07:32:23,2026-07-25T07:32:50,A,H2,Coke,12599.4,12509.9,83,27
BATCH-20260725-073,2026-07-25T07:34:00,2026-07-25T07:35:13,2026-07-25T07:36:05,A,H2,Pellet,12191.4,12170.6,73,52
BATCH-20260725-074,2026-07-25T07:41:00,2026-07-25T07:41:37,2026-07-25T07:42:28,A,H3,Ore,21916.6,21841.5,37,51
BATCH-20260725-075,2026-07-25T07:55:00,2026-07-25T07:55:35,2026-07-25T07:56:25,A,H4,Coke,10194.7,10230.8,35,50
BATCH-20260725-076,2026-07-25T07:58:00,2026-07-25T07:59:13,2026-07-25T08:00:12,A,H1,Sinter,16869.9,16888.4,73,59
BATCH-20260725-077,2026-07-25T08:00:00,2026-07-25T08:00:47,2026-07-25T08:01:41,A,H1,Sinter,21530.6,21505.7,47,54
BATCH-20260725-078,2026-07-25T08:19:00,2026-07-25T08:20:24,2026-07-25T08:21:15,A,H3,Sinter,16830.5,16926.4,84,51
BATCH-20260725-079,2026-07-25T08:38:00,2026-07-25T08:38:42,2026-07-25T08:39:41,A,H2,Limestone,15344.0,15434.8,42,59
BATCH-20260725-080,2026-07-25T08:43:00,2026-07-25T08:43:31,2026-07-25T08:44:30,A,H1,Sinter,21973.4,22002.1,31,59
BATCH-20260725-081,2026-07-25T08:44:00,2026-07-25T08:44:48,2026-07-25T08:45:33,A,H1,Pellet,13686.8,13702.7,48,45
BATCH-20260725-082,2026-07-25T08:47:00,2026-07-25T08:47:54,2026-07-25T08:48:46,A,H3,Coke,13330.4,13362.6,54,52
BATCH-20260725-083,2026-07-25T08:53:00,2026-07-25T08:53:49,2026-07-25T08:54:24,A,H1,Pellet,15771.0,15810.8,49,35
BATCH-20260725-084,2026-07-25T09:04:00,2026-07-25T09:05:09,2026-07-25T09:05:57,A,H1,Pellet,13361.8,13425.2,69,48
BATCH-20260725-085,2026-07-25T09:16:00,2026-07-25T09:16:57,2026-07-25T09:17:17,A,H3,Limestone,10930.9,10890.8,57,20
BATCH-20260725-086,2026-07-25T09:33:00,2026-07-25T09:34:28,2026-07-25T09:35:28,A,H2,Ore,18650.4,18633.9,88,60
BATCH-20260725-087,2026-07-25T09:41:00,2026-07-25T09:42:18,2026-07-25T09:43:09,A,H3,Coke,10129.1,10154.7,78,51
BATCH-20260725-088,2026-07-25T09:43:00,2026-07-25T09:43:51,2026-07-25T09:44:24,A,H1,Sinter,23262.3,23306.2,51,33
BATCH-20260725-089,2026-07-25T09:49:00,2026-07-25T09:50:05,2026-07-25T09:50:50,A,H3,Sinter,22229.5,22171.1,65,45
BATCH-20260725-090,2026-07-25T09:54:00,2026-07-25T09:55:26,2026-07-25T09:56:03,A,H1,Sinter,15457.2,15412.2,86,37
BATCH-20260725-091,2026-07-25T09:55:00,2026-07-25T09:55:48,2026-07-25T09:56:28,A,H2,Pellet,21168.7,21165.7,48,40
BATCH-20260725-092,2026-07-25T10:00:00,2026-07-25T10:00:35,2026-07-25T10:01:03,A,H1,Sinter,15558.0,15581.8,35,28
BATCH-20260725-093,2026-07-25T10:04:00,2026-07-25T10:05:26,2026-07-25T10:06:20,A,H1,Limestone,13024.6,13107.2,86,54
BATCH-20260725-094,2026-07-25T10:04:00,2026-07-25T10:04:46,2026-07-25T10:05:42,A,H3,Sinter,24959.5,24942.9,46,56
BATCH-20260725-095,2026-07-25T10:08:00,2026-07-25T10:09:08,2026-07-25T10:09:53,A,H4,Pellet,20573.1,20533.7,68,45
BATCH-20260725-096,2026-07-25T10:13:00,2026-07-25T10:14:00,2026-07-25T10:14:47,A,H2,Pellet,16964.3,16918.2,60,47
BATCH-20260725-097,2026-07-25T10:14:00,2026-07-25T10:14:42,2026-07-25T10:15:12,A,H2,Limestone,13046.2,13023.3,42,30
BATCH-20260725-098,2026-07-25T10:28:00,2026-07-25T10:28:30,2026-07-25T10:28:59,A,H3,Coke,14204.6,14231.4,30,29
BATCH-20260725-099,2026-07-25T10:46:00,2026-07-25T10:47:17,2026-07-25T10:47:57,A,H3,Sinter,23875.0,23911.0,77,40
BATCH-20260725-100,2026-07-25T10:54:00,2026-07-25T10:54:37,2026-07-25T10:55:13,A,H4,Pellet,18891.3,18908.6,37,36
BATCH-20260725-101,2026-07-25T11:02:00,2026-07-25T11:02:34,2026-07-25T11:03:06,A,H4,Pellet,19271.3,19243.3,34,32
BATCH-20260725-102,2026-07-25T11:11:00,2026-07-25T11:11:58,2026-07-25T11:12:19,A,H1,Sinter,20701.1,20681.9,58,21
BATCH-20260725-103,2026-07-25T11:17:00,2026-07-25T11:17:36,2026-07-25T11:18:22,A,H1,Ore,20467.6,20490.6,36,46
BATCH-20260725-104,2026-07-25T11:24:00,2026-07-25T11:25:25,2026-07-25T11:25:51,A,H4,Limestone,10176.8,10019.8,85,26
BATCH-20260725-105,2026-07-25T11:30:00,2026-07-25T11:31:18,2026-07-25T11:32:00,A,H1,Coke,10969.6,10992.0,78,42
BATCH-20260725-106,2026-07-25T11:40:00,2026-07-25T11:40:57,2026-07-25T11:41:50,A,H2,Sinter,21794.6,21954.6,57,53
BATCH-20260725-107,2026-07-25T11:42:00,2026-07-25T11:42:50,2026-07-25T11:43:23,A,H4,Coke,12938.8,12812.5,50,33
BATCH-20260725-108,2026-07-25T11:50:00,2026-07-25T11:50:41,2026-07-25T11:51:21,A,H3,Ore,28090.8,28108.6,41,40
BATCH-20260725-109,2026-07-25T12:01:00,2026-07-25T12:01:32,2026-07-25T12:02:27,A,H4,Sinter,22449.3,22440.9,32,55
BATCH-20260725-110,2026-07-25T12:02:00,2026-07-25T12:02:37,2026-07-25T12:03:32,A,H1,Pellet,17746.2,17731.9,37,55
BATCH-20260725-111,2026-07-25T12:14:00,2026-07-25T12:14:41,2026-07-25T12:15:22,A,H3,Limestone,11001.0,10971.9,41,41
BATCH-20260725-112,2026-07-25T12:18:00,2026-07-25T12:19:18,2026-07-25T12:19:56,A,H4,Limestone,12844.9,12825.4,78,38
BATCH-20260725-113,2026-07-25T12:23:00,2026-07-25T12:23:34,2026-07-25T12:24:01,A,H2,Limestone,12363.5,12363.7,34,27
BATCH-20260725-114,2026-07-25T12:24:00,2026-07-25T12:25:26,2026-07-25T12:26:11,A,H3,Sinter,15580.1,15620.1,86,45
BATCH-20260725-115,2026-07-25T12:28:00,2026-07-25T12:29:29,2026-07-25T12:29:57,A,H3,Pellet,20655.6,20639.2,89,28
BATCH-20260725-116,2026-07-25T12:36:00,2026-07-25T12:36:52,2026-07-25T12:37:33,A,H4,Limestone,12493.4,12495.9,52,41
BATCH-20260725-117,2026-07-25T12:40:00,2026-07-25T12:40:53,2026-07-25T12:41:47,A,H2,Sinter,18071.2,18101.2,53,54
BATCH-20260725-118,2026-07-25T12:47:00,2026-07-25T12:48:20,2026-07-25T12:49:08,A,H4,Limestone,13319.6,13362.7,80,48
BATCH-20260725-119,2026-07-25T12:56:00,2026-07-25T12:56:40,2026-07-25T12:57:03,A,H2,Coke,14358.5,14397.5,40,23
BATCH-20260725-120,2026-07-25T13:02:00,2026-07-25T13:02:38,2026-07-25T13:02:59,A,H4,Pellet,21257.5,21236.3,38,21
BATCH-20260725-121,2026-07-25T13:04:00,2026-07-25T13:05:07,2026-07-25T13:05:40,A,H4,Coke,15323.9,15293.5,67,33
BATCH-20260725-122,2026-07-25T13:06:00,2026-07-25T13:07:08,2026-07-25T13:08:08,A,H4,Pellet,12566.8,12488.6,68,60
BATCH-20260725-123,2026-07-25T13:06:00,2026-07-25T13:07:06,2026-07-25T13:07:46,A,H4,Coke,14332.2,14326.4,66,40
BATCH-20260725-124,2026-07-25T13:19:00,2026-07-25T13:19:49,2026-07-25T13:20:49,A,H4,Pellet,12558.9,12608.9,49,60
BATCH-20260725-125,2026-07-25T13:26:00,2026-07-25T13:27:10,2026-07-25T13:27:50,A,H2,Coke,15766.9,15764.9,70,40
BATCH-20260725-126,2026-07-25T13:33:00,2026-07-25T13:33:53,2026-07-25T13:34:53,A,H3,Ore,23291.7,23238.4,53,60
BATCH-20260725-127,2026-07-25T13:34:00,2026-07-25T13:34:49,2026-07-25T13:35:35,A,H1,Ore,24786.5,24849.1,49,46
BATCH-20260725-128,2026-07-25T13:37:00,2026-07-25T13:38:08,2026-07-25T13:38:35,A,H2,Pellet,13433.7,13518.7,68,27
BATCH-20260725-129,2026-07-25T13:45:00,2026-07-25T13:46:24,2026-07-25T13:47:21,A,H1,Ore,21727.0,21709.2,84,57
BATCH-20260725-130,2026-07-25T14:02:00,2026-07-25T14:02:38,2026-07-25T14:03:02,B,H4,Coke,17632.7,17685.9,38,24
BATCH-20260725-131,2026-07-25T14:10:00,2026-07-25T14:10:43,2026-07-25T14:11:42,B,H4,Limestone,13431.6,13472.1,43,59
BATCH-20260725-132,2026-07-25T14:13:00,2026-07-25T14:14:06,2026-07-25T14:14:31,B,H3,Coke,13132.9,13167.4,66,25
BATCH-20260725-133,2026-07-25T14:14:00,2026-07-25T14:14:34,2026-07-25T14:14:58,B,H2,Sinter,18019.9,18047.5,34,24
BATCH-20260725-134,2026-07-25T14:18:00,2026-07-25T14:18:58,2026-07-25T14:19:41,B,H3,Coke,13406.2,13379.3,58,43
BATCH-20260725-135,2026-07-25T14:18:00,2026-07-25T14:19:21,2026-07-25T14:20:00,B,H4,Limestone,13539.3,13521.9,81,39
BATCH-20260725-136,2026-07-25T14:23:00,2026-07-25T14:23:46,2026-07-25T14:24:18,B,H3,Coke,11121.2,11079.2,46,32
BATCH-20260725-137,2026-07-25T14:26:00,2026-07-25T14:27:11,2026-07-25T14:27:52,B,H2,Coke,15242.6,15223.8,71,41
BATCH-20260725-138,2026-07-25T14:26:00,2026-07-25T14:27:00,2026-07-25T14:27:49,B,H4,Limestone,11780.7,11771.7,60,49
BATCH-20260725-139,2026-07-25T14:41:00,2026-07-25T14:41:49,2026-07-25T14:42:33,B,H2,Limestone,11039.9,11011.5,49,44
BATCH-20260725-140,2026-07-25T14:42:00,2026-07-25T14:42:50,2026-07-25T14:43:16,B,H2,Sinter,17445.1,17434.4,50,26
BATCH-20260725-141,2026-07-25T14:43:00,2026-07-25T14:43:58,2026-07-25T14:44:40,B,H2,Ore,22177.0,22192.2,58,42
BATCH-20260725-142,2026-07-25T14:46:00,2026-07-25T14:46:51,2026-07-25T14:47:22,B,H1,Pellet,19906.7,19859.8,51,31
BATCH-20260725-143,2026-07-25T14:52:00,2026-07-25T14:53:02,2026-07-25T14:53:39,B,H1,Ore,22213.1,22219.5,62,37
BATCH-20260725-144,2026-07-25T14:56:00,2026-07-25T14:57:10,2026-07-25T14:57:51,B,H4,Sinter,23759.2,23685.9,70,41
BATCH-20260725-145,2026-07-25T15:07:00,2026-07-25T15:08:23,2026-07-25T15:09:19,B,H1,Ore,28415.8,28453.2,83,56
BATCH-20260725-146,2026-07-25T15:17:00,2026-07-25T15:17:53,2026-07-25T15:18:48,B,H3,Ore,22212.5,22193.5,53,55
BATCH-20260725-147,2026-07-25T15:25:00,2026-07-25T15:26:02,2026-07-25T15:26:33,B,H4,Coke,13408.7,13322.6,62,31
BATCH-20260725-148,2026-07-25T15:35:00,2026-07-25T15:35:46,2026-07-25T15:36:33,B,H1,Pellet,15914.1,15924.8,46,47
BATCH-20260725-149,2026-07-25T15:47:00,2026-07-25T15:48:04,2026-07-25T15:48:46,B,H3,Pellet,21908.9,21881.2,64,42
BATCH-20260725-150,2026-07-25T16:06:00,2026-07-25T16:06:32,2026-07-25T16:07:15,B,H3,Limestone,14377.4,14409.0,32,43
BATCH-20260725-151,2026-07-25T16:09:00,2026-07-25T16:09:30,2026-07-25T16:10:14,B,H2,Pellet,20398.9,20311.9,30,44
BATCH-20260725-152,2026-07-25T16:12:00,2026-07-25T16:12:52,2026-07-25T16:13:16,B,H3,Ore,27290.9,27332.5,52,24
BATCH-20260725-153,2026-07-25T16:16:00,2026-07-25T16:17:10,2026-07-25T16:18:04,B,H2,Limestone,15383.1,15487.1,70,54
BATCH-20260725-154,2026-07-25T16:16:00,2026-07-25T16:17:06,2026-07-25T16:17:33,B,H1,Limestone,10541.8,10513.7,66,27
BATCH-20260725-155,2026-07-25T16:31:00,2026-07-25T16:31:49,2026-07-25T16:32:35,B,H4,Pellet,13799.7,13828.0,49,46
BATCH-20260725-156,2026-07-25T16:45:00,2026-07-25T16:46:24,2026-07-25T16:47:17,B,H1,Ore,20651.5,20665.1,84,53
BATCH-20260725-157,2026-07-25T16:49:00,2026-07-25T16:50:07,2026-07-25T16:50:56,B,H1,Coke,11118.6,11188.7,67,49
BATCH-20260725-158,2026-07-25T16:55:00,2026-07-25T16:55:53,2026-07-25T16:56:23,B,H4,Limestone,13207.3,13145.8,53,30
BATCH-20260725-159,2026-07-25T17:18:00,2026-07-25T17:18:46,2026-07-25T17:19:13,B,H4,Limestone,15508.1,15491.0,46,27
BATCH-20260725-160,2026-07-25T17:31:00,2026-07-25T17:31:37,2026-07-25T17:32:15,B,H4,Ore,18883.4,18880.6,37,38
BATCH-20260725-161,2026-07-25T17:48:00,2026-07-25T17:49:28,2026-07-25T17:50:22,B,H2,Limestone,14405.6,14424.3,88,54
BATCH-20260725-162,2026-07-25T17:51:00,2026-07-25T17:52:27,2026-07-25T17:53:08,B,H1,Sinter,19359.8,19367.2,87,41
BATCH-20260725-163,2026-07-25T17:56:00,2026-07-25T17:56:40,2026-07-25T17:57:10,B,H3,Coke,16994.7,17029.8,40,30
BATCH-20260725-164,2026-07-25T18:26:00,2026-07-25T18:27:12,2026-07-25T18:27:37,B,H4,Ore,22128.9,22132.7,72,25
BATCH-20260725-165,2026-07-25T18:27:00,2026-07-25T18:28:06,2026-07-25T18:29:02,B,H2,Sinter,21130.4,21100.4,66,56
BATCH-20260725-166,2026-07-25T18:32:00,2026-07-25T18:32:53,2026-07-25T18:33:41,B,H1,Sinter,21567.9,21501.6,53,48
BATCH-20260725-167,2026-07-25T18:38:00,2026-07-25T18:38:45,2026-07-25T18:39:29,B,H3,Sinter,18090.8,18015.1,45,44
BATCH-20260725-168,2026-07-25T18:58:00,2026-07-25T18:58:44,2026-07-25T18:59:12,B,H2,Ore,28783.7,28822.0,44,28
BATCH-20260725-169,2026-07-25T18:58:00,2026-07-25T18:58:57,2026-07-25T18:59:38,B,H4,Coke,17743.5,17709.1,57,41
BATCH-20260725-170,2026-07-25T19:04:00,2026-07-25T19:05:05,2026-07-25T19:05:34,B,H3,Ore,25679.2,25630.6,65,29
BATCH-20260725-171,2026-07-25T19:04:00,2026-07-25T19:05:21,2026-07-25T19:06:21,B,H2,Limestone,11513.8,11565.4,81,60
BATCH-20260725-172,2026-07-25T19:05:00,2026-07-25T19:06:05,2026-07-25T19:06:52,B,H2,Pellet,18815.6,18786.2,65,47
BATCH-20260725-173,2026-07-25T19:09:00,2026-07-25T19:10:01,2026-07-25T19:10:26,B,H3,Ore,25140.9,25171.5,61,25
BATCH-20260725-174,2026-07-25T19:15:00,2026-07-25T19:16:01,2026-07-25T19:16:27,B,H4,Coke,17714.9,17712.5,61,26
BATCH-20260725-175,2026-07-25T19:25:00,2026-07-25T19:26:07,2026-07-25T19:27:05,B,H1,Sinter,24785.0,24714.7,67,58
BATCH-20260725-176,2026-07-25T19:40:00,2026-07-25T19:41:13,2026-07-25T19:42:06,B,H3,Pellet,16203.5,16147.4,73,53
BATCH-20260725-177,2026-07-25T19:41:00,2026-07-25T19:41:47,2026-07-25T19:42:31,B,H4,Coke,11339.8,11324.0,47,44
BATCH-20260725-178,2026-07-25T19:41:00,2026-07-25T19:41:47,2026-07-25T19:42:09,B,H3,Sinter,22020.2,21961.8,47,22
BATCH-20260725-179,2026-07-25T19:52:00,2026-07-25T19:52:48,2026-07-25T19:53:14,B,H2,Limestone,14312.8,14289.6,48,26
BATCH-20260725-180,2026-07-25T20:08:00,2026-07-25T20:09:28,2026-07-25T20:09:59,B,H3,Sinter,18441.7,18387.4,88,31
BATCH-20260725-181,2026-07-25T20:08:00,2026-07-25T20:09:27,2026-07-25T20:09:56,B,H3,Ore,27019.3,27000.4,87,29
BATCH-20260725-182,2026-07-25T20:15:00,2026-07-25T20:16:29,2026-07-25T20:16:50,B,H3,Limestone,11972.7,12012.4,89,21
BATCH-20260725-183,2026-07-25T20:23:00,2026-07-25T20:24:29,2026-07-25T20:25:04,B,H4,Ore,25237.2,25219.8,89,35
BATCH-20260725-184,2026-07-25T20:32:00,2026-07-25T20:32:41,2026-07-25T20:33:16,B,H1,Coke,11847.8,11826.6,41,35
BATCH-20260725-185,2026-07-25T20:57:00,2026-07-25T20:57:31,2026-07-25T20:58:15,B,H1,Ore,19064.7,19094.2,31,44
BATCH-20260725-186,2026-07-25T21:20:00,2026-07-25T21:21:28,2026-07-25T21:22:16,B,H2,Ore,23204.6,23199.3,88,48
BATCH-20260725-187,2026-07-25T21:22:00,2026-07-25T21:23:08,2026-07-25T21:23:50,B,H3,Ore,20038.1,19999.7,68,42
BATCH-20260725-188,2026-07-25T21:26:00,2026-07-25T21:27:03,2026-07-25T21:27:30,B,H3,Pellet,19289.4,19257.6,63,27
BATCH-20260725-189,2026-07-25T21:40:00,2026-07-25T21:40:38,2026-07-25T21:41:20,B,H2,Pellet,21445.5,21358.4,38,42
BATCH-20260725-190,2026-07-25T21:42:00,2026-07-25T21:43:03,2026-07-25T21:43:42,B,H1,Limestone,12161.6,12169.4,63,39
BATCH-20260725-191,2026-07-25T21:44:00,2026-07-25T21:44:58,2026-07-25T21:45:18,B,H1,Sinter,19558.7,19534.7,58,20
BATCH-20260725-192,2026-07-25T21:46:00,2026-07-25T21:47:02,2026-07-25T21:47:28,B,H2,Coke,12528.8,12456.0,62,26
BATCH-20260725-193,2026-07-25T21:50:00,2026-07-25T21:50:51,2026-07-25T21:51:15,B,H2,Limestone,13523.4,13569.1,51,24
BATCH-20260725-194,2026-07-25T21:57:00,2026-07-25T21:57:50,2026-07-25T21:58:40,B,H3,Coke,15410.5,15342.8,50,50
BATCH-20260725-195,2026-07-25T22:18:00,2026-07-25T22:18:40,2026-07-25T22:19:07,C,H4,Sinter,16145.2,16204.2,40,27
BATCH-20260725-196,2026-07-25T22:41:00,2026-07-25T22:42:10,2026-07-25T22:42:56,C,H3,Pellet,12993.6,12993.1,70,46
BATCH-20260725-197,2026-07-25T23:34:00,2026-07-25T23:35:01,2026-07-25T23:35:29,C,H2,Coke,10492.0,10420.1,61,28
BATCH-20260725-198,2026-07-25T23:47:00,2026-07-25T23:48:11,2026-07-25T23:48:48,C,H1,Sinter,20097.0,20058.6,71,37
BATCH-20260725-199,2026-07-25T23:48:00,2026-07-25T23:49:20,2026-07-25T23:49:59,C,H4,Sinter,19713.2,19752.6,80,39
BATCH-20260725-200,2026-07-25T23:51:00,2026-07-25T23:51:36,2026-07-25T23:52:12,C,H1,Coke,11453.5,11500.4,36,36
BATCH-20260726-001,2026-07-26T00:07:00,2026-07-26T00:08:05,2026-07-26T00:08:52,C,H2,Coke,10880.8,10876.6,65,47
BATCH-20260726-002,2026-07-26T00:25:00,2026-07-26T00:25:32,2026-07-26T00:26:26,C,H1,Pellet,17843.0,17899.7,32,54
BATCH-20260726-003,2026-07-26T00:29:00,2026-07-26T00:30:05,2026-07-26T00:30:33,C,H1,Ore,22344.1,22383.4,65,28
BATCH-20260726-004,2026-07-26T00:30:00,2026-07-26T00:31:11,2026-07-26T00:31:40,C,H1,Pellet,14750.8,14748.6,71,29
BATCH-20260726-005,2026-07-26T00:44:00,2026-07-26T00:45:11,2026-07-26T00:45:49,C,H2,Coke,11204.1,11212.2,71,38
BATCH-20260726-006,2026-07-26T00:52:00,2026-07-26T00:52:47,2026-07-26T00:53:39,C,H2,Sinter,24816.7,24914.0,47,52
BATCH-20260726-007,2026-07-26T00:54:00,2026-07-26T00:54:50,2026-07-26T00:55:26,C,H2,Pellet,17424.2,17405.7,50,36
BATCH-20260726-008,2026-07-26T00:57:00,2026-07-26T00:58:04,2026-07-26T00:58:28,C,H2,Sinter,20656.3,20695.5,64,24
BATCH-20260726-009,2026-07-26T00:58:00,2026-07-26T00:59:08,2026-07-26T01:00:03,C,H3,Pellet,15784.3,15866.6,68,55
BATCH-20260726-010,2026-07-26T01:01:00,2026-07-26T01:02:27,2026-07-26T01:02:47,C,H2,Limestone,12746.5,12772.6,87,20
BATCH-20260726-011,2026-07-26T01:02:00,2026-07-26T01:02:46,2026-07-26T01:03:21,C,H1,Pellet,13107.8,13098.8,46,35
BATCH-20260726-012,2026-07-26T01:08:00,2026-07-26T01:08:31,2026-07-26T01:08:52,C,H4,Coke,16595.1,16602.7,31,21
BATCH-20260726-013,2026-07-26T01:11:00,2026-07-26T01:11:45,2026-07-26T01:12:09,C,H1,Pellet,21369.1,21449.6,45,24
BATCH-20260726-014,2026-07-26T01:19:00,2026-07-26T01:19:49,2026-07-26T01:20:43,C,H4,Ore,26671.0,26665.3,49,54
BATCH-20260726-015,2026-07-26T01:27:00,2026-07-26T01:28:28,2026-07-26T01:29:01,C,H1,Ore,26009.8,25928.9,88,33
BATCH-20260726-016,2026-07-26T01:40:00,2026-07-26T01:41:30,2026-07-26T01:41:54,C,H3,Coke,14521.8,14457.0,90,24
BATCH-20260726-017,2026-07-26T01:42:00,2026-07-26T01:42:58,2026-07-26T01:43:44,C,H1,Limestone,15160.5,15080.5,58,46
BATCH-20260726-018,2026-07-26T02:05:00,2026-07-26T02:05:56,2026-07-26T02:06:45,C,H3,Sinter,16756.4,16762.7,56,49
BATCH-20260726-019,2026-07-26T02:09:00,2026-07-26T02:10:14,2026-07-26T02:10:51,C,H2,Sinter,18043.7,18017.4,74,37
BATCH-20260726-020,2026-07-26T02:35:00,2026-07-26T02:35:31,2026-07-26T02:36:04,C,H4,Pellet,14866.6,14843.4,31,33
BATCH-20260726-021,2026-07-26T02:36:00,2026-07-26T02:36:47,2026-07-26T02:37:20,C,H4,Ore,19442.4,19450.7,47,33
BATCH-20260726-022,2026-07-26T02:50:00,2026-07-26T02:50:40,2026-07-26T02:51:00,C,H2,Ore,29193.6,29189.8,40,20
BATCH-20260726-023,2026-07-26T02:54:00,2026-07-26T02:55:22,2026-07-26T02:56:12,C,H2,Coke,13033.9,13056.8,82,50
BATCH-20260726-024,2026-07-26T02:59:00,2026-07-26T03:00:00,2026-07-26T03:00:20,C,H4,Ore,18715.6,18677.8,60,20
BATCH-20260726-025,2026-07-26T03:07:00,2026-07-26T03:07:31,2026-07-26T03:08:18,C,H3,Sinter,20158.6,20084.0,31,47
BATCH-20260726-026,2026-07-26T03:18:00,2026-07-26T03:18:53,2026-07-26T03:19:49,C,H2,Limestone,14031.2,14140.9,53,56
BATCH-20260726-027,2026-07-26T03:19:00,2026-07-26T03:19:48,2026-07-26T03:20:48,C,H4,Ore,19220.8,19161.9,48,60
BATCH-20260726-028,2026-07-26T03:29:00,2026-07-26T03:29:43,2026-07-26T03:30:20,C,H4,Ore,27270.3,27261.4,43,37
BATCH-20260726-029,2026-07-26T03:32:00,2026-07-26T03:32:53,2026-07-26T03:33:32,C,H4,Limestone,12018.8,12067.5,53,39
BATCH-20260726-030,2026-07-26T03:42:00,2026-07-26T03:42:40,2026-07-26T03:43:13,C,H4,Ore,27241.9,27321.2,40,33
BATCH-20260726-031,2026-07-26T03:57:00,2026-07-26T03:58:03,2026-07-26T03:58:43,C,H4,Sinter,23411.2,23389.0,63,40
BATCH-20260726-032,2026-07-26T04:07:00,2026-07-26T04:08:06,2026-07-26T04:09:05,C,H2,Limestone,11502.1,11560.5,66,59
BATCH-20260726-033,2026-07-26T04:08:00,2026-07-26T04:09:22,2026-07-26T04:10:09,C,H1,Ore,24427.5,24490.7,82,47
BATCH-20260726-034,2026-07-26T04:08:00,2026-07-26T04:09:06,2026-07-26T04:09:32,C,H3,Limestone,10449.2,10441.2,66,26
BATCH-20260726-035,2026-07-26T04:12:00,2026-07-26T04:12:42,2026-07-26T04:13:04,C,H1,Pellet,16665.6,16602.7,42,22
BATCH-20260726-036,2026-07-26T04:15:00,2026-07-26T04:15:33,2026-07-26T04:15:55,C,H2,Coke,17463.4,17507.7,33,22
BATCH-20260726-037,2026-07-26T04:16:00,2026-07-26T04:17:21,2026-07-26T04:18:20,C,H4,Coke,14466.9,14831.7,81,59
BATCH-20260726-038,2026-07-26T04:17:00,2026-07-26T04:18:28,2026-07-26T04:19:27,C,H4,Coke,17311.1,17278.2,88,59
BATCH-20260726-039,2026-07-26T04:21:00,2026-07-26T04:21:50,2026-07-26T04:22:10,C,H1,Limestone,10283.1,10447.6,50,20
BATCH-20260726-040,2026-07-26T04:28:00,2026-07-26T04:28:31,2026-07-26T04:28:54,C,H4,Ore,21012.7,20905.5,31,23
BATCH-20260726-041,2026-07-26T04:31:00,2026-07-26T04:32:29,2026-07-26T04:33:25,C,H3,Pellet,21298.6,21325.4,89,56
BATCH-20260726-042,2026-07-26T04:37:00,2026-07-26T04:38:08,2026-07-26T04:38:49,C,H4,Coke,12669.1,12753.2,68,41
BATCH-20260726-043,2026-07-26T04:49:00,2026-07-26T04:49:58,2026-07-26T04:50:34,C,H4,Coke,10106.4,10146.7,58,36
BATCH-20260726-044,2026-07-26T04:52:00,2026-07-26T04:53:12,2026-07-26T04:54:09,C,H1,Sinter,16930.1,16927.4,72,57
BATCH-20260726-045,2026-07-26T04:57:00,2026-07-26T04:57:54,2026-07-26T04:58:35,C,H1,Sinter,21848.0,21849.3,54,41
BATCH-20260726-046,2026-07-26T05:00:00,2026-07-26T05:01:23,2026-07-26T05:02:14,C,H1,Limestone,10516.4,10528.4,83,51
BATCH-20260726-047,2026-07-26T05:12:00,2026-07-26T05:12:48,2026-07-26T05:13:13,C,H4,Ore,25572.8,25510.0,48,25
BATCH-20260726-048,2026-07-26T05:22:00,2026-07-26T05:23:26,2026-07-26T05:24:08,C,H3,Sinter,24962.6,24992.5,86,42
BATCH-20260726-049,2026-07-26T05:29:00,2026-07-26T05:30:24,2026-07-26T05:31:07,C,H1,Ore,25355.2,25335.0,84,43
BATCH-20260726-050,2026-07-26T05:30:00,2026-07-26T05:31:00,2026-07-26T05:31:47,C,H3,Coke,12981.7,12943.4,60,47
BATCH-20260726-051,2026-07-26T05:33:00,2026-07-26T05:34:23,2026-07-26T05:35:17,C,H1,Sinter,24344.4,24287.6,83,54
BATCH-20260726-052,2026-07-26T05:47:00,2026-07-26T05:48:07,2026-07-26T05:49:01,C,H1,Pellet,14825.7,14890.3,67,54
BATCH-20260726-053,2026-07-26T05:52:00,2026-07-26T05:53:13,2026-07-26T05:53:44,C,H1,Limestone,10745.5,10735.4,73,31
BATCH-20260726-054,2026-07-26T05:57:00,2026-07-26T05:57:52,2026-07-26T05:58:50,C,H2,Coke,10831.8,10945.7,52,58
BATCH-20260726-055,2026-07-26T06:02:00,2026-07-26T06:03:03,2026-07-26T06:03:38,A,H2,Coke,12914.7,12915.3,63,35
BATCH-20260726-056,2026-07-26T06:20:00,2026-07-26T06:20:43,2026-07-26T06:21:15,A,H4,Sinter,24901.3,24841.9,43,32
BATCH-20260726-057,2026-07-26T06:20:00,2026-07-26T06:20:47,2026-07-26T06:21:46,A,H4,Ore,24020.6,23991.6,47,59
BATCH-20260726-058,2026-07-26T06:24:00,2026-07-26T06:24:38,2026-07-26T06:25:26,A,H2,Pellet,15378.1,15333.2,38,48
BATCH-20260726-059,2026-07-26T06:40:00,2026-07-26T06:40:32,2026-07-26T06:40:57,A,H1,Ore,22836.8,22895.9,32,25
BATCH-20260726-060,2026-07-26T06:46:00,2026-07-26T06:47:01,2026-07-26T06:47:39,A,H4,Sinter,17566.0,17502.8,61,38
BATCH-20260726-061,2026-07-26T06:49:00,2026-07-26T06:50:22,2026-07-26T06:51:19,A,H1,Coke,17454.3,17530.4,82,57
BATCH-20260726-062,2026-07-26T06:57:00,2026-07-26T06:58:24,2026-07-26T06:58:54,A,H2,Pellet,17995.0,18041.3,84,30
BATCH-20260726-063,2026-07-26T07:00:00,2026-07-26T07:00:56,2026-07-26T07:01:48,A,H3,Ore,18218.9,18264.2,56,52
BATCH-20260726-064,2026-07-26T07:05:00,2026-07-26T07:06:29,2026-07-26T07:07:13,A,H3,Ore,20731.1,20752.1,89,44
BATCH-20260726-065,2026-07-26T07:30:00,2026-07-26T07:31:13,2026-07-26T07:31:58,A,H4,Sinter,22382.9,22634.3,73,45
BATCH-20260726-066,2026-07-26T07:34:00,2026-07-26T07:35:00,2026-07-26T07:35:21,A,H2,Coke,12393.2,12355.9,60,21
BATCH-20260726-067,2026-07-26T07:34:00,2026-07-26T07:35:01,2026-07-26T07:35:55,A,H1,Limestone,15824.8,15751.0,61,54
BATCH-20260726-068,2026-07-26T07:50:00,2026-07-26T07:50:32,2026-07-26T07:51:18,A,H4,Sinter,17286.6,17369.2,32,46
BATCH-20260726-069,2026-07-26T08:14:00,2026-07-26T08:15:23,2026-07-26T08:15:46,A,H2,Ore,22877.4,22804.5,83,23
BATCH-20260726-070,2026-07-26T08:15:00,2026-07-26T08:16:08,2026-07-26T08:16:36,A,H2,Ore,25276.6,25321.0,68,28
BATCH-20260726-071,2026-07-26T08:37:00,2026-07-26T08:37:31,2026-07-26T08:38:20,A,H4,Sinter,23712.6,23680.4,31,49
BATCH-20260726-072,2026-07-26T08:38:00,2026-07-26T08:39:16,2026-07-26T08:39:37,A,H4,Pellet,17644.4,17543.0,76,21
BATCH-20260726-073,2026-07-26T08:44:00,2026-07-26T08:45:25,2026-07-26T08:46:11,A,H3,Ore,26764.1,26785.5,85,46
BATCH-20260726-074,2026-07-26T08:49:00,2026-07-26T08:50:26,2026-07-26T08:50:57,A,H2,Coke,10199.8,10222.9,86,31
BATCH-20260726-075,2026-07-26T08:53:00,2026-07-26T08:53:36,2026-07-26T08:54:01,A,H1,Coke,15431.9,15336.8,36,25
BATCH-20260726-076,2026-07-26T08:58:00,2026-07-26T08:59:21,2026-07-26T09:00:06,A,H2,Coke,15616.5,15592.9,81,45
BATCH-20260726-077,2026-07-26T09:05:00,2026-07-26T09:05:52,2026-07-26T09:06:32,A,H4,Sinter,16843.8,16881.2,52,40
BATCH-20260726-078,2026-07-26T09:19:00,2026-07-26T09:19:58,2026-07-26T09:20:48,A,H1,Sinter,23577.2,23587.0,58,50
BATCH-20260726-079,2026-07-26T09:32:00,2026-07-26T09:33:14,2026-07-26T09:33:51,A,H3,Limestone,12524.5,12475.3,74,37
BATCH-20260726-080,2026-07-26T09:34:00,2026-07-26T09:35:07,2026-07-26T09:35:34,A,H1,Limestone,14598.0,14610.7,67,27
BATCH-20260726-081,2026-07-26T09:34:00,2026-07-26T09:34:53,2026-07-26T09:35:17,A,H4,Sinter,22443.7,22476.8,53,24
BATCH-20260726-082,2026-07-26T09:39:00,2026-07-26T09:39:36,2026-07-26T09:40:31,A,H2,Ore,21526.5,21473.4,36,55
BATCH-20260726-083,2026-07-26T09:45:00,2026-07-26T09:46:09,2026-07-26T09:46:52,A,H2,Limestone,12815.1,12820.2,69,43
BATCH-20260726-084,2026-07-26T09:45:00,2026-07-26T09:45:40,2026-07-26T09:46:13,A,H1,Limestone,10774.2,10788.6,40,33
BATCH-20260726-085,2026-07-26T09:47:00,2026-07-26T09:48:16,2026-07-26T09:48:57,A,H4,Limestone,12393.4,12468.7,76,41
BATCH-20260726-086,2026-07-26T09:48:00,2026-07-26T09:48:44,2026-07-26T09:49:42,A,H4,Ore,22912.9,22970.0,44,58
BATCH-20260726-087,2026-07-26T09:54:00,2026-07-26T09:54:30,2026-07-26T09:55:26,A,H1,Coke,10763.8,10721.2,30,56
BATCH-20260726-088,2026-07-26T10:02:00,2026-07-26T10:02:57,2026-07-26T10:03:21,A,H3,Limestone,11334.7,11395.7,57,24
BATCH-20260726-089,2026-07-26T10:21:00,2026-07-26T10:22:03,2026-07-26T10:22:46,A,H4,Limestone,11981.4,11948.5,63,43
BATCH-20260726-090,2026-07-26T11:30:00,2026-07-26T11:30:54,2026-07-26T11:31:48,A,H1,Coke,17734.4,17802.2,54,54
BATCH-20260726-091,2026-07-26T11:32:00,2026-07-26T11:32:31,2026-07-26T11:33:28,A,H1,Ore,26282.5,26376.6,31,57
BATCH-20260726-092,2026-07-26T11:33:00,2026-07-26T11:34:10,2026-07-26T11:34:50,A,H1,Ore,24126.0,24020.9,70,40
BATCH-20260726-093,2026-07-26T11:40:00,2026-07-26T11:40:56,2026-07-26T11:41:39,A,H4,Ore,21576.3,21631.4,56,43
BATCH-20260726-094,2026-07-26T11:51:00,2026-07-26T11:52:02,2026-07-26T11:52:35,A,H4,Pellet,12146.4,12169.1,62,33
BATCH-20260726-095,2026-07-26T11:56:00,2026-07-26T11:57:00,2026-07-26T11:57:20,A,H3,Coke,16117.1,16167.8,60,20
BATCH-20260726-096,2026-07-26T12:09:00,2026-07-26T12:09:55,2026-07-26T12:10:37,A,H3,Limestone,12680.0,12673.7,55,42
BATCH-20260726-097,2026-07-26T12:11:00,2026-07-26T12:12:01,2026-07-26T12:12:23,A,H2,Limestone,13037.1,13090.7,61,22
BATCH-20260726-098,2026-07-26T12:22:00,2026-07-26T12:22:49,2026-07-26T12:23:12,A,H3,Coke,17435.3,17437.3,49,23
BATCH-20260726-099,2026-07-26T12:32:00,2026-07-26T12:33:18,2026-07-26T12:34:06,A,H1,Coke,13434.5,13434.0,78,48
BATCH-20260726-100,2026-07-26T12:36:00,2026-07-26T12:37:11,2026-07-26T12:37:56,A,H4,Ore,19016.1,19016.8,71,45
BATCH-20260726-101,2026-07-26T12:39:00,2026-07-26T12:40:02,2026-07-26T12:41:00,A,H2,Ore,28850.7,28798.6,62,58
BATCH-20260726-102,2026-07-26T12:44:00,2026-07-26T12:44:35,2026-07-26T12:44:59,A,H1,Ore,18922.7,18904.7,35,24
BATCH-20260726-103,2026-07-26T12:45:00,2026-07-26T12:45:37,2026-07-26T12:45:57,A,H2,Sinter,18740.5,18840.6,37,20
BATCH-20260726-104,2026-07-26T12:57:00,2026-07-26T12:58:02,2026-07-26T12:58:50,A,H2,Limestone,14948.1,14901.0,62,48
BATCH-20260726-105,2026-07-26T12:59:00,2026-07-26T12:59:48,2026-07-26T13:00:23,A,H1,Pellet,15523.5,15477.4,48,35
BATCH-20260726-106,2026-07-26T13:11:00,2026-07-26T13:12:15,2026-07-26T13:12:44,A,H3,Coke,16571.3,16602.5,75,29
BATCH-20260726-107,2026-07-26T13:16:00,2026-07-26T13:16:51,2026-07-26T13:17:50,A,H4,Pellet,12728.2,12762.6,51,59
BATCH-20260726-108,2026-07-26T13:19:00,2026-07-26T13:19:32,2026-07-26T13:19:56,A,H1,Ore,29266.0,29352.2,32,24
BATCH-20260726-109,2026-07-26T13:27:00,2026-07-26T13:28:24,2026-07-26T13:29:00,A,H1,Ore,26002.0,26025.0,84,36
BATCH-20260726-110,2026-07-26T13:39:00,2026-07-26T13:40:28,2026-07-26T13:41:17,A,H2,Sinter,17347.5,17324.4,88,49
BATCH-20260726-111,2026-07-26T13:46:00,2026-07-26T13:46:47,2026-07-26T13:47:09,A,H2,Pellet,21797.7,21781.1,47,22
BATCH-20260726-112,2026-07-26T13:49:00,2026-07-26T13:50:17,2026-07-26T13:51:12,A,H1,Sinter,18830.4,18797.1,77,55
BATCH-20260726-113,2026-07-26T13:53:00,2026-07-26T13:54:30,2026-07-26T13:55:22,A,H1,Ore,24771.3,24763.8,90,52
BATCH-20260726-114,2026-07-26T13:54:00,2026-07-26T13:54:58,2026-07-26T13:55:51,A,H4,Coke,14459.5,14434.3,58,53
BATCH-20260726-115,2026-07-26T14:03:00,2026-07-26T14:03:59,2026-07-26T14:04:50,B,H2,Sinter,23762.9,23738.3,59,51
BATCH-20260726-116,2026-07-26T14:21:00,2026-07-26T14:21:53,2026-07-26T14:22:25,B,H1,Limestone,12665.0,12675.4,53,32
BATCH-20260726-117,2026-07-26T14:24:00,2026-07-26T14:25:02,2026-07-26T14:25:26,B,H4,Coke,16456.9,16472.4,62,24
BATCH-20260726-118,2026-07-26T14:35:00,2026-07-26T14:35:33,2026-07-26T14:36:21,B,H2,Pellet,21704.2,21705.2,33,48
BATCH-20260726-119,2026-07-26T14:38:00,2026-07-26T14:38:48,2026-07-26T14:39:10,B,H2,Ore,24585.0,24550.1,48,22
BATCH-20260726-120,2026-07-26T14:44:00,2026-07-26T14:44:47,2026-07-26T14:45:16,B,H3,Sinter,24456.7,24472.3,47,29
BATCH-20260726-121,2026-07-26T15:06:00,2026-07-26T15:06:35,2026-07-26T15:07:28,B,H2,Pellet,19127.5,19682.7,35,53
BATCH-20260726-122,2026-07-26T15:08:00,2026-07-26T15:09:23,2026-07-26T15:09:58,B,H1,Coke,14199.2,14261.0,83,35
BATCH-20260726-123,2026-07-26T15:16:00,2026-07-26T15:16:56,2026-07-26T15:17:26,B,H4,Ore,22110.9,22124.3,56,30
BATCH-20260726-124,2026-07-26T15:19:00,2026-07-26T15:20:16,2026-07-26T15:20:42,B,H3,Pellet,18959.3,18970.5,76,26
BATCH-20260726-125,2026-07-26T15:31:00,2026-07-26T15:31:40,2026-07-26T15:32:29,B,H2,Coke,11827.0,11853.4,40,49
BATCH-20260726-126,2026-07-26T15:48:00,2026-07-26T15:48:39,2026-07-26T15:49:12,B,H4,Sinter,22663.8,22711.3,39,33
BATCH-20260726-127,2026-07-26T15:53:00,2026-07-26T15:54:16,2026-07-26T15:55:10,B,H1,Ore,29336.1,29350.7,76,54
BATCH-20260726-128,2026-07-26T15:55:00,2026-07-26T15:55:55,2026-07-26T15:56:45,B,H2,Coke,11147.8,11117.0,55,50
BATCH-20260726-129,2026-07-26T15:56:00,2026-07-26T15:57:15,2026-07-26T15:58:09,B,H4,Coke,17602.1,17616.7,75,54
BATCH-20260726-130,2026-07-26T15:58:00,2026-07-26T15:58:37,2026-07-26T15:59:26,B,H1,Ore,19092.3,18984.5,37,49
BATCH-20260726-131,2026-07-26T15:59:00,2026-07-26T16:00:03,2026-07-26T16:00:46,B,H1,Ore,24296.0,24247.2,63,43
BATCH-20260726-132,2026-07-26T16:01:00,2026-07-26T16:01:45,2026-07-26T16:02:32,B,H2,Pellet,17704.3,17677.7,45,47
BATCH-20260726-133,2026-07-26T16:14:00,2026-07-26T16:15:03,2026-07-26T16:15:24,B,H3,Ore,25380.6,25288.7,63,21
BATCH-20260726-134,2026-07-26T16:15:00,2026-07-26T16:15:52,2026-07-26T16:16:51,B,H3,Pellet,20417.3,20482.1,52,59
BATCH-20260726-135,2026-07-26T16:22:00,2026-07-26T16:22:40,2026-07-26T16:23:04,B,H4,Pellet,18890.6,18881.8,40,24
BATCH-20260726-136,2026-07-26T16:23:00,2026-07-26T16:24:03,2026-07-26T16:24:30,B,H4,Ore,27147.5,27122.2,63,27
BATCH-20260726-137,2026-07-26T16:35:00,2026-07-26T16:36:09,2026-07-26T16:36:47,B,H1,Sinter,19994.2,19904.2,69,38
BATCH-20260726-138,2026-07-26T16:37:00,2026-07-26T16:37:41,2026-07-26T16:38:32,B,H3,Limestone,12488.8,12434.4,41,51
BATCH-20260726-139,2026-07-26T16:40:00,2026-07-26T16:41:14,2026-07-26T16:41:44,B,H3,Coke,16049.3,16016.6,74,30
BATCH-20260726-140,2026-07-26T16:42:00,2026-07-26T16:43:15,2026-07-26T16:43:49,B,H1,Coke,11871.3,11847.9,75,34
BATCH-20260726-141,2026-07-26T16:56:00,2026-07-26T16:57:14,2026-07-26T16:57:46,B,H1,Ore,27576.1,27532.2,74,32
BATCH-20260726-142,2026-07-26T17:04:00,2026-07-26T17:05:16,2026-07-26T17:06:14,B,H3,Limestone,11735.5,11649.5,76,58
BATCH-20260726-143,2026-07-26T17:04:00,2026-07-26T17:05:05,2026-07-26T17:05:41,B,H1,Ore,23367.4,23326.1,65,36
BATCH-20260726-144,2026-07-26T17:20:00,2026-07-26T17:20:30,2026-07-26T17:20:51,B,H3,Pellet,19674.9,19696.5,30,21
BATCH-20260726-145,2026-07-26T17:21:00,2026-07-26T17:22:29,2026-07-26T17:23:14,B,H4,Ore,25383.4,25349.3,89,45
BATCH-20260726-146,2026-07-26T17:28:00,2026-07-26T17:28:44,2026-07-26T17:29:15,B,H4,Ore,26273.6,26308.1,44,31
BATCH-20260726-147,2026-07-26T17:29:00,2026-07-26T17:29:36,2026-07-26T17:30:34,B,H1,Coke,12330.3,12352.3,36,58
BATCH-20260726-148,2026-07-26T17:31:00,2026-07-26T17:32:01,2026-07-26T17:32:27,B,H1,Coke,11539.7,11584.2,61,26
BATCH-20260726-149,2026-07-26T17:38:00,2026-07-26T17:38:58,2026-07-26T17:39:52,B,H3,Pellet,16757.1,16802.1,58,54
BATCH-20260726-150,2026-07-26T17:38:00,2026-07-26T17:38:47,2026-07-26T17:39:12,B,H3,Pellet,18596.6,18521.2,47,25
BATCH-20260726-151,2026-07-26T17:47:00,2026-07-26T17:48:28,2026-07-26T17:49:01,B,H1,Coke,14175.3,14322.7,88,33
BATCH-20260726-152,2026-07-26T17:47:00,2026-07-26T17:48:01,2026-07-26T17:48:48,B,H4,Limestone,13335.2,13353.8,61,47
BATCH-20260726-153,2026-07-26T17:50:00,2026-07-26T17:51:26,2026-07-26T17:52:01,B,H2,Sinter,22402.8,22424.0,86,35
BATCH-20260726-154,2026-07-26T17:56:00,2026-07-26T17:57:26,2026-07-26T17:57:50,B,H1,Ore,23901.1,23930.5,86,24
BATCH-20260726-155,2026-07-26T17:57:00,2026-07-26T17:58:10,2026-07-26T17:58:53,B,H4,Ore,24305.2,24305.7,70,43
BATCH-20260726-156,2026-07-26T18:02:00,2026-07-26T18:03:19,2026-07-26T18:04:05,B,H2,Ore,25764.8,25810.5,79,46
BATCH-20260726-157,2026-07-26T18:10:00,2026-07-26T18:11:23,2026-07-26T18:12:09,B,H3,Ore,23523.2,23495.8,83,46
BATCH-20260726-158,2026-07-26T18:25:00,2026-07-26T18:26:08,2026-07-26T18:26:45,B,H3,Sinter,19670.9,19697.7,68,37
BATCH-20260726-159,2026-07-26T18:38:00,2026-07-26T18:38:38,2026-07-26T18:39:21,B,H2,Pellet,12711.2,12666.9,38,43
BATCH-20260726-160,2026-07-26T18:42:00,2026-07-26T18:43:25,2026-07-26T18:44:06,B,H3,Limestone,10883.4,10806.6,85,41
BATCH-20260726-161,2026-07-26T18:44:00,2026-07-26T18:45:26,2026-07-26T18:46:18,B,H4,Sinter,18841.5,18909.5,86,52
BATCH-20260726-162,2026-07-26T18:48:00,2026-07-26T18:49:19,2026-07-26T18:49:51,B,H1,Sinter,19391.3,19407.7,79,32
BATCH-20260726-163,2026-07-26T18:59:00,2026-07-26T18:59:52,2026-07-26T19:00:31,B,H2,Limestone,12532.7,12514.3,52,39
BATCH-20260726-164,2026-07-26T19:07:00,2026-07-26T19:07:52,2026-07-26T19:08:44,B,H3,Ore,23057.1,23053.8,52,52
BATCH-20260726-165,2026-07-26T19:08:00,2026-07-26T19:09:19,2026-07-26T19:09:47,B,H1,Sinter,18326.2,18360.3,79,28
BATCH-20260726-166,2026-07-26T19:17:00,2026-07-26T19:17:34,2026-07-26T19:18:33,B,H1,Pellet,14128.6,14180.6,34,59
BATCH-20260726-167,2026-07-26T19:20:00,2026-07-26T19:20:37,2026-07-26T19:21:10,B,H2,Pellet,13044.3,12997.6,37,33
BATCH-20260726-168,2026-07-26T19:20:00,2026-07-26T19:20:49,2026-07-26T19:21:34,B,H3,Coke,13165.7,13124.9,49,45
BATCH-20260726-169,2026-07-26T19:25:00,2026-07-26T19:26:20,2026-07-26T19:26:44,B,H1,Ore,24085.7,24141.9,80,24
BATCH-20260726-170,2026-07-26T19:26:00,2026-07-26T19:27:05,2026-07-26T19:27:55,B,H1,Coke,17721.9,17718.3,65,50
BATCH-20260726-171,2026-07-26T19:43:00,2026-07-26T19:43:36,2026-07-26T19:44:12,B,H3,Sinter,23531.0,23464.7,36,36
BATCH-20260726-172,2026-07-26T20:10:00,2026-07-26T20:10:53,2026-07-26T20:11:27,B,H4,Limestone,15382.8,15358.1,53,34
BATCH-20260726-173,2026-07-26T20:22:00,2026-07-26T20:23:01,2026-07-26T20:23:45,B,H4,Limestone,15785.9,15771.7,61,44
BATCH-20260726-174,2026-07-26T20:27:00,2026-07-26T20:27:52,2026-07-26T20:28:50,B,H2,Limestone,10707.9,10767.3,52,58
BATCH-20260726-175,2026-07-26T20:40:00,2026-07-26T20:41:21,2026-07-26T20:42:18,B,H1,Ore,27151.4,27185.9,81,57
BATCH-20260726-176,2026-07-26T20:40:00,2026-07-26T20:41:24,2026-07-26T20:41:52,B,H3,Coke,13809.6,13847.7,84,28
BATCH-20260726-177,2026-07-26T20:44:00,2026-07-26T20:45:06,2026-07-26T20:45:38,B,H1,Sinter,19881.6,19861.7,66,32
BATCH-20260726-178,2026-07-26T20:48:00,2026-07-26T20:49:22,2026-07-26T20:50:07,B,H4,Coke,15466.3,15498.3,82,45
BATCH-20260726-179,2026-07-26T20:49:00,2026-07-26T20:50:03,2026-07-26T20:50:27,B,H4,Coke,17982.5,18020.1,63,24
BATCH-20260726-180,2026-07-26T21:11:00,2026-07-26T21:12:04,2026-07-26T21:12:29,B,H2,Pellet,20719.9,20774.3,64,25
BATCH-20260726-181,2026-07-26T21:13:00,2026-07-26T21:14:30,2026-07-26T21:14:54,B,H2,Coke,17692.4,17759.8,90,24
BATCH-20260726-182,2026-07-26T21:28:00,2026-07-26T21:28:50,2026-07-26T21:29:37,B,H1,Sinter,17265.5,17305.5,50,47
BATCH-20260726-183,2026-07-26T21:33:00,2026-07-26T21:34:02,2026-07-26T21:34:52,B,H1,Sinter,16109.8,16112.4,62,50
BATCH-20260726-184,2026-07-26T21:34:00,2026-07-26T21:35:01,2026-07-26T21:35:47,B,H1,Coke,16563.6,16619.5,61,46
BATCH-20260726-185,2026-07-26T21:51:00,2026-07-26T21:51:58,2026-07-26T21:52:32,B,H4,Pellet,21707.7,21655.3,58,34
BATCH-20260726-186,2026-07-26T21:53:00,2026-07-26T21:53:57,2026-07-26T21:54:57,B,H1,Ore,25934.7,26008.3,57,60
BATCH-20260726-187,2026-07-26T21:53:00,2026-07-26T21:54:19,2026-07-26T21:54:54,B,H4,Ore,21886.4,21866.2,79,35
BATCH-20260726-188,2026-07-26T21:59:00,2026-07-26T22:00:16,2026-07-26T22:00:49,B,H4,Pellet,13374.7,13363.1,76,33
BATCH-20260726-189,2026-07-26T22:11:00,2026-07-26T22:12:01,2026-07-26T22:12:48,C,H1,Pellet,20823.5,20864.9,61,47
BATCH-20260726-190,2026-07-26T22:13:00,2026-07-26T22:14:06,2026-07-26T22:14:39,C,H1,Coke,17389.1,17874.0,66,33
BATCH-20260726-191,2026-07-26T22:26:00,2026-07-26T22:27:21,2026-07-26T22:28:04,C,H2,Limestone,14145.7,14159.5,81,43
BATCH-20260726-192,2026-07-26T22:26:00,2026-07-26T22:27:01,2026-07-26T22:27:35,C,H4,Limestone,13589.9,13552.7,61,34
BATCH-20260726-193,2026-07-26T22:27:00,2026-07-26T22:28:29,2026-07-26T22:29:02,C,H4,Pellet,20055.9,20056.9,89,33
BATCH-20260726-194,2026-07-26T22:52:00,2026-07-26T22:53:24,2026-07-26T22:53:47,C,H4,Ore,18914.9,18964.3,84,23
BATCH-20260726-195,2026-07-26T22:54:00,2026-07-26T22:55:27,2026-07-26T22:56:14,C,H2,Pellet,21355.0,21256.2,87,47
BATCH-20260726-196,2026-07-26T23:09:00,2026-07-26T23:09:32,2026-07-26T23:10:11,C,H1,Coke,16952.3,17037.7,32,39
BATCH-20260726-197,2026-07-26T23:15:00,2026-07-26T23:15:39,2026-07-26T23:16:21,C,H3,Sinter,24992.3,24939.6,39,42
BATCH-20260726-198,2026-07-26T23:35:00,2026-07-26T23:36:01,2026-07-26T23:36:55,C,H1,Pellet,18627.7,18564.1,61,54
BATCH-20260726-199,2026-07-26T23:44:00,2026-07-26T23:44:43,2026-07-26T23:45:39,C,H3,Sinter,18886.2,18839.7,43,56
BATCH-20260726-200,2026-07-26T23:54:00,2026-07-26T23:54:49,2026-07-26T23:55:40,C,H3,Limestone,14832.6,14711.8,49,51
BATCH-20260727-001,2026-07-27T00:01:00,2026-07-27T00:02:11,2026-07-27T00:02:42,C,H3,Pellet,18771.8,18860.3,71,31
BATCH-20260727-002,2026-07-27T00:05:00,2026-07-27T00:05:39,2026-07-27T00:06:10,C,H2,Ore,20770.5,20872.7,39,31
BATCH-20260727-003,2026-07-27T00:09:00,2026-07-27T00:10:24,2026-07-27T00:11:03,C,H4,Coke,13945.4,13925.9,84,39
BATCH-20260727-004,2026-07-27T00:16:00,2026-07-27T00:17:26,2026-07-27T00:18:03,C,H4,Pellet,15259.2,15338.9,86,37
BATCH-20260727-005,2026-07-27T00:21:00,2026-07-27T00:22:05,2026-07-27T00:22:49,C,H2,Pellet,12131.5,12088.3,65,44
BATCH-20260727-006,2026-07-27T00:27:00,2026-07-27T00:28:27,2026-07-27T00:28:56,C,H2,Ore,19478.3,19446.2,87,29
BATCH-20260727-007,2026-07-27T00:30:00,2026-07-27T00:31:15,2026-07-27T00:32:09,C,H1,Ore,21296.7,21292.7,75,54
BATCH-20260727-008,2026-07-27T00:30:00,2026-07-27T00:30:52,2026-07-27T00:31:37,C,H3,Coke,10642.2,10673.0,52,45
BATCH-20260727-009,2026-07-27T00:37:00,2026-07-27T00:38:14,2026-07-27T00:38:34,C,H3,Sinter,23569.1,23521.6,74,20
BATCH-20260727-010,2026-07-27T00:44:00,2026-07-27T00:45:25,2026-07-27T00:46:09,C,H3,Coke,13145.9,12801.7,85,44
BATCH-20260727-011,2026-07-27T00:59:00,2026-07-27T00:59:36,2026-07-27T00:59:57,C,H4,Sinter,20966.2,20993.3,36,21
BATCH-20260727-012,2026-07-27T01:11:00,2026-07-27T01:12:23,2026-07-27T01:13:22,C,H1,Coke,12872.6,12962.4,83,59
BATCH-20260727-013,2026-07-27T01:16:00,2026-07-27T01:17:18,2026-07-27T01:17:38,C,H1,Ore,29242.0,29326.5,78,20
BATCH-20260727-014,2026-07-27T01:31:00,2026-07-27T01:31:45,2026-07-27T01:32:31,C,H3,Coke,14481.3,14478.0,45,46
BATCH-20260727-015,2026-07-27T01:39:00,2026-07-27T01:40:11,2026-07-27T01:41:11,C,H4,Pellet,17758.6,17838.0,71,60
BATCH-20260727-016,2026-07-27T01:59:00,2026-07-27T01:59:37,2026-07-27T01:59:57,C,H3,Limestone,13687.2,13715.1,37,20
BATCH-20260727-017,2026-07-27T02:05:00,2026-07-27T02:05:49,2026-07-27T02:06:36,C,H2,Limestone,11962.2,11948.1,49,47
BATCH-20260727-018,2026-07-27T02:19:00,2026-07-27T02:19:36,2026-07-27T02:20:36,C,H4,Pellet,13417.1,13417.9,36,60
BATCH-20260727-019,2026-07-27T02:34:00,2026-07-27T02:34:58,2026-07-27T02:35:37,C,H2,Coke,16189.7,16266.0,58,39
BATCH-20260727-020,2026-07-27T02:41:00,2026-07-27T02:42:03,2026-07-27T02:42:53,C,H3,Sinter,24236.3,24237.0,63,50
BATCH-20260727-021,2026-07-27T03:06:00,2026-07-27T03:06:59,2026-07-27T03:07:55,C,H4,Ore,28621.8,28653.9,59,56
BATCH-20260727-022,2026-07-27T03:15:00,2026-07-27T03:15:37,2026-07-27T03:15:59,C,H3,Ore,18620.2,18627.4,37,22
BATCH-20260727-023,2026-07-27T03:15:00,2026-07-27T03:15:49,2026-07-27T03:16:44,C,H3,Pellet,19941.6,19919.2,49,55
BATCH-20260727-024,2026-07-27T03:23:00,2026-07-27T03:23:39,2026-07-27T03:24:03,C,H4,Ore,23856.4,23914.2,39,24
BATCH-20260727-025,2026-07-27T03:25:00,2026-07-27T03:25:32,2026-07-27T03:26:16,C,H2,Limestone,15141.4,15179.9,32,44
BATCH-20260727-026,2026-07-27T03:31:00,2026-07-27T03:31:35,2026-07-27T03:32:19,C,H4,Limestone,12186.4,12214.1,35,44
BATCH-20260727-027,2026-07-27T03:42:00,2026-07-27T03:42:33,2026-07-27T03:43:03,C,H4,Coke,11209.5,11146.1,33,30
BATCH-20260727-028,2026-07-27T03:45:00,2026-07-27T03:46:14,2026-07-27T03:46:53,C,H3,Limestone,15064.6,15105.0,74,39
BATCH-20260727-029,2026-07-27T03:57:00,2026-07-27T03:57:36,2026-07-27T03:57:59,C,H2,Sinter,20406.3,20405.1,36,23
BATCH-20260727-030,2026-07-27T04:07:00,2026-07-27T04:07:47,2026-07-27T04:08:17,C,H3,Limestone,10758.5,10719.9,47,30
BATCH-20260727-031,2026-07-27T04:10:00,2026-07-27T04:10:56,2026-07-27T04:11:55,C,H3,Limestone,15250.4,15319.1,56,59
BATCH-20260727-032,2026-07-27T04:15:00,2026-07-27T04:16:28,2026-07-27T04:16:57,C,H1,Limestone,13879.3,13958.9,88,29
BATCH-20260727-033,2026-07-27T04:16:00,2026-07-27T04:16:51,2026-07-27T04:17:26,C,H1,Pellet,20476.0,20511.1,51,35
BATCH-20260727-034,2026-07-27T04:17:00,2026-07-27T04:17:34,2026-07-27T04:17:54,C,H1,Coke,14734.0,14812.3,34,20
BATCH-20260727-035,2026-07-27T04:39:00,2026-07-27T04:39:46,2026-07-27T04:40:26,C,H4,Coke,12134.9,12194.8,46,40
BATCH-20260727-036,2026-07-27T04:47:00,2026-07-27T04:47:44,2026-07-27T04:48:33,C,H4,Ore,27567.3,27546.3,44,49
BATCH-20260727-037,2026-07-27T04:52:00,2026-07-27T04:52:54,2026-07-27T04:53:52,C,H2,Pellet,12024.4,12006.8,54,58
BATCH-20260727-038,2026-07-27T04:55:00,2026-07-27T04:55:37,2026-07-27T04:56:06,C,H1,Coke,15231.1,15232.6,37,29
BATCH-20260727-039,2026-07-27T04:57:00,2026-07-27T04:57:52,2026-07-27T04:58:42,C,H1,Sinter,21503.1,21481.3,52,50
BATCH-20260727-040,2026-07-27T05:03:00,2026-07-27T05:04:23,2026-07-27T05:05:23,C,H3,Sinter,23591.3,23583.0,83,60
BATCH-20260727-041,2026-07-27T05:03:00,2026-07-27T05:04:22,2026-07-27T05:05:09,C,H3,Coke,14688.8,14726.9,82,47
BATCH-20260727-042,2026-07-27T05:16:00,2026-07-27T05:17:03,2026-07-27T05:17:53,C,H1,Sinter,15550.1,15471.8,63,50
BATCH-20260727-043,2026-07-27T05:22:00,2026-07-27T05:23:03,2026-07-27T05:23:27,C,H2,Ore,18600.9,19003.3,63,24
BATCH-20260727-044,2026-07-27T05:24:00,2026-07-27T05:24:43,2026-07-27T05:25:11,C,H2,Sinter,23704.0,23687.1,43,28
BATCH-20260727-045,2026-07-27T05:28:00,2026-07-27T05:28:32,2026-07-27T05:29:06,C,H1,Sinter,15095.8,15193.0,32,34
BATCH-20260727-046,2026-07-27T05:47:00,2026-07-27T05:47:46,2026-07-27T05:48:33,C,H1,Ore,19609.8,19674.1,46,47
BATCH-20260727-047,2026-07-27T05:52:00,2026-07-27T05:53:02,2026-07-27T05:53:25,C,H3,Ore,24192.1,24154.2,62,23
BATCH-20260727-048,2026-07-27T06:01:00,2026-07-27T06:01:55,2026-07-27T06:02:15,A,H1,Coke,16174.1,16221.8,55,20
BATCH-20260727-049,2026-07-27T06:10:00,2026-07-27T06:10:59,2026-07-27T06:11:37,A,H1,Limestone,10190.9,10232.3,59,38
BATCH-20260727-050,2026-07-27T06:12:00,2026-07-27T06:12:53,2026-07-27T06:13:53,A,H4,Coke,17626.6,17539.8,53,60
BATCH-20260727-051,2026-07-27T06:29:00,2026-07-27T06:30:01,2026-07-27T06:31:00,A,H1,Sinter,17907.0,17951.9,61,59
BATCH-20260727-052,2026-07-27T06:35:00,2026-07-27T06:35:57,2026-07-27T06:36:56,A,H4,Coke,11646.0,11644.8,57,59
BATCH-20260727-053,2026-07-27T06:40:00,2026-07-27T06:40:44,2026-07-27T06:41:29,A,H3,Ore,22764.5,22731.5,44,45
BATCH-20260727-054,2026-07-27T06:40:00,2026-07-27T06:40:36,2026-07-27T06:41:31,A,H2,Sinter,17175.1,17117.0,36,55
BATCH-20260727-055,2026-07-27T06:48:00,2026-07-27T06:49:08,2026-07-27T06:49:41,A,H4,Sinter,23705.9,23687.3,68,33
BATCH-20260727-056,2026-07-27T06:56:00,2026-07-27T06:57:17,2026-07-27T06:58:08,A,H2,Sinter,24275.6,24273.7,77,51
BATCH-20260727-057,2026-07-27T06:58:00,2026-07-27T06:58:52,2026-07-27T06:59:26,A,H3,Sinter,21160.4,21185.3,52,34
BATCH-20260727-058,2026-07-27T07:02:00,2026-07-27T07:03:30,2026-07-27T07:03:58,A,H3,Pellet,15906.0,15934.9,90,28
BATCH-20260727-059,2026-07-27T07:02:00,2026-07-27T07:02:30,2026-07-27T07:02:59,A,H1,Coke,16525.7,16500.4,30,29
BATCH-20260727-060,2026-07-27T07:09:00,2026-07-27T07:09:48,2026-07-27T07:10:27,A,H4,Sinter,17256.0,17170.6,48,39
BATCH-20260727-061,2026-07-27T07:17:00,2026-07-27T07:18:07,2026-07-27T07:18:27,A,H2,Coke,11909.6,11938.8,67,20
BATCH-20260727-062,2026-07-27T07:23:00,2026-07-27T07:23:49,2026-07-27T07:24:13,A,H3,Sinter,15177.8,15103.6,49,24
BATCH-20260727-063,2026-07-27T07:40:00,2026-07-27T07:41:02,2026-07-27T07:41:45,A,H1,Ore,18459.9,18492.2,62,43
BATCH-20260727-064,2026-07-27T08:01:00,2026-07-27T08:01:39,2026-07-27T08:02:20,A,H1,Limestone,13287.3,13298.2,39,41
BATCH-20260727-065,2026-07-27T08:02:00,2026-07-27T08:02:30,2026-07-27T08:03:13,A,H2,Sinter,20661.8,20704.0,30,43
BATCH-20260727-066,2026-07-27T08:13:00,2026-07-27T08:13:31,2026-07-27T08:14:25,A,H2,Coke,13983.5,14007.5,31,54
BATCH-20260727-067,2026-07-27T08:15:00,2026-07-27T08:16:28,2026-07-27T08:17:22,A,H1,Pellet,14871.9,14873.6,88,54
BATCH-20260727-068,2026-07-27T08:43:00,2026-07-27T08:44:15,2026-07-27T08:45:07,A,H1,Sinter,23144.9,23174.3,75,52
BATCH-20260727-069,2026-07-27T08:46:00,2026-07-27T08:46:34,2026-07-27T08:47:04,A,H1,Coke,17612.6,17685.0,34,30
BATCH-20260727-070,2026-07-27T08:50:00,2026-07-27T08:51:17,2026-07-27T08:52:01,A,H3,Sinter,22756.7,22708.0,77,44
BATCH-20260727-071,2026-07-27T08:59:00,2026-07-27T09:00:17,2026-07-27T09:01:15,A,H1,Sinter,16790.9,16769.5,77,58
BATCH-20260727-072,2026-07-27T09:03:00,2026-07-27T09:04:11,2026-07-27T09:05:10,A,H3,Coke,16974.0,16907.6,71,59
BATCH-20260727-073,2026-07-27T09:04:00,2026-07-27T09:04:42,2026-07-27T09:05:34,A,H1,Limestone,12325.9,12334.9,42,52
BATCH-20260727-074,2026-07-27T09:04:00,2026-07-27T09:05:11,2026-07-27T09:05:33,A,H2,Ore,18225.9,18193.6,71,22
BATCH-20260727-075,2026-07-27T09:14:00,2026-07-27T09:15:13,2026-07-27T09:16:09,A,H1,Limestone,14786.6,14808.4,73,56
BATCH-20260727-076,2026-07-27T09:15:00,2026-07-27T09:16:19,2026-07-27T09:17:17,A,H4,Pellet,18048.2,18117.9,79,58
BATCH-20260727-077,2026-07-27T09:28:00,2026-07-27T09:29:14,2026-07-27T09:29:40,A,H3,Limestone,12004.0,12078.7,74,26
BATCH-20260727-078,2026-07-27T10:01:00,2026-07-27T10:01:50,2026-07-27T10:02:38,A,H2,Coke,12133.9,12113.1,50,48
BATCH-20260727-079,2026-07-27T10:16:00,2026-07-27T10:17:24,2026-07-27T10:17:44,A,H2,Pellet,15315.2,15366.0,84,20
BATCH-20260727-080,2026-07-27T10:21:00,2026-07-27T10:22:13,2026-07-27T10:22:46,A,H4,Pellet,18764.9,18653.6,73,33
BATCH-20260727-081,2026-07-27T10:21:00,2026-07-27T10:22:00,2026-07-27T10:22:52,A,H3,Ore,23469.6,23514.5,60,52
BATCH-20260727-082,2026-07-27T10:28:00,2026-07-27T10:29:00,2026-07-27T10:29:36,A,H4,Sinter,17846.6,17831.5,60,36
BATCH-20260727-083,2026-07-27T10:39:00,2026-07-27T10:39:37,2026-07-27T10:40:18,A,H4,Coke,16575.1,16586.9,37,41
BATCH-20260727-084,2026-07-27T10:41:00,2026-07-27T10:42:16,2026-07-27T10:42:43,A,H4,Limestone,15625.3,15658.4,76,27
BATCH-20260727-085,2026-07-27T10:45:00,2026-07-27T10:46:15,2026-07-27T10:46:58,A,H3,Sinter,24914.4,24928.2,75,43
BATCH-20260727-086,2026-07-27T10:49:00,2026-07-27T10:49:48,2026-07-27T10:50:09,A,H1,Sinter,22933.9,22833.3,48,21
BATCH-20260727-087,2026-07-27T10:53:00,2026-07-27T10:54:09,2026-07-27T10:54:29,A,H3,Ore,18659.5,18656.1,69,20
BATCH-20260727-088,2026-07-27T10:59:00,2026-07-27T11:00:06,2026-07-27T11:00:35,A,H2,Pellet,13539.2,13475.5,66,29
BATCH-20260727-089,2026-07-27T11:05:00,2026-07-27T11:06:14,2026-07-27T11:07:13,A,H1,Coke,13129.6,13170.5,74,59
BATCH-20260727-090,2026-07-27T11:18:00,2026-07-27T11:18:37,2026-07-27T11:19:00,A,H3,Pellet,13065.2,13043.9,37,23
BATCH-20260727-091,2026-07-27T11:18:00,2026-07-27T11:19:28,2026-07-27T11:20:21,A,H2,Ore,29290.8,29267.5,88,53
BATCH-20260727-092,2026-07-27T11:39:00,2026-07-27T11:39:53,2026-07-27T11:40:30,A,H3,Coke,15866.7,15980.5,53,37
BATCH-20260727-093,2026-07-27T11:54:00,2026-07-27T11:55:07,2026-07-27T11:55:50,A,H2,Coke,15862.8,15868.4,67,43
BATCH-20260727-094,2026-07-27T12:06:00,2026-07-27T12:06:31,2026-07-27T12:07:13,A,H3,Ore,18991.2,18958.6,31,42
BATCH-20260727-095,2026-07-27T12:24:00,2026-07-27T12:24:53,2026-07-27T12:25:53,A,H3,Ore,20004.0,19990.9,53,60
BATCH-20260727-096,2026-07-27T12:27:00,2026-07-27T12:27:38,2026-07-27T12:28:06,A,H2,Sinter,18404.1,18373.4,38,28
BATCH-20260727-097,2026-07-27T12:31:00,2026-07-27T12:31:53,2026-07-27T12:32:28,A,H4,Sinter,23513.4,23480.3,53,35
BATCH-20260727-098,2026-07-27T12:37:00,2026-07-27T12:37:33,2026-07-27T12:38:01,A,H3,Limestone,14975.9,15038.3,33,28
BATCH-20260727-099,2026-07-27T12:46:00,2026-07-27T12:47:14,2026-07-27T12:48:01,A,H3,Sinter,22857.2,22835.9,74,47
BATCH-20260727-100,2026-07-27T12:49:00,2026-07-27T12:49:46,2026-07-27T12:50:09,A,H3,Ore,24192.8,24167.3,46,23
BATCH-20260727-101,2026-07-27T12:55:00,2026-07-27T12:56:00,2026-07-27T12:56:49,A,H3,Coke,11036.4,11011.7,60,49
BATCH-20260727-102,2026-07-27T13:04:00,2026-07-27T13:04:35,2026-07-27T13:05:08,A,H1,Sinter,17548.9,17491.2,35,33
BATCH-20260727-103,2026-07-27T13:13:00,2026-07-27T13:14:20,2026-07-27T13:14:47,A,H2,Sinter,23540.0,23549.5,80,27
BATCH-20260727-104,2026-07-27T13:18:00,2026-07-27T13:18:39,2026-07-27T13:19:37,A,H2,Sinter,21269.8,21301.0,39,58
BATCH-20260727-105,2026-07-27T13:30:00,2026-07-27T13:31:16,2026-07-27T13:32:12,A,H3,Sinter,17157.8,17213.8,76,56
BATCH-20260727-106,2026-07-27T13:32:00,2026-07-27T13:33:21,2026-07-27T13:34:15,A,H1,Pellet,18567.6,18602.6,81,54
BATCH-20260727-107,2026-07-27T13:33:00,2026-07-27T13:33:43,2026-07-27T13:34:06,A,H2,Coke,14577.6,14511.6,43,23
BATCH-20260727-108,2026-07-27T13:33:00,2026-07-27T13:33:48,2026-07-27T13:34:12,A,H4,Limestone,10722.9,10727.3,48,24
BATCH-20260727-109,2026-07-27T13:41:00,2026-07-27T13:42:19,2026-07-27T13:43:04,A,H3,Coke,10203.3,10190.3,79,45
BATCH-20260727-110,2026-07-27T13:41:00,2026-07-27T13:42:22,2026-07-27T13:43:20,A,H2,Ore,29663.7,29720.0,82,58
BATCH-20260727-111,2026-07-27T13:49:00,2026-07-27T13:49:44,2026-07-27T13:50:29,A,H1,Coke,16917.0,16862.7,44,45
BATCH-20260727-112,2026-07-27T13:54:00,2026-07-27T13:54:43,2026-07-27T13:55:37,A,H3,Coke,11728.3,11701.3,43,54
BATCH-20260727-113,2026-07-27T14:06:00,2026-07-27T14:07:19,2026-07-27T14:08:04,B,H1,Coke,14647.7,14661.4,79,45
BATCH-20260727-114,2026-07-27T14:16:00,2026-07-27T14:17:09,2026-07-27T14:18:00,B,H3,Coke,13241.6,13169.5,69,51
BATCH-20260727-115,2026-07-27T14:20:00,2026-07-27T14:21:29,2026-07-27T14:22:14,B,H4,Coke,15762.5,15685.0,89,45
BATCH-20260727-116,2026-07-27T14:21:00,2026-07-27T14:22:02,2026-07-27T14:22:24,B,H2,Limestone,15343.5,15297.4,62,22
BATCH-20260727-117,2026-07-27T14:22:00,2026-07-27T14:22:51,2026-07-27T14:23:32,B,H3,Pellet,15450.9,15518.3,51,41
BATCH-20260727-118,2026-07-27T14:35:00,2026-07-27T14:35:43,2026-07-27T14:36:25,B,H1,Pellet,17968.8,17951.0,43,42
BATCH-20260727-119,2026-07-27T14:38:00,2026-07-27T14:39:03,2026-07-27T14:39:23,B,H2,Limestone,11637.7,11632.9,63,20
BATCH-20260727-120,2026-07-27T14:50:00,2026-07-27T14:51:07,2026-07-27T14:51:38,B,H2,Pellet,18823.1,18790.7,67,31
BATCH-20260727-121,2026-07-27T14:54:00,2026-07-27T14:55:11,2026-07-27T14:55:33,B,H4,Coke,12982.7,12946.5,71,22
BATCH-20260727-122,2026-07-27T15:00:00,2026-07-27T15:01:13,2026-07-27T15:01:51,B,H1,Ore,28787.7,28833.5,73,38
BATCH-20260727-123,2026-07-27T15:02:00,2026-07-27T15:03:00,2026-07-27T15:03:24,B,H2,Pellet,17676.7,17676.5,60,24
BATCH-20260727-124,2026-07-27T15:02:00,2026-07-27T15:03:03,2026-07-27T15:03:55,B,H1,Ore,28887.6,28862.7,63,52
BATCH-20260727-125,2026-07-27T15:11:00,2026-07-27T15:12:24,2026-07-27T15:13:16,B,H3,Coke,11686.6,11770.6,84,52
BATCH-20260727-126,2026-07-27T15:23:00,2026-07-27T15:24:06,2026-07-27T15:24:58,B,H4,Ore,25815.7,25837.6,66,52
BATCH-20260727-127,2026-07-27T15:37:00,2026-07-27T15:37:37,2026-07-27T15:38:19,B,H4,Pellet,16430.7,16422.4,37,42
BATCH-20260727-128,2026-07-27T15:41:00,2026-07-27T15:41:41,2026-07-27T15:42:23,B,H4,Coke,13186.0,13181.6,41,42
BATCH-20260727-129,2026-07-27T15:49:00,2026-07-27T15:50:24,2026-07-27T15:50:45,B,H1,Sinter,24192.7,24144.3,84,21
BATCH-20260727-130,2026-07-27T15:50:00,2026-07-27T15:51:22,2026-07-27T15:52:22,B,H1,Pellet,14649.6,14669.6,82,60
BATCH-20260727-131,2026-07-27T15:54:00,2026-07-27T15:55:00,2026-07-27T15:55:29,B,H4,Coke,14337.3,14253.1,60,29
BATCH-20260727-132,2026-07-27T16:02:00,2026-07-27T16:02:40,2026-07-27T16:03:29,B,H3,Ore,23362.3,23358.8,40,49
BATCH-20260727-133,2026-07-27T16:17:00,2026-07-27T16:18:06,2026-07-27T16:19:06,B,H1,Ore,20679.1,20696.0,66,60
BATCH-20260727-134,2026-07-27T16:21:00,2026-07-27T16:22:14,2026-07-27T16:22:42,B,H2,Limestone,12159.7,12158.5,74,28
BATCH-20260727-135,2026-07-27T16:43:00,2026-07-27T16:43:35,2026-07-27T16:44:04,B,H3,Pellet,20757.1,20870.9,35,29
BATCH-20260727-136,2026-07-27T16:45:00,2026-07-27T16:46:14,2026-07-27T16:46:59,B,H3,Pellet,20522.3,20462.4,74,45
BATCH-20260727-137,2026-07-27T16:55:00,2026-07-27T16:56:28,2026-07-27T16:56:53,B,H3,Coke,12095.2,12031.0,88,25
BATCH-20260727-138,2026-07-27T17:31:00,2026-07-27T17:31:36,2026-07-27T17:32:36,B,H3,Pellet,12057.0,12101.8,36,60
BATCH-20260727-139,2026-07-27T17:35:00,2026-07-27T17:35:55,2026-07-27T17:36:35,B,H4,Ore,20243.4,20282.2,55,40
BATCH-20260727-140,2026-07-27T17:41:00,2026-07-27T17:42:02,2026-07-27T17:42:33,B,H2,Sinter,23631.7,23622.8,62,31
BATCH-20260727-141,2026-07-27T17:46:00,2026-07-27T17:47:03,2026-07-27T17:47:39,B,H4,Sinter,23115.3,23067.2,63,36
BATCH-20260727-142,2026-07-27T17:57:00,2026-07-27T17:57:32,2026-07-27T17:58:11,B,H1,Ore,25141.5,25009.6,32,39
BATCH-20260727-143,2026-07-27T18:00:00,2026-07-27T18:01:17,2026-07-27T18:02:07,B,H1,Pellet,14960.6,14982.7,77,50
BATCH-20260727-144,2026-07-27T18:05:00,2026-07-27T18:06:13,2026-07-27T18:07:12,B,H2,Coke,14772.8,14712.4,73,59
BATCH-20260727-145,2026-07-27T18:13:00,2026-07-27T18:14:19,2026-07-27T18:15:15,B,H2,Pellet,14978.7,14914.5,79,56
BATCH-20260727-146,2026-07-27T18:14:00,2026-07-27T18:14:31,2026-07-27T18:15:15,B,H1,Ore,22913.2,22945.0,31,44
BATCH-20260727-147,2026-07-27T18:28:00,2026-07-27T18:28:59,2026-07-27T18:29:49,B,H2,Coke,15929.2,15938.3,59,50
BATCH-20260727-148,2026-07-27T18:33:00,2026-07-27T18:33:35,2026-07-27T18:33:59,B,H2,Coke,14745.6,14738.2,35,24
BATCH-20260727-149,2026-07-27T18:42:00,2026-07-27T18:42:48,2026-07-27T18:43:19,B,H2,Ore,29875.7,29918.4,48,31
BATCH-20260727-150,2026-07-27T18:47:00,2026-07-27T18:48:25,2026-07-27T18:48:57,B,H2,Sinter,18045.5,18070.2,85,32
BATCH-20260727-151,2026-07-27T18:49:00,2026-07-27T18:49:35,2026-07-27T18:50:10,B,H4,Coke,17335.9,17390.3,35,35
BATCH-20260727-152,2026-07-27T18:50:00,2026-07-27T18:51:06,2026-07-27T18:51:41,B,H2,Sinter,19140.1,19106.7,66,35
BATCH-20260727-153,2026-07-27T18:54:00,2026-07-27T18:55:28,2026-07-27T18:56:18,B,H4,Ore,24809.9,24827.2,88,50
BATCH-20260727-154,2026-07-27T19:00:00,2026-07-27T19:00:46,2026-07-27T19:01:39,B,H1,Ore,20382.6,20398.5,46,53
BATCH-20260727-155,2026-07-27T19:01:00,2026-07-27T19:01:50,2026-07-27T19:02:34,B,H3,Sinter,16218.7,16268.7,50,44
BATCH-20260727-156,2026-07-27T19:07:00,2026-07-27T19:07:48,2026-07-27T19:08:48,B,H4,Sinter,16068.3,16080.8,48,60
BATCH-20260727-157,2026-07-27T19:12:00,2026-07-27T19:12:40,2026-07-27T19:13:23,B,H1,Limestone,14579.5,14583.3,40,43
BATCH-20260727-158,2026-07-27T19:27:00,2026-07-27T19:27:59,2026-07-27T19:28:25,B,H4,Sinter,24814.5,24743.7,59,26
BATCH-20260727-159,2026-07-27T19:28:00,2026-07-27T19:28:48,2026-07-27T19:29:42,B,H2,Coke,17134.9,17089.1,48,54
BATCH-20260727-160,2026-07-27T19:31:00,2026-07-27T19:31:30,2026-07-27T19:32:01,B,H1,Pellet,16292.3,16377.2,30,31
BATCH-20260727-161,2026-07-27T19:37:00,2026-07-27T19:37:52,2026-07-27T19:38:27,B,H4,Pellet,13015.1,12941.3,52,35
BATCH-20260727-162,2026-07-27T19:37:00,2026-07-27T19:37:42,2026-07-27T19:38:31,B,H1,Sinter,17217.1,17163.0,42,49
BATCH-20260727-163,2026-07-27T19:59:00,2026-07-27T19:59:56,2026-07-27T20:00:23,B,H2,Ore,24175.0,24212.6,56,27
BATCH-20260727-164,2026-07-27T20:02:00,2026-07-27T20:02:39,2026-07-27T20:03:05,B,H3,Ore,23205.2,23126.2,39,26
BATCH-20260727-165,2026-07-27T20:07:00,2026-07-27T20:07:55,2026-07-27T20:08:47,B,H2,Coke,12357.4,12329.0,55,52
BATCH-20260727-166,2026-07-27T20:12:00,2026-07-27T20:13:21,2026-07-27T20:14:20,B,H3,Coke,15845.4,15834.0,81,59
BATCH-20260727-167,2026-07-27T20:20:00,2026-07-27T20:21:30,2026-07-27T20:21:52,B,H4,Sinter,20260.7,19987.9,90,22
BATCH-20260727-168,2026-07-27T20:40:00,2026-07-27T20:41:10,2026-07-27T20:42:07,B,H3,Pellet,13909.8,13858.8,70,57
BATCH-20260727-169,2026-07-27T20:41:00,2026-07-27T20:42:03,2026-07-27T20:43:02,B,H2,Pellet,17082.1,17094.6,63,59
BATCH-20260727-170,2026-07-27T20:56:00,2026-07-27T20:57:09,2026-07-27T20:57:44,B,H2,Sinter,20836.9,21095.7,69,35
BATCH-20260727-171,2026-07-27T21:00:00,2026-07-27T21:00:44,2026-07-27T21:01:35,B,H2,Ore,23664.6,23592.2,44,51
BATCH-20260727-172,2026-07-27T21:02:00,2026-07-27T21:02:41,2026-07-27T21:03:27,B,H4,Ore,28843.4,28855.4,41,46
BATCH-20260727-173,2026-07-27T21:06:00,2026-07-27T21:06:42,2026-07-27T21:07:06,B,H4,Ore,20626.2,20620.3,42,24
BATCH-20260727-174,2026-07-27T21:12:00,2026-07-27T21:12:52,2026-07-27T21:13:28,B,H1,Ore,19863.9,19747.5,52,36
BATCH-20260727-175,2026-07-27T21:27:00,2026-07-27T21:27:53,2026-07-27T21:28:51,B,H1,Pellet,16516.4,16616.1,53,58
BATCH-20260727-176,2026-07-27T21:36:00,2026-07-27T21:36:45,2026-07-27T21:37:10,B,H3,Pellet,20474.4,20432.6,45,25
BATCH-20260727-177,2026-07-27T21:37:00,2026-07-27T21:38:28,2026-07-27T21:39:24,B,H2,Coke,17123.8,17131.4,88,56
BATCH-20260727-178,2026-07-27T21:40:00,2026-07-27T21:40:45,2026-07-27T21:41:25,B,H3,Ore,21531.8,21596.9,45,40
BATCH-20260727-179,2026-07-27T21:43:00,2026-07-27T21:43:55,2026-07-27T21:44:48,B,H4,Limestone,15488.9,15562.3,55,53
BATCH-20260727-180,2026-07-27T21:45:00,2026-07-27T21:46:23,2026-07-27T21:46:57,B,H4,Coke,14801.5,14875.9,83,34
BATCH-20260727-181,2026-07-27T21:46:00,2026-07-27T21:47:28,2026-07-27T21:47:48,B,H3,Pellet,14618.3,14567.6,88,20
BATCH-20260727-182,2026-07-27T21:58:00,2026-07-27T21:59:15,2026-07-27T22:00:08,B,H1,Ore,29463.1,29439.7,75,53
BATCH-20260727-183,2026-07-27T22:02:00,2026-07-27T22:03:05,2026-07-27T22:04:00,C,H3,Coke,17902.7,17954.2,65,55
BATCH-20260727-184,2026-07-27T22:06:00,2026-07-27T22:06:52,2026-07-27T22:07:30,C,H2,Sinter,17897.0,18415.8,52,38
BATCH-20260727-185,2026-07-27T22:23:00,2026-07-27T22:24:30,2026-07-27T22:24:50,C,H4,Coke,15715.2,15719.9,90,20
BATCH-20260727-186,2026-07-27T22:25:00,2026-07-27T22:26:03,2026-07-27T22:26:26,C,H1,Pellet,19406.9,19405.9,63,23
BATCH-20260727-187,2026-07-27T22:35:00,2026-07-27T22:35:59,2026-07-27T22:36:38,C,H3,Limestone,12168.9,12103.4,59,39
BATCH-20260727-188,2026-07-27T22:48:00,2026-07-27T22:49:27,2026-07-27T22:50:25,C,H2,Limestone,11648.4,11670.7,87,58
BATCH-20260727-189,2026-07-27T22:49:00,2026-07-27T22:49:50,2026-07-27T22:50:36,C,H4,Ore,26427.2,26544.7,50,46
BATCH-20260727-190,2026-07-27T22:51:00,2026-07-27T22:51:36,2026-07-27T22:52:01,C,H3,Pellet,20700.1,20769.3,36,25
BATCH-20260727-191,2026-07-27T22:53:00,2026-07-27T22:53:53,2026-07-27T22:54:22,C,H3,Limestone,10233.4,10258.0,53,29
BATCH-20260727-192,2026-07-27T22:54:00,2026-07-27T22:55:24,2026-07-27T22:56:01,C,H2,Limestone,12825.5,12817.0,84,37
BATCH-20260727-193,2026-07-27T23:07:00,2026-07-27T23:07:56,2026-07-27T23:08:51,C,H4,Limestone,15424.8,15434.6,56,55
BATCH-20260727-194,2026-07-27T23:12:00,2026-07-27T23:12:36,2026-07-27T23:13:22,C,H2,Ore,19728.3,19749.1,36,46
BATCH-20260727-195,2026-07-27T23:17:00,2026-07-27T23:17:35,2026-07-27T23:18:07,C,H2,Limestone,13732.9,13779.5,35,32
BATCH-20260727-196,2026-07-27T23:20:00,2026-07-27T23:20:52,2026-07-27T23:21:42,C,H3,Ore,29983.9,29897.6,52,50
BATCH-20260727-197,2026-07-27T23:25:00,2026-07-27T23:26:12,2026-07-27T23:27:04,C,H4,Limestone,15780.8,15792.5,72,52
BATCH-20260727-198,2026-07-27T23:31:00,2026-07-27T23:31:50,2026-07-27T23:32:16,C,H1,Limestone,14693.1,14730.5,50,26
BATCH-20260727-199,2026-07-27T23:54:00,2026-07-27T23:55:24,2026-07-27T23:56:00,C,H3,Ore,20596.1,20585.6,84,36
BATCH-20260727-200,2026-07-27T23:55:00,2026-07-27T23:55:37,2026-07-27T23:56:25,C,H1,Sinter,24906.4,24867.9,37,48
BATCH-20260728-001,2026-07-28T00:03:00,2026-07-28T00:04:21,2026-07-28T00:05:16,C,H4,Ore,28367.4,28330.3,81,55
BATCH-20260728-002,2026-07-28T00:10:00,2026-07-28T00:11:18,2026-07-28T00:11:45,C,H2,Coke,14158.9,14174.8,78,27
BATCH-20260728-003,2026-07-28T00:17:00,2026-07-28T00:18:17,2026-07-28T00:19:07,C,H3,Sinter,23250.5,23343.3,77,50
BATCH-20260728-004,2026-07-28T00:26:00,2026-07-28T00:27:04,2026-07-28T00:27:37,C,H3,Sinter,23975.4,23973.2,64,33
BATCH-20260728-005,2026-07-28T00:35:00,2026-07-28T00:35:35,2026-07-28T00:36:27,C,H3,Ore,18788.2,18839.5,35,52
BATCH-20260728-006,2026-07-28T00:41:00,2026-07-28T00:41:44,2026-07-28T00:42:41,C,H4,Limestone,15194.2,15188.2,44,57
BATCH-20260728-007,2026-07-28T00:45:00,2026-07-28T00:46:04,2026-07-28T00:46:32,C,H1,Sinter,20593.2,20543.4,64,28
BATCH-20260728-008,2026-07-28T00:45:00,2026-07-28T00:45:57,2026-07-28T00:46:21,C,H2,Coke,16434.7,16486.8,57,24
BATCH-20260728-009,2026-07-28T01:10:00,2026-07-28T01:10:49,2026-07-28T01:11:38,C,H3,Coke,10528.8,10442.5,49,49
BATCH-20260728-010,2026-07-28T01:25:00,2026-07-28T01:26:11,2026-07-28T01:27:00,C,H2,Sinter,22116.1,22215.5,71,49
BATCH-20260728-011,2026-07-28T01:26:00,2026-07-28T01:27:09,2026-07-28T01:27:31,C,H3,Coke,15487.8,15486.0,69,22
BATCH-20260728-012,2026-07-28T01:26:00,2026-07-28T01:26:35,2026-07-28T01:27:16,C,H2,Pellet,20556.0,20600.5,35,41
BATCH-20260728-013,2026-07-28T01:27:00,2026-07-28T01:28:18,2026-07-28T01:28:54,C,H4,Ore,18225.7,18186.3,78,36
BATCH-20260728-014,2026-07-28T01:40:00,2026-07-28T01:40:39,2026-07-28T01:41:07,C,H4,Ore,20049.6,20031.9,39,28
BATCH-20260728-015,2026-07-28T01:58:00,2026-07-28T01:59:24,2026-07-28T01:59:44,C,H1,Limestone,13964.6,14083.3,84,20
BATCH-20260728-016,2026-07-28T02:00:00,2026-07-28T02:01:09,2026-07-28T02:02:01,C,H2,Coke,17118.6,17172.7,69,52
BATCH-20260728-017,2026-07-28T02:03:00,2026-07-28T02:03:44,2026-07-28T02:04:28,C,H3,Pellet,13287.5,13282.4,44,44
BATCH-20260728-018,2026-07-28T02:12:00,2026-07-28T02:12:41,2026-07-28T02:13:03,C,H3,Pellet,21564.5,21635.5,41,22
BATCH-20260728-019,2026-07-28T02:21:00,2026-07-28T02:21:41,2026-07-28T02:22:05,C,H4,Ore,25404.4,25421.7,41,24
BATCH-20260728-020,2026-07-28T02:23:00,2026-07-28T02:23:58,2026-07-28T02:24:24,C,H1,Ore,21014.3,20993.6,58,26
BATCH-20260728-021,2026-07-28T02:27:00,2026-07-28T02:27:38,2026-07-28T02:28:10,C,H3,Limestone,11119.3,11046.1,38,32
BATCH-20260728-022,2026-07-28T02:35:00,2026-07-28T02:35:57,2026-07-28T02:36:30,C,H3,Ore,20643.8,20584.1,57,33
BATCH-20260728-023,2026-07-28T02:38:00,2026-07-28T02:39:03,2026-07-28T02:39:43,C,H2,Ore,19855.7,19891.3,63,40
BATCH-20260728-024,2026-07-28T02:39:00,2026-07-28T02:39:47,2026-07-28T02:40:31,C,H2,Sinter,21252.4,21293.5,47,44
BATCH-20260728-025,2026-07-28T02:39:00,2026-07-28T02:39:47,2026-07-28T02:40:42,C,H2,Pellet,13944.3,14015.6,47,55
BATCH-20260728-026,2026-07-28T03:01:00,2026-07-28T03:01:57,2026-07-28T03:02:38,C,H3,Pellet,19359.9,19394.0,57,41
BATCH-20260728-027,2026-07-28T03:07:00,2026-07-28T03:07:42,2026-07-28T03:08:17,C,H1,Pellet,15690.4,15654.0,42,35
BATCH-20260728-028,2026-07-28T03:09:00,2026-07-28T03:09:30,2026-07-28T03:09:58,C,H2,Limestone,11745.9,11722.7,30,28
BATCH-20260728-029,2026-07-28T03:14:00,2026-07-28T03:15:27,2026-07-28T03:16:08,C,H2,Sinter,23017.0,22950.7,87,41
BATCH-20260728-030,2026-07-28T03:28:00,2026-07-28T03:28:58,2026-07-28T03:29:56,C,H1,Limestone,14132.8,14097.8,58,58
BATCH-20260728-031,2026-07-28T03:29:00,2026-07-28T03:29:42,2026-07-28T03:30:39,C,H4,Sinter,16202.0,16204.5,42,57
BATCH-20260728-032,2026-07-28T03:35:00,2026-07-28T03:36:21,2026-07-28T03:36:57,C,H2,Sinter,15613.5,15538.1,81,36
BATCH-20260728-033,2026-07-28T03:44:00,2026-07-28T03:44:53,2026-07-28T03:45:23,C,H2,Coke,17294.1,17301.5,53,30
BATCH-20260728-034,2026-07-28T03:46:00,2026-07-28T03:46:57,2026-07-28T03:47:39,C,H3,Pellet,16160.6,16096.0,57,42
BATCH-20260728-035,2026-07-28T03:49:00,2026-07-28T03:49:49,2026-07-28T03:50:30,C,H1,Ore,19418.1,19401.6,49,41
BATCH-20260728-036,2026-07-28T03:58:00,2026-07-28T03:59:25,2026-07-28T04:00:06,C,H2,Sinter,16501.7,16523.2,85,41
BATCH-20260728-037,2026-07-28T04:08:00,2026-07-28T04:08:45,2026-07-28T04:09:09,C,H1,Sinter,23919.9,23928.8,45,24
BATCH-20260728-038,2026-07-28T04:23:00,2026-07-28T04:23:38,2026-07-28T04:24:26,C,H4,Limestone,15841.6,15867.7,38,48
BATCH-20260728-039,2026-07-28T04:32:00,2026-07-28T04:32:47,2026-07-28T04:33:30,C,H4,Limestone,10541.3,10522.4,47,43
BATCH-20260728-040,2026-07-28T04:37:00,2026-07-28T04:37:40,2026-07-28T04:38:13,C,H4,Coke,15906.6,15852.8,40,33
BATCH-20260728-041,2026-07-28T04:45:00,2026-07-28T04:45:34,2026-07-28T04:46:09,C,H2,Coke,15396.7,15459.3,34,35
BATCH-20260728-042,2026-07-28T04:59:00,2026-07-28T04:59:56,2026-07-28T05:00:32,C,H3,Sinter,17956.5,17909.4,56,36
BATCH-20260728-043,2026-07-28T05:01:00,2026-07-28T05:01:37,2026-07-28T05:01:57,C,H3,Ore,26716.1,26725.0,37,20
BATCH-20260728-044,2026-07-28T05:04:00,2026-07-28T05:04:38,2026-07-28T05:05:09,C,H3,Sinter,24276.3,24264.5,38,31
BATCH-20260728-045,2026-07-28T05:08:00,2026-07-28T05:09:18,2026-07-28T05:10:01,C,H1,Ore,29876.9,29913.3,78,43
BATCH-20260728-046,2026-07-28T05:08:00,2026-07-28T05:08:50,2026-07-28T05:09:15,C,H2,Sinter,20715.5,20713.5,50,25
BATCH-20260728-047,2026-07-28T05:21:00,2026-07-28T05:21:33,2026-07-28T05:22:03,C,H2,Limestone,15281.8,15363.9,33,30
BATCH-20260728-048,2026-07-28T05:25:00,2026-07-28T05:26:10,2026-07-28T05:26:59,C,H2,Sinter,20421.2,20439.8,70,49
BATCH-20260728-049,2026-07-28T05:31:00,2026-07-28T05:31:34,2026-07-28T05:32:26,C,H2,Limestone,11684.2,11720.1,34,52
BATCH-20260728-050,2026-07-28T05:47:00,2026-07-28T05:47:54,2026-07-28T05:48:51,C,H4,Ore,27833.5,27901.7,54,57
BATCH-20260728-051,2026-07-28T05:59:00,2026-07-28T05:59:56,2026-07-28T06:00:16,C,H3,Ore,28313.0,28219.5,56,20
BATCH-20260728-052,2026-07-28T06:06:00,2026-07-28T06:07:02,2026-07-28T06:07:24,A,H3,Sinter,21417.0,21397.6,62,22
BATCH-20260728-053,2026-07-28T06:19:00,2026-07-28T06:20:00,2026-07-28T06:20:23,A,H2,Sinter,23484.0,23568.5,60,23
BATCH-20260728-054,2026-07-28T06:20:00,2026-07-28T06:21:14,2026-07-28T06:21:58,A,H2,Coke,15116.7,15039.9,74,44
BATCH-20260728-055,2026-07-28T06:26:00,2026-07-28T06:27:19,2026-07-28T06:28:13,A,H4,Pellet,16063.2,15915.2,79,54
BATCH-20260728-056,2026-07-28T06:30:00,2026-07-28T06:31:00,2026-07-28T06:31:48,A,H4,Sinter,22968.7,22875.6,60,48
BATCH-20260728-057,2026-07-28T06:30:00,2026-07-28T06:31:29,2026-07-28T06:32:21,A,H3,Pellet,12648.1,12651.4,89,52
BATCH-20260728-058,2026-07-28T06:39:00,2026-07-28T06:39:44,2026-07-28T06:40:24,A,H3,Sinter,20509.3,20475.1,44,40
BATCH-20260728-059,2026-07-28T06:40:00,2026-07-28T06:40:51,2026-07-28T06:41:18,A,H2,Pellet,21570.8,21548.6,51,27
BATCH-20260728-060,2026-07-28T07:05:00,2026-07-28T07:06:14,2026-07-28T07:07:11,A,H1,Pellet,12500.3,12508.1,74,57
BATCH-20260728-061,2026-07-28T07:10:00,2026-07-28T07:11:23,2026-07-28T07:11:58,A,H2,Coke,17448.7,17368.8,83,35
BATCH-20260728-062,2026-07-28T07:23:00,2026-07-28T07:23:38,2026-07-28T07:24:32,A,H1,Limestone,13963.0,13996.8,38,54
BATCH-20260728-063,2026-07-28T07:25:00,2026-07-28T07:25:37,2026-07-28T07:26:08,A,H4,Sinter,16841.9,16803.7,37,31
BATCH-20260728-064,2026-07-28T07:35:00,2026-07-28T07:35:48,2026-07-28T07:36:34,A,H4,Limestone,13430.7,13430.8,48,46
BATCH-20260728-065,2026-07-28T07:46:00,2026-07-28T07:46:41,2026-07-28T07:47:14,A,H1,Limestone,11435.9,11478.4,41,33
BATCH-20260728-066,2026-07-28T07:52:00,2026-07-28T07:53:28,2026-07-28T07:54:23,A,H4,Pellet,20025.3,19949.4,88,55
BATCH-20260728-067,2026-07-28T08:12:00,2026-07-28T08:12:38,2026-07-28T08:13:31,A,H4,Limestone,15356.6,15334.7,38,53
BATCH-20260728-068,2026-07-28T08:37:00,2026-07-28T08:38:25,2026-07-28T08:38:58,A,H1,Sinter,22085.4,22017.2,85,33
BATCH-20260728-069,2026-07-28T08:39:00,2026-07-28T08:39:44,2026-07-28T08:40:39,A,H3,Limestone,10229.6,10312.8,44,55
BATCH-20260728-070,2026-07-28T08:45:00,2026-07-28T08:45:44,2026-07-28T08:46:44,A,H4,Pellet,16579.6,16616.4,44,60
BATCH-20260728-071,2026-07-28T08:46:00,2026-07-28T08:47:29,2026-07-28T08:47:54,A,H4,Ore,19051.2,18950.0,89,25
BATCH-20260728-072,2026-07-28T08:58:00,2026-07-28T08:58:32,2026-07-28T08:59:19,A,H2,Limestone,10982.4,11013.2,32,47
BATCH-20260728-073,2026-07-28T09:00:00,2026-07-28T09:00:54,2026-07-28T09:01:20,A,H1,Pellet,19193.1,19136.6,54,26
BATCH-20260728-074,2026-07-28T09:02:00,2026-07-28T09:02:37,2026-07-28T09:03:12,A,H1,Pellet,13073.6,13022.7,37,35
BATCH-20260728-075,2026-07-28T09:20:00,2026-07-28T09:21:13,2026-07-28T09:22:00,A,H2,Coke,11477.5,11483.1,73,47
BATCH-20260728-076,2026-07-28T09:20:00,2026-07-28T09:20:41,2026-07-28T09:21:05,A,H2,Sinter,22695.0,22702.5,41,24
BATCH-20260728-077,2026-07-28T09:22:00,2026-07-28T09:22:44,2026-07-28T09:23:32,A,H1,Coke,16369.4,16310.5,44,48
BATCH-20260728-078,2026-07-28T09:24:00,2026-07-28T09:25:25,2026-07-28T09:26:10,A,H1,Limestone,14439.1,14396.0,85,45
BATCH-20260728-079,2026-07-28T09:30:00,2026-07-28T09:30:57,2026-07-28T09:31:19,A,H3,Sinter,16497.1,16529.7,57,22
BATCH-20260728-080,2026-07-28T09:34:00,2026-07-28T09:35:23,2026-07-28T09:36:02,A,H4,Limestone,12890.4,12802.3,83,39
BATCH-20260728-081,2026-07-28T09:35:00,2026-07-28T09:35:38,2026-07-28T09:36:29,A,H3,Sinter,21569.3,21592.5,38,51
BATCH-20260728-082,2026-07-28T09:35:00,2026-07-28T09:36:00,2026-07-28T09:36:30,A,H2,Limestone,12418.4,12528.1,60,30
BATCH-20260728-083,2026-07-28T09:40:00,2026-07-28T09:41:17,2026-07-28T09:41:37,A,H3,Ore,22353.0,22359.9,77,20
BATCH-20260728-084,2026-07-28T09:45:00,2026-07-28T09:45:47,2026-07-28T09:46:28,A,H3,Ore,19451.1,19509.3,47,41
BATCH-20260728-085,2026-07-28T09:50:00,2026-07-28T09:50:30,2026-07-28T09:51:19,A,H4,Ore,28878.8,28937.6,30,49
BATCH-20260728-086,2026-07-28T09:50:00,2026-07-28T09:51:14,2026-07-28T09:51:52,A,H4,Ore,20987.7,21012.4,74,38
BATCH-20260728-087,2026-07-28T10:00:00,2026-07-28T10:01:28,2026-07-28T10:02:28,A,H3,Sinter,23444.7,23386.6,88,60
BATCH-20260728-088,2026-07-28T10:05:00,2026-07-28T10:06:20,2026-07-28T10:07:05,A,H2,Ore,22378.9,22451.3,80,45
BATCH-20260728-089,2026-07-28T10:06:00,2026-07-28T10:06:32,2026-07-28T10:07:16,A,H1,Limestone,12122.6,12175.6,32,44
BATCH-20260728-090,2026-07-28T10:07:00,2026-07-28T10:07:44,2026-07-28T10:08:20,A,H1,Sinter,17081.1,17135.0,44,36
BATCH-20260728-091,2026-07-28T10:22:00,2026-07-28T10:23:17,2026-07-28T10:24:04,A,H2,Sinter,16339.8,16336.8,77,47
BATCH-20260728-092,2026-07-28T10:37:00,2026-07-28T10:37:58,2026-07-28T10:38:45,A,H1,Pellet,12956.3,12949.3,58,47
BATCH-20260728-093,2026-07-28T10:38:00,2026-07-28T10:39:12,2026-07-28T10:39:34,A,H3,Pellet,16284.7,16307.1,72,22
BATCH-20260728-094,2026-07-28T10:46:00,2026-07-28T10:46:59,2026-07-28T10:47:32,A,H1,Sinter,18239.0,18235.9,59,33
BATCH-20260728-095,2026-07-28T10:48:00,2026-07-28T10:48:48,2026-07-28T10:49:24,A,H3,Ore,28971.5,29019.1,48,36
BATCH-20260728-096,2026-07-28T10:54:00,2026-07-28T10:54:51,2026-07-28T10:55:33,A,H2,Coke,11411.2,11414.2,51,42
BATCH-20260728-097,2026-07-28T10:55:00,2026-07-28T10:56:02,2026-07-28T10:56:26,A,H3,Coke,13774.0,13674.5,62,24
BATCH-20260728-098,2026-07-28T11:00:00,2026-07-28T11:01:11,2026-07-28T11:01:51,A,H4,Ore,21761.6,21760.5,71,40
BATCH-20260728-099,2026-07-28T11:09:00,2026-07-28T11:09:44,2026-07-28T11:10:13,A,H3,Coke,15555.0,15596.9,44,29
BATCH-20260728-100,2026-07-28T11:18:00,2026-07-28T11:18:43,2026-07-28T11:19:07,A,H1,Sinter,21008.2,21050.3,43,24
BATCH-20260728-101,2026-07-28T11:21:00,2026-07-28T11:21:51,2026-07-28T11:22:45,A,H3,Ore,26494.7,26483.5,51,54
BATCH-20260728-102,2026-07-28T11:31:00,2026-07-28T11:32:02,2026-07-28T11:33:00,A,H2,Sinter,19103.8,18991.0,62,58
BATCH-20260728-103,2026-07-28T11:39:00,2026-07-28T11:39:51,2026-07-28T11:40:15,A,H4,Coke,14992.4,15055.5,51,24
BATCH-20260728-104,2026-07-28T11:42:00,2026-07-28T11:43:12,2026-07-28T11:43:32,A,H3,Sinter,17609.5,17526.6,72,20
BATCH-20260728-105,2026-07-28T11:46:00,2026-07-28T11:46:54,2026-07-28T11:47:24,A,H4,Sinter,21270.0,21300.6,54,30
BATCH-20260728-106,2026-07-28T11:56:00,2026-07-28T11:56:31,2026-07-28T11:57:17,A,H1,Limestone,15260.2,15232.1,31,46
BATCH-20260728-107,2026-07-28T11:57:00,2026-07-28T11:58:01,2026-07-28T11:58:30,A,H1,Pellet,13445.4,13438.6,61,29
BATCH-20260728-108,2026-07-28T12:00:00,2026-07-28T12:00:47,2026-07-28T12:01:27,A,H1,Limestone,12049.7,12014.4,47,40
BATCH-20260728-109,2026-07-28T12:01:00,2026-07-28T12:01:46,2026-07-28T12:02:46,A,H4,Ore,27480.4,27476.1,46,60
BATCH-20260728-110,2026-07-28T12:03:00,2026-07-28T12:04:03,2026-07-28T12:04:27,A,H4,Sinter,15591.7,15592.9,63,24
BATCH-20260728-111,2026-07-28T12:10:00,2026-07-28T12:11:02,2026-07-28T12:11:23,A,H2,Coke,17933.8,18006.6,62,21
BATCH-20260728-112,2026-07-28T12:11:00,2026-07-28T12:11:30,2026-07-28T12:12:16,A,H3,Limestone,11112.7,11143.1,30,46
BATCH-20260728-113,2026-07-28T12:15:00,2026-07-28T12:15:34,2026-07-28T12:16:17,A,H1,Coke,11917.2,11925.8,34,43
BATCH-20260728-114,2026-07-28T12:16:00,2026-07-28T12:16:58,2026-07-28T12:17:34,A,H3,Limestone,10657.6,10596.3,58,36
BATCH-20260728-115,2026-07-28T12:31:00,2026-07-28T12:31:33,2026-07-28T12:32:30,A,H3,Limestone,10064.5,10079.1,33,57
BATCH-20260728-116,2026-07-28T12:33:00,2026-07-28T12:33:38,2026-07-28T12:34:08,A,H3,Pellet,18058.8,18078.7,38,30
BATCH-20260728-117,2026-07-28T12:33:00,2026-07-28T12:33:32,2026-07-28T12:34:22,A,H4,Pellet,20632.5,20653.2,32,50
BATCH-20260728-118,2026-07-28T12:38:00,2026-07-28T12:39:01,2026-07-28T12:39:45,A,H3,Coke,14654.1,14677.3,61,44
BATCH-20260728-119,2026-07-28T12:39:00,2026-07-28T12:39:42,2026-07-28T12:40:07,A,H2,Sinter,16782.5,16800.9,42,25
BATCH-20260728-120,2026-07-28T12:39:00,2026-07-28T12:40:19,2026-07-28T12:41:11,A,H4,Limestone,13771.9,13819.8,79,52
BATCH-20260728-121,2026-07-28T12:46:00,2026-07-28T12:46:40,2026-07-28T12:47:36,A,H2,Sinter,19546.5,19509.2,40,56
BATCH-20260728-122,2026-07-28T12:47:00,2026-07-28T12:48:07,2026-07-28T12:48:50,A,H1,Ore,26289.6,26327.6,67,43
BATCH-20260728-123,2026-07-28T12:47:00,2026-07-28T12:48:05,2026-07-28T12:48:51,A,H1,Sinter,22127.8,22156.6,65,46
BATCH-20260728-124,2026-07-28T13:17:00,2026-07-28T13:17:44,2026-07-28T13:18:35,A,H3,Ore,18073.4,18063.7,44,51
BATCH-20260728-125,2026-07-28T13:29:00,2026-07-28T13:30:24,2026-07-28T13:30:50,A,H4,Ore,26525.3,26514.4,84,26
BATCH-20260728-126,2026-07-28T13:37:00,2026-07-28T13:37:52,2026-07-28T13:38:28,A,H3,Pellet,19009.7,18971.7,52,36
BATCH-20260728-127,2026-07-28T13:54:00,2026-07-28T13:54:37,2026-07-28T13:55:22,A,H3,Ore,22810.2,22847.9,37,45
BATCH-20260728-128,2026-07-28T14:04:00,2026-07-28T14:05:15,2026-07-28T14:06:03,B,H2,Limestone,12617.8,12680.4,75,48
BATCH-20260728-129,2026-07-28T14:06:00,2026-07-28T14:06:53,2026-07-28T14:07:18,B,H4,Coke,10920.0,10952.2,53,25
BATCH-20260728-130,2026-07-28T14:12:00,2026-07-28T14:13:19,2026-07-28T14:13:45,B,H1,Limestone,10668.4,10741.1,79,26
BATCH-20260728-131,2026-07-28T14:32:00,2026-07-28T14:32:50,2026-07-28T14:33:10,B,H3,Sinter,22017.1,22017.8,50,20
BATCH-20260728-132,2026-07-28T14:32:00,2026-07-28T14:32:55,2026-07-28T14:33:26,B,H2,Limestone,14079.6,13987.7,55,31
BATCH-20260728-133,2026-07-28T14:33:00,2026-07-28T14:33:46,2026-07-28T14:34:33,B,H4,Ore,21874.0,21859.0,46,47
BATCH-20260728-134,2026-07-28T14:33:00,2026-07-28T14:33:37,2026-07-28T14:34:12,B,H3,Limestone,12996.3,12982.2,37,35
BATCH-20260728-135,2026-07-28T14:36:00,2026-07-28T14:37:25,2026-07-28T14:38:24,B,H2,Limestone,14898.4,14880.9,85,59
BATCH-20260728-136,2026-07-28T14:46:00,2026-07-28T14:47:04,2026-07-28T14:47:59,B,H3,Limestone,11164.5,11164.6,64,55
BATCH-20260728-137,2026-07-28T14:47:00,2026-07-28T14:48:18,2026-07-28T14:48:46,B,H3,Pellet,15317.2,15281.1,78,28
BATCH-20260728-138,2026-07-28T14:54:00,2026-07-28T14:54:51,2026-07-28T14:55:50,B,H3,Coke,12127.5,12097.0,51,59
BATCH-20260728-139,2026-07-28T15:04:00,2026-07-28T15:04:42,2026-07-28T15:05:17,B,H1,Pellet,12721.1,12842.2,42,35
BATCH-20260728-140,2026-07-28T15:16:00,2026-07-28T15:16:47,2026-07-28T15:17:17,B,H3,Pellet,21198.7,21108.3,47,30
BATCH-20260728-141,2026-07-28T15:25:00,2026-07-28T15:26:11,2026-07-28T15:26:43,B,H4,Ore,23094.9,23044.2,71,32
BATCH-20260728-142,2026-07-28T15:34:00,2026-07-28T15:35:04,2026-07-28T15:35:29,B,H1,Sinter,16915.3,16866.7,64,25
BATCH-20260728-143,2026-07-28T15:38:00,2026-07-28T15:38:41,2026-07-28T15:39:02,B,H1,Ore,23591.2,23513.1,41,21
BATCH-20260728-144,2026-07-28T15:40:00,2026-07-28T15:41:08,2026-07-28T15:41:56,B,H1,Pellet,16047.1,16022.2,68,48
BATCH-20260728-145,2026-07-28T15:41:00,2026-07-28T15:41:35,2026-07-28T15:42:20,B,H1,Sinter,19114.8,19153.7,35,45
BATCH-20260728-146,2026-07-28T16:01:00,2026-07-28T16:02:13,2026-07-28T16:02:54,B,H2,Sinter,15648.5,15619.1,73,41
BATCH-20260728-147,2026-07-28T16:27:00,2026-07-28T16:28:10,2026-07-28T16:28:51,B,H4,Limestone,15735.4,15705.7,70,41
BATCH-20260728-148,2026-07-28T16:32:00,2026-07-28T16:33:06,2026-07-28T16:33:54,B,H3,Ore,26215.8,26257.8,66,48
BATCH-20260728-149,2026-07-28T16:34:00,2026-07-28T16:35:11,2026-07-28T16:35:42,B,H1,Pellet,21913.1,21995.9,71,31
BATCH-20260728-150,2026-07-28T16:48:00,2026-07-28T16:48:46,2026-07-28T16:49:12,B,H4,Ore,19225.5,19190.4,46,26
BATCH-20260728-151,2026-07-28T16:58:00,2026-07-28T16:58:55,2026-07-28T16:59:46,B,H4,Pellet,14438.4,14517.3,55,51
BATCH-20260728-152,2026-07-28T17:05:00,2026-07-28T17:05:40,2026-07-28T17:06:21,B,H1,Pellet,19836.7,19806.5,40,41
BATCH-20260728-153,2026-07-28T17:07:00,2026-07-28T17:07:33,2026-07-28T17:07:54,B,H3,Pellet,17222.2,17224.7,33,21
BATCH-20260728-154,2026-07-28T17:11:00,2026-07-28T17:12:07,2026-07-28T17:12:40,B,H2,Pellet,19879.0,19883.1,67,33
BATCH-20260728-155,2026-07-28T17:21:00,2026-07-28T17:21:49,2026-07-28T17:22:42,B,H2,Limestone,14686.3,14660.2,49,53
BATCH-20260728-156,2026-07-28T17:29:00,2026-07-28T17:29:32,2026-07-28T17:30:13,B,H1,Limestone,14712.5,14740.0,32,41
BATCH-20260728-157,2026-07-28T17:59:00,2026-07-28T17:59:46,2026-07-28T18:00:06,B,H1,Ore,18384.0,18400.4,46,20
BATCH-20260728-158,2026-07-28T18:15:00,2026-07-28T18:16:16,2026-07-28T18:17:07,B,H2,Coke,10728.6,10721.0,76,51
BATCH-20260728-159,2026-07-28T18:33:00,2026-07-28T18:34:18,2026-07-28T18:34:47,B,H2,Sinter,19195.6,19147.5,78,29
BATCH-20260728-160,2026-07-28T18:59:00,2026-07-28T18:59:47,2026-07-28T19:00:17,B,H3,Pellet,20311.3,20265.1,47,30
BATCH-20260728-161,2026-07-28T19:09:00,2026-07-28T19:09:32,2026-07-28T19:09:52,B,H2,Sinter,24604.3,24609.0,32,20
BATCH-20260728-162,2026-07-28T19:18:00,2026-07-28T19:19:03,2026-07-28T19:19:37,B,H2,Ore,19039.0,18960.9,63,34
BATCH-20260728-163,2026-07-28T19:24:00,2026-07-28T19:24:57,2026-07-28T19:25:40,B,H1,Pellet,20795.3,20800.0,57,43
BATCH-20260728-164,2026-07-28T19:38:00,2026-07-28T19:38:51,2026-07-28T19:39:26,B,H2,Pellet,13043.2,13006.3,51,35
BATCH-20260728-165,2026-07-28T19:39:00,2026-07-28T19:40:29,2026-07-28T19:41:29,B,H3,Pellet,14286.7,14259.3,89,60
BATCH-20260728-166,2026-07-28T19:56:00,2026-07-28T19:57:10,2026-07-28T19:57:33,B,H1,Ore,29316.1,29298.3,70,23
BATCH-20260728-167,2026-07-28T20:00:00,2026-07-28T20:00:39,2026-07-28T20:01:38,B,H1,Sinter,23687.3,23616.8,39,59
BATCH-20260728-168,2026-07-28T20:04:00,2026-07-28T20:04:31,2026-07-28T20:04:51,B,H1,Pellet,20607.7,20629.2,31,20
BATCH-20260728-169,2026-07-28T20:21:00,2026-07-28T20:22:18,2026-07-28T20:22:44,B,H1,Ore,29086.7,28989.5,78,26
BATCH-20260728-170,2026-07-28T20:27:00,2026-07-28T20:28:09,2026-07-28T20:29:01,B,H1,Coke,16136.7,16143.7,69,52
BATCH-20260728-171,2026-07-28T20:36:00,2026-07-28T20:37:21,2026-07-28T20:37:43,B,H1,Limestone,11134.1,11046.3,81,22
BATCH-20260728-172,2026-07-28T20:44:00,2026-07-28T20:45:00,2026-07-28T20:45:45,B,H3,Sinter,22867.5,22865.8,60,45
BATCH-20260728-173,2026-07-28T20:48:00,2026-07-28T20:49:04,2026-07-28T20:49:51,B,H2,Limestone,13529.5,13524.3,64,47
BATCH-20260728-174,2026-07-28T20:51:00,2026-07-28T20:51:49,2026-07-28T20:52:17,B,H1,Pellet,15838.3,15760.3,49,28
BATCH-20260728-175,2026-07-28T20:56:00,2026-07-28T20:56:57,2026-07-28T20:57:41,B,H4,Sinter,19554.4,19535.7,57,44
BATCH-20260728-176,2026-07-28T21:03:00,2026-07-28T21:04:19,2026-07-28T21:05:04,B,H1,Limestone,11853.3,11838.6,79,45
BATCH-20260728-177,2026-07-28T21:18:00,2026-07-28T21:19:08,2026-07-28T21:19:57,B,H3,Limestone,15252.6,15284.1,68,49
BATCH-20260728-178,2026-07-28T21:23:00,2026-07-28T21:23:57,2026-07-28T21:24:29,B,H2,Limestone,11161.4,11131.6,57,32
BATCH-20260728-179,2026-07-28T21:41:00,2026-07-28T21:41:36,2026-07-28T21:42:33,B,H3,Coke,10093.4,10059.8,36,57
BATCH-20260728-180,2026-07-28T21:47:00,2026-07-28T21:48:10,2026-07-28T21:48:40,B,H3,Coke,12190.2,12202.6,70,30
BATCH-20260728-181,2026-07-28T21:57:00,2026-07-28T21:58:30,2026-07-28T21:59:09,B,H1,Sinter,18503.8,18508.9,90,39
BATCH-20260728-182,2026-07-28T22:13:00,2026-07-28T22:14:11,2026-07-28T22:14:44,C,H4,Pellet,12041.1,11993.6,71,33
BATCH-20260728-183,2026-07-28T22:18:00,2026-07-28T22:19:18,2026-07-28T22:20:09,C,H3,Ore,18489.3,18483.1,78,51
BATCH-20260728-184,2026-07-28T22:19:00,2026-07-28T22:19:35,2026-07-28T22:20:17,C,H3,Ore,20031.0,20037.9,35,42
BATCH-20260728-185,2026-07-28T22:29:00,2026-07-28T22:29:38,2026-07-28T22:30:17,C,H2,Sinter,22985.8,23052.1,38,39
BATCH-20260728-186,2026-07-28T22:38:00,2026-07-28T22:39:09,2026-07-28T22:39:56,C,H2,Pellet,20346.4,20329.5,69,47
BATCH-20260728-187,2026-07-28T22:50:00,2026-07-28T22:51:06,2026-07-28T22:51:55,C,H3,Limestone,12826.2,12800.3,66,49
BATCH-20260728-188,2026-07-28T22:52:00,2026-07-28T22:52:51,2026-07-28T22:53:31,C,H4,Limestone,12718.5,12676.9,51,40
BATCH-20260728-189,2026-07-28T22:58:00,2026-07-28T22:58:48,2026-07-28T22:59:39,C,H1,Ore,20169.6,20212.8,48,51
BATCH-20260728-190,2026-07-28T22:58:00,2026-07-28T22:58:53,2026-07-28T22:59:45,C,H3,Ore,18186.7,18202.4,53,52
BATCH-20260728-191,2026-07-28T22:59:00,2026-07-28T23:00:15,2026-07-28T23:00:37,C,H1,Pellet,12799.7,12797.4,75,22
BATCH-20260728-192,2026-07-28T23:04:00,2026-07-28T23:04:55,2026-07-28T23:05:36,C,H1,Coke,12572.3,12580.0,55,41
BATCH-20260728-193,2026-07-28T23:07:00,2026-07-28T23:08:14,2026-07-28T23:09:08,C,H3,Sinter,23721.1,23647.9,74,54
BATCH-20260728-194,2026-07-28T23:15:00,2026-07-28T23:16:14,2026-07-28T23:17:08,C,H4,Sinter,23623.0,23664.5,74,54
BATCH-20260728-195,2026-07-28T23:24:00,2026-07-28T23:25:16,2026-07-28T23:26:00,C,H3,Pellet,16374.6,16421.9,76,44
BATCH-20260728-196,2026-07-28T23:25:00,2026-07-28T23:25:42,2026-07-28T23:26:33,C,H1,Sinter,17169.3,17104.7,42,51
BATCH-20260728-197,2026-07-28T23:31:00,2026-07-28T23:32:13,2026-07-28T23:32:52,C,H3,Pellet,13210.8,13208.9,73,39
BATCH-20260728-198,2026-07-28T23:31:00,2026-07-28T23:31:36,2026-07-28T23:32:19,C,H1,Limestone,15300.4,15284.9,36,43
BATCH-20260728-199,2026-07-28T23:31:00,2026-07-28T23:32:09,2026-07-28T23:32:29,C,H1,Sinter,21683.8,21653.4,69,20
BATCH-20260728-200,2026-07-28T23:44:00,2026-07-28T23:45:09,2026-07-28T23:45:36,C,H1,Ore,26474.8,26514.0,69,27
BATCH-20260729-001,2026-07-29T00:13:00,2026-07-29T00:13:40,2026-07-29T00:14:16,C,H2,Limestone,10912.4,10909.4,40,36
BATCH-20260729-002,2026-07-29T00:18:00,2026-07-29T00:18:38,2026-07-29T00:19:14,C,H2,Coke,17260.6,17305.3,38,36
BATCH-20260729-003,2026-07-29T00:27:00,2026-07-29T00:28:03,2026-07-29T00:28:37,C,H3,Limestone,10250.7,10311.8,63,34
BATCH-20260729-004,2026-07-29T00:30:00,2026-07-29T00:31:30,2026-07-29T00:32:18,C,H3,Sinter,16157.8,16088.2,90,48
BATCH-20260729-005,2026-07-29T00:33:00,2026-07-29T00:33:34,2026-07-29T00:34:11,C,H1,Coke,16328.1,16414.7,34,37
BATCH-20260729-006,2026-07-29T00:40:00,2026-07-29T00:41:11,2026-07-29T00:41:46,C,H4,Ore,23232.4,23264.1,71,35
BATCH-20260729-007,2026-07-29T00:40:00,2026-07-29T00:41:14,2026-07-29T00:41:38,C,H2,Pellet,15883.0,15936.6,74,24
BATCH-20260729-008,2026-07-29T01:01:00,2026-07-29T01:02:17,2026-07-29T01:03:04,C,H3,Sinter,23218.9,23268.7,77,47
BATCH-20260729-009,2026-07-29T01:02:00,2026-07-29T01:02:38,2026-07-29T01:03:12,C,H4,Limestone,15839.6,15883.9,38,34
BATCH-20260729-010,2026-07-29T01:04:00,2026-07-29T01:05:02,2026-07-29T01:05:45,C,H1,Coke,10271.2,10274.9,62,43
BATCH-20260729-011,2026-07-29T01:08:00,2026-07-29T01:08:50,2026-07-29T01:09:17,C,H3,Sinter,21328.4,21305.5,50,27
BATCH-20260729-012,2026-07-29T01:12:00,2026-07-29T01:12:47,2026-07-29T01:13:43,C,H3,Sinter,18989.3,18975.1,47,56
BATCH-20260729-013,2026-07-29T01:23:00,2026-07-29T01:24:19,2026-07-29T01:24:50,C,H4,Limestone,12603.8,12537.2,79,31
BATCH-20260729-014,2026-07-29T01:26:00,2026-07-29T01:27:06,2026-07-29T01:27:49,C,H1,Sinter,16644.0,16607.0,66,43
BATCH-20260729-015,2026-07-29T01:27:00,2026-07-29T01:27:42,2026-07-29T01:28:20,C,H1,Coke,16986.6,16951.8,42,38
BATCH-20260729-016,2026-07-29T01:49:00,2026-07-29T01:49:59,2026-07-29T01:50:55,C,H4,Limestone,11538.9,11568.0,59,56
BATCH-20260729-017,2026-07-29T01:57:00,2026-07-29T01:58:01,2026-07-29T01:58:42,C,H1,Sinter,22691.6,22658.9,61,41
BATCH-20260729-018,2026-07-29T01:58:00,2026-07-29T01:59:23,2026-07-29T02:00:03,C,H4,Limestone,12156.5,12222.1,83,40
BATCH-20260729-019,2026-07-29T02:06:00,2026-07-29T02:07:21,2026-07-29T02:07:41,C,H2,Pellet,13468.4,13462.2,81,20
BATCH-20260729-020,2026-07-29T02:17:00,2026-07-29T02:18:09,2026-07-29T02:19:07,C,H4,Coke,15743.2,15744.9,69,58
BATCH-20260729-021,2026-07-29T02:24:00,2026-07-29T02:25:24,2026-07-29T02:26:20,C,H1,Pellet,19745.1,19699.7,84,56
BATCH-20260729-022,2026-07-29T02:27:00,2026-07-29T02:28:27,2026-07-29T02:29:04,C,H4,Coke,13393.6,13410.1,87,37
BATCH-20260729-023,2026-07-29T02:39:00,2026-07-29T02:39:40,2026-07-29T02:40:01,C,H2,Pellet,18179.8,18174.8,40,21
BATCH-20260729-024,2026-07-29T02:53:00,2026-07-29T02:54:15,2026-07-29T02:54:49,C,H3,Limestone,12168.1,12195.0,75,34
BATCH-20260729-025,2026-07-29T02:58:00,2026-07-29T02:58:35,2026-07-29T02:58:57,C,H3,Pellet,15790.7,15834.0,35,22
BATCH-20260729-026,2026-07-29T03:05:00,2026-07-29T03:05:47,2026-07-29T03:06:21,C,H1,Pellet,12197.5,12151.2,47,34
BATCH-20260729-027,2026-07-29T03:09:00,2026-07-29T03:09:31,2026-07-29T03:10:14,C,H4,Pellet,21077.1,21108.6,31,43
BATCH-20260729-028,2026-07-29T03:23:00,2026-07-29T03:24:28,2026-07-29T03:25:15,C,H4,Pellet,13681.9,13758.0,88,47
BATCH-20260729-029,2026-07-29T03:24:00,2026-07-29T03:24:57,2026-07-29T03:25:52,C,H3,Pellet,19795.4,19776.9,57,55
BATCH-20260729-030,2026-07-29T03:27:00,2026-07-29T03:27:39,2026-07-29T03:28:30,C,H4,Ore,27930.6,27999.2,39,51
BATCH-20260729-031,2026-07-29T03:35:00,2026-07-29T03:35:52,2026-07-29T03:36:33,C,H3,Limestone,11560.8,11526.4,52,41
BATCH-20260729-032,2026-07-29T03:43:00,2026-07-29T03:44:03,2026-07-29T03:44:34,C,H2,Ore,23595.0,23495.3,63,31
BATCH-20260729-033,2026-07-29T03:45:00,2026-07-29T03:45:39,2026-07-29T03:46:08,C,H3,Pellet,19518.2,19536.9,39,29
BATCH-20260729-034,2026-07-29T03:56:00,2026-07-29T03:56:58,2026-07-29T03:57:23,C,H2,Coke,15579.2,15558.6,58,25
BATCH-20260729-035,2026-07-29T03:59:00,2026-07-29T04:00:05,2026-07-29T04:01:04,C,H2,Limestone,15210.9,15242.3,65,59
BATCH-20260729-036,2026-07-29T04:04:00,2026-07-29T04:04:35,2026-07-29T04:05:25,C,H3,Coke,17153.2,17203.4,35,50
BATCH-20260729-037,2026-07-29T04:09:00,2026-07-29T04:09:55,2026-07-29T04:10:44,C,H1,Ore,29386.6,29341.3,55,49
BATCH-20260729-038,2026-07-29T04:19:00,2026-07-29T04:20:09,2026-07-29T04:20:40,C,H1,Sinter,18879.4,18879.8,69,31
BATCH-20260729-039,2026-07-29T04:20:00,2026-07-29T04:20:35,2026-07-29T04:21:15,C,H2,Pellet,19873.3,19882.7,35,40
BATCH-20260729-040,2026-07-29T04:23:00,2026-07-29T04:23:38,2026-07-29T04:24:23,C,H2,Sinter,18270.5,18259.4,38,45
BATCH-20260729-041,2026-07-29T04:44:00,2026-07-29T04:44:36,2026-07-29T04:45:36,C,H1,Sinter,16964.3,16907.7,36,60
BATCH-20260729-042,2026-07-29T04:53:00,2026-07-29T04:54:30,2026-07-29T04:55:07,C,H1,Coke,17402.4,17452.3,90,37
BATCH-20260729-043,2026-07-29T04:59:00,2026-07-29T05:00:16,2026-07-29T05:00:36,C,H2,Ore,24282.9,24216.6,76,20
BATCH-20260729-044,2026-07-29T05:03:00,2026-07-29T05:03:50,2026-07-29T05:04:48,C,H4,Sinter,21933.6,22003.6,50,58
BATCH-20260729-045,2026-07-29T05:04:00,2026-07-29T05:04:36,2026-07-29T05:05:02,C,H3,Coke,14304.9,14405.7,36,26
BATCH-20260729-046,2026-07-29T05:07:00,2026-07-29T05:07:38,2026-07-29T05:08:04,C,H1,Limestone,13357.1,13374.3,38,26
BATCH-20260729-047,2026-07-29T05:31:00,2026-07-29T05:32:08,2026-07-29T05:33:00,C,H2,Limestone,15318.5,15295.8,68,52
BATCH-20260729-048,2026-07-29T06:00:00,2026-07-29T06:00:45,2026-07-29T06:01:36,A,H2,Limestone,13701.2,13699.9,45,51
BATCH-20260729-049,2026-07-29T06:06:00,2026-07-29T06:06:50,2026-07-29T06:07:20,A,H1,Ore,28622.3,28626.7,50,30
BATCH-20260729-050,2026-07-29T06:12:00,2026-07-29T06:12:35,2026-07-29T06:13:20,A,H1,Pellet,18226.4,18247.5,35,45
BATCH-20260729-051,2026-07-29T06:16:00,2026-07-29T06:17:14,2026-07-29T06:18:03,A,H2,Pellet,19930.9,19897.9,74,49
BATCH-20260729-052,2026-07-29T06:18:00,2026-07-29T06:18:38,2026-07-29T06:18:59,A,H2,Coke,17328.8,17269.0,38,21
BATCH-20260729-053,2026-07-29T06:26:00,2026-07-29T06:27:21,2026-07-29T06:28:13,A,H1,Coke,15979.1,16033.2,81,52
BATCH-20260729-054,2026-07-29T06:54:00,2026-07-29T06:55:16,2026-07-29T06:55:54,A,H2,Coke,11324.2,11346.1,76,38
BATCH-20260729-055,2026-07-29T06:55:00,2026-07-29T06:55:47,2026-07-29T06:56:45,A,H4,Ore,24955.3,25065.4,47,58
BATCH-20260729-056,2026-07-29T07:04:00,2026-07-29T07:05:27,2026-07-29T07:05:51,A,H2,Pellet,14878.3,14818.2,87,24
BATCH-20260729-057,2026-07-29T07:26:00,2026-07-29T07:26:56,2026-07-29T07:27:31,A,H3,Coke,17384.3,17383.7,56,35
BATCH-20260729-058,2026-07-29T07:28:00,2026-07-29T07:29:16,2026-07-29T07:29:59,A,H1,Limestone,11547.2,11553.5,76,43
BATCH-20260729-059,2026-07-29T07:47:00,2026-07-29T07:47:45,2026-07-29T07:48:23,A,H4,Limestone,10330.1,10320.1,45,38
BATCH-20260729-060,2026-07-29T07:55:00,2026-07-29T07:56:29,2026-07-29T07:57:06,A,H2,Pellet,18603.6,18553.8,89,37
BATCH-20260729-061,2026-07-29T08:01:00,2026-07-29T08:02:22,2026-07-29T08:03:08,A,H1,Coke,11000.2,10986.9,82,46
BATCH-20260729-062,2026-07-29T08:02:00,2026-07-29T08:02:36,2026-07-29T08:03:04,A,H4,Pellet,18732.6,19089.4,36,28
BATCH-20260729-063,2026-07-29T08:11:00,2026-07-29T08:11:53,2026-07-29T08:12:20,A,H3,Limestone,13977.8,13930.8,53,27
BATCH-20260729-064,2026-07-29T08:34:00,2026-07-29T08:34:59,2026-07-29T08:35:54,A,H4,Coke,15216.4,15183.3,59,55
BATCH-20260729-065,2026-07-29T08:39:00,2026-07-29T08:39:53,2026-07-29T08:40:23,A,H2,Ore,19798.1,19833.0,53,30
BATCH-20260729-066,2026-07-29T08:46:00,2026-07-29T08:47:03,2026-07-29T08:47:49,A,H1,Pellet,14518.2,14523.5,63,46
BATCH-20260729-067,2026-07-29T08:59:00,2026-07-29T08:59:41,2026-07-29T09:00:06,A,H3,Pellet,20925.6,21069.3,41,25
BATCH-20260729-068,2026-07-29T09:00:00,2026-07-29T09:00:37,2026-07-29T09:01:27,A,H4,Sinter,18738.5,18709.0,37,50
BATCH-20260729-069,2026-07-29T09:02:00,2026-07-29T09:02:48,2026-07-29T09:03:14,A,H3,Sinter,22841.0,22870.3,48,26
BATCH-20260729-070,2026-07-29T09:35:00,2026-07-29T09:35:49,2026-07-29T09:36:40,A,H1,Sinter,19799.9,19853.5,49,51
BATCH-20260729-071,2026-07-29T10:06:00,2026-07-29T10:07:22,2026-07-29T10:07:46,A,H3,Ore,20495.3,20527.1,82,24
BATCH-20260729-072,2026-07-29T10:24:00,2026-07-29T10:24:52,2026-07-29T10:25:31,A,H3,Ore,27746.9,27720.8,52,39
BATCH-20260729-073,2026-07-29T10:27:00,2026-07-29T10:27:30,2026-07-29T10:28:25,A,H2,Limestone,14177.8,14212.0,30,55
BATCH-20260729-074,2026-07-29T10:32:00,2026-07-29T10:32:40,2026-07-29T10:33:35,A,H3,Ore,28378.3,28381.4,40,55
BATCH-20260729-075,2026-07-29T10:32:00,2026-07-29T10:33:21,2026-07-29T10:34:20,A,H1,Coke,15507.0,15557.5,81,59
BATCH-20260729-076,2026-07-29T10:37:00,2026-07-29T10:38:15,2026-07-29T10:38:46,A,H2,Ore,22598.3,22583.3,75,31
BATCH-20260729-077,2026-07-29T10:55:00,2026-07-29T10:55:56,2026-07-29T10:56:53,A,H1,Coke,16073.2,16023.1,56,57
BATCH-20260729-078,2026-07-29T11:05:00,2026-07-29T11:06:23,2026-07-29T11:06:59,A,H2,Limestone,10793.5,10750.0,83,36
BATCH-20260729-079,2026-07-29T11:07:00,2026-07-29T11:08:13,2026-07-29T11:08:44,A,H4,Limestone,10567.2,10545.9,73,31
BATCH-20260729-080,2026-07-29T11:10:00,2026-07-29T11:11:12,2026-07-29T11:12:03,A,H3,Pellet,18491.9,18540.9,72,51
BATCH-20260729-081,2026-07-29T11:13:00,2026-07-29T11:14:23,2026-07-29T11:14:53,A,H1,Pellet,14848.3,14445.7,83,30
BATCH-20260729-082,2026-07-29T11:16:00,2026-07-29T11:16:56,2026-07-29T11:17:35,A,H1,Limestone,13194.3,13116.5,56,39
BATCH-20260729-083,2026-07-29T11:19:00,2026-07-29T11:20:06,2026-07-29T11:20:55,A,H4,Limestone,12856.8,12949.0,66,49
BATCH-20260729-084,2026-07-29T11:24:00,2026-07-29T11:24:50,2026-07-29T11:25:16,A,H3,Limestone,13476.4,13544.9,50,26
BATCH-20260729-085,2026-07-29T11:26:00,2026-07-29T11:27:08,2026-07-29T11:27:53,A,H3,Sinter,23097.5,23051.9,68,45
BATCH-20260729-086,2026-07-29T11:30:00,2026-07-29T11:30:50,2026-07-29T11:31:37,A,H4,Coke,12852.1,12861.3,50,47
BATCH-20260729-087,2026-07-29T11:37:00,2026-07-29T11:38:09,2026-07-29T11:38:33,A,H4,Sinter,24398.3,24387.9,69,24
BATCH-20260729-088,2026-07-29T11:41:00,2026-07-29T11:42:03,2026-07-29T11:42:50,A,H2,Sinter,22269.1,22277.0,63,47
BATCH-20260729-089,2026-07-29T11:42:00,2026-07-29T11:43:16,2026-07-29T11:43:49,A,H2,Ore,22913.7,23004.1,76,33
BATCH-20260729-090,2026-07-29T11:44:00,2026-07-29T11:44:51,2026-07-29T11:45:12,A,H2,Sinter,16656.6,16669.1,51,21
BATCH-20260729-091,2026-07-29T11:49:00,2026-07-29T11:49:37,2026-07-29T11:50:02,A,H4,Sinter,24242.0,24189.1,37,25
BATCH-20260729-092,2026-07-29T11:50:00,2026-07-29T11:50:34,2026-07-29T11:51:16,A,H4,Sinter,23277.1,23233.4,34,42
BATCH-20260729-093,2026-07-29T11:51:00,2026-07-29T11:51:43,2026-07-29T11:52:37,A,H2,Ore,26912.5,26896.4,43,54
BATCH-20260729-094,2026-07-29T12:01:00,2026-07-29T12:02:12,2026-07-29T12:02:44,A,H3,Sinter,20768.6,20699.1,72,32
BATCH-20260729-095,2026-07-29T12:08:00,2026-07-29T12:09:02,2026-07-29T12:09:33,A,H2,Ore,22849.5,22869.2,62,31
BATCH-20260729-096,2026-07-29T12:16:00,2026-07-29T12:16:52,2026-07-29T12:17:31,A,H3,Sinter,20057.5,20016.4,52,39
BATCH-20260729-097,2026-07-29T12:33:00,2026-07-29T12:34:27,2026-07-29T12:34:55,A,H3,Ore,29044.7,29029.1,87,28
BATCH-20260729-098,2026-07-29T12:49:00,2026-07-29T12:49:37,2026-07-29T12:50:06,A,H3,Ore,26716.3,27054.9,37,29
BATCH-20260729-099,2026-07-29T12:57:00,2026-07-29T12:57:37,2026-07-29T12:58:10,A,H2,Sinter,24880.8,24823.8,37,33
BATCH-20260729-100,2026-07-29T12:58:00,2026-07-29T12:59:30,2026-07-29T13:00:27,A,H1,Sinter,23153.2,23075.8,90,57
BATCH-20260729-101,2026-07-29T13:00:00,2026-07-29T13:01:14,2026-07-29T13:01:39,A,H4,Ore,25248.4,25278.5,74,25
BATCH-20260729-102,2026-07-29T13:06:00,2026-07-29T13:06:48,2026-07-29T13:07:35,A,H2,Limestone,12064.5,11999.8,48,47
BATCH-20260729-103,2026-07-29T13:11:00,2026-07-29T13:12:16,2026-07-29T13:12:40,A,H1,Ore,29608.1,29698.9,76,24
BATCH-20260729-104,2026-07-29T13:16:00,2026-07-29T13:16:52,2026-07-29T13:17:14,A,H1,Sinter,17319.9,17377.9,52,22
BATCH-20260729-105,2026-07-29T13:16:00,2026-07-29T13:16:52,2026-07-29T13:17:16,A,H4,Limestone,11219.1,11149.9,52,24
BATCH-20260729-106,2026-07-29T13:24:00,2026-07-29T13:24:39,2026-07-29T13:25:03,A,H2,Pellet,21563.3,21596.6,39,24
BATCH-20260729-107,2026-07-29T13:25:00,2026-07-29T13:26:10,2026-07-29T13:26:37,A,H1,Limestone,13624.4,13503.5,70,27
BATCH-20260729-108,2026-07-29T13:30:00,2026-07-29T13:30:56,2026-07-29T13:31:55,A,H4,Coke,14787.7,14797.3,56,59
BATCH-20260729-109,2026-07-29T13:38:00,2026-07-29T13:38:54,2026-07-29T13:39:19,A,H1,Limestone,11347.0,11226.9,54,25
BATCH-20260729-110,2026-07-29T13:42:00,2026-07-29T13:43:29,2026-07-29T13:44:05,A,H3,Coke,13461.4,13445.0,89,36
BATCH-20260729-111,2026-07-29T13:50:00,2026-07-29T13:51:13,2026-07-29T13:52:05,A,H2,Pellet,15073.6,15004.8,73,52
BATCH-20260729-112,2026-07-29T13:56:00,2026-07-29T13:56:45,2026-07-29T13:57:10,A,H3,Limestone,15039.0,15027.1,45,25
BATCH-20260729-113,2026-07-29T13:59:00,2026-07-29T14:00:09,2026-07-29T14:01:04,A,H4,Sinter,20012.9,19995.2,69,55
BATCH-20260729-114,2026-07-29T14:06:00,2026-07-29T14:06:38,2026-07-29T14:07:24,B,H1,Sinter,16940.6,16906.2,38,46
BATCH-20260729-115,2026-07-29T14:12:00,2026-07-29T14:13:22,2026-07-29T14:13:43,B,H4,Pellet,14008.9,14067.6,82,21
BATCH-20260729-116,2026-07-29T14:18:00,2026-07-29T14:19:20,2026-07-29T14:20:11,B,H2,Pellet,21199.0,21240.1,80,51
BATCH-20260729-117,2026-07-29T14:20:00,2026-07-29T14:21:19,2026-07-29T14:21:50,B,H3,Pellet,16208.6,16227.6,79,31
BATCH-20260729-118,2026-07-29T14:23:00,2026-07-29T14:24:03,2026-07-29T14:24:29,B,H3,Coke,13416.8,13405.3,63,26
BATCH-20260729-119,2026-07-29T14:24:00,2026-07-29T14:25:15,2026-07-29T14:25:59,B,H4,Pellet,13541.7,13524.2,75,44
BATCH-20260729-120,2026-07-29T14:28:00,2026-07-29T14:28:34,2026-07-29T14:28:59,B,H2,Sinter,22029.1,22011.8,34,25
BATCH-20260729-121,2026-07-29T14:43:00,2026-07-29T14:43:37,2026-07-29T14:44:09,B,H2,Pellet,18477.8,18407.3,37,32
BATCH-20260729-122,2026-07-29T14:44:00,2026-07-29T14:45:17,2026-07-29T14:45:38,B,H2,Ore,26549.7,26555.5,77,21
BATCH-20260729-123,2026-07-29T14:46:00,2026-07-29T14:46:37,2026-07-29T14:47:20,B,H2,Pellet,14069.4,14110.7,37,43
BATCH-20260729-124,2026-07-29T14:47:00,2026-07-29T14:47:36,2026-07-29T14:48:33,B,H1,Pellet,13138.9,12998.3,36,57
BATCH-20260729-125,2026-07-29T14:54:00,2026-07-29T14:55:19,2026-07-29T14:55:51,B,H3,Coke,15722.8,15593.5,79,32
BATCH-20260729-126,2026-07-29T14:55:00,2026-07-29T14:56:02,2026-07-29T14:56:59,B,H3,Ore,26576.3,26626.3,62,57
BATCH-20260729-127,2026-07-29T14:56:00,2026-07-29T14:56:56,2026-07-29T14:57:47,B,H1,Pellet,19362.3,19346.2,56,51
BATCH-20260729-128,2026-07-29T14:58:00,2026-07-29T14:58:45,2026-07-29T14:59:25,B,H3,Coke,12753.7,12725.8,45,40
BATCH-20260729-129,2026-07-29T15:12:00,2026-07-29T15:13:17,2026-07-29T15:13:38,B,H3,Sinter,23828.6,23847.5,77,21
BATCH-20260729-130,2026-07-29T15:14:00,2026-07-29T15:15:14,2026-07-29T15:15:34,B,H4,Sinter,17618.4,17743.6,74,20
BATCH-20260729-131,2026-07-29T15:25:00,2026-07-29T15:25:45,2026-07-29T15:26:33,B,H1,Pellet,18306.2,18242.0,45,48
BATCH-20260729-132,2026-07-29T15:29:00,2026-07-29T15:30:16,2026-07-29T15:31:05,B,H2,Ore,20514.0,20459.2,76,49
BATCH-20260729-133,2026-07-29T15:34:00,2026-07-29T15:34:31,2026-07-29T15:35:19,B,H1,Pellet,13096.8,13108.6,31,48
BATCH-20260729-134,2026-07-29T15:37:00,2026-07-29T15:37:45,2026-07-29T15:38:38,B,H2,Ore,18951.6,18941.0,45,53
BATCH-20260729-135,2026-07-29T15:58:00,2026-07-29T15:59:28,2026-07-29T15:59:51,B,H3,Coke,16658.6,16663.4,88,23
BATCH-20260729-136,2026-07-29T16:02:00,2026-07-29T16:02:56,2026-07-29T16:03:42,B,H3,Limestone,14903.6,14900.1,56,46
BATCH-20260729-137,2026-07-29T16:29:00,2026-07-29T16:30:11,2026-07-29T16:30:42,B,H3,Sinter,15278.6,15382.9,71,31
BATCH-20260729-138,2026-07-29T16:41:00,2026-07-29T16:41:51,2026-07-29T16:42:19,B,H2,Coke,12821.1,12715.5,51,28
BATCH-20260729-139,2026-07-29T16:47:00,2026-07-29T16:47:55,2026-07-29T16:48:47,B,H4,Pellet,12843.6,12834.8,55,52
BATCH-20260729-140,2026-07-29T16:51:00,2026-07-29T16:52:18,2026-07-29T16:52:57,B,H4,Pellet,18859.7,18851.2,78,39
BATCH-20260729-141,2026-07-29T17:22:00,2026-07-29T17:22:55,2026-07-29T17:23:48,B,H4,Pellet,17609.7,17609.8,55,53
BATCH-20260729-142,2026-07-29T17:40:00,2026-07-29T17:41:23,2026-07-29T17:42:04,B,H1,Ore,23360.4,23376.3,83,41
BATCH-20260729-143,2026-07-29T17:43:00,2026-07-29T17:44:07,2026-07-29T17:44:40,B,H2,Ore,23691.1,23659.0,67,33
BATCH-20260729-144,2026-07-29T17:45:00,2026-07-29T17:45:30,2026-07-29T17:46:03,B,H3,Coke,12857.4,12847.9,30,33
BATCH-20260729-145,2026-07-29T17:46:00,2026-07-29T17:47:30,2026-07-29T17:48:29,B,H1,Sinter,20474.1,20508.7,90,59
BATCH-20260729-146,2026-07-29T17:51:00,2026-07-29T17:52:24,2026-07-29T17:52:47,B,H3,Pellet,14767.9,14806.1,84,23
BATCH-20260729-147,2026-07-29T17:55:00,2026-07-29T17:55:43,2026-07-29T17:56:20,B,H4,Coke,10910.0,10681.1,43,37
BATCH-20260729-148,2026-07-29T18:07:00,2026-07-29T18:07:43,2026-07-29T18:08:33,B,H3,Limestone,13751.7,13774.6,43,50
BATCH-20260729-149,2026-07-29T18:13:00,2026-07-29T18:13:54,2026-07-29T18:14:28,B,H1,Pellet,16313.7,16327.6,54,34
BATCH-20260729-150,2026-07-29T18:29:00,2026-07-29T18:30:08,2026-07-29T18:30:32,B,H1,Limestone,10261.3,10221.9,68,24
BATCH-20260729-151,2026-07-29T18:37:00,2026-07-29T18:37:39,2026-07-29T18:37:59,B,H3,Limestone,15418.5,15350.2,39,20
BATCH-20260729-152,2026-07-29T18:40:00,2026-07-29T18:40:43,2026-07-29T18:41:41,B,H4,Coke,12397.3,12436.6,43,58
BATCH-20260729-153,2026-07-29T18:48:00,2026-07-29T18:48:50,2026-07-29T18:49:32,B,H1,Pellet,15747.3,15806.5,50,42
BATCH-20260729-154,2026-07-29T19:05:00,2026-07-29T19:06:03,2026-07-29T19:06:49,B,H1,Limestone,12347.1,12331.1,63,46
BATCH-20260729-155,2026-07-29T19:11:00,2026-07-29T19:11:56,2026-07-29T19:12:54,B,H3,Pellet,15218.8,15233.0,56,58
BATCH-20260729-156,2026-07-29T19:22:00,2026-07-29T19:23:25,2026-07-29T19:24:18,B,H2,Coke,13873.2,13896.1,85,53
BATCH-20260729-157,2026-07-29T19:26:00,2026-07-29T19:26:50,2026-07-29T19:27:28,B,H2,Coke,13085.9,12984.1,50,38
BATCH-20260729-158,2026-07-29T19:26:00,2026-07-29T19:26:46,2026-07-29T19:27:22,B,H4,Sinter,16486.5,16466.0,46,36
BATCH-20260729-159,2026-07-29T19:43:00,2026-07-29T19:43:43,2026-07-29T19:44:13,B,H2,Coke,15190.2,15138.3,43,30
BATCH-20260729-160,2026-07-29T19:47:00,2026-07-29T19:47:58,2026-07-29T19:48:45,B,H2,Limestone,11848.2,11891.6,58,47
BATCH-20260729-161,2026-07-29T19:54:00,2026-07-29T19:55:15,2026-07-29T19:56:02,B,H1,Ore,23664.6,23637.1,75,47
BATCH-20260729-162,2026-07-29T19:55:00,2026-07-29T19:56:24,2026-07-29T19:57:04,B,H1,Pellet,21346.9,21352.7,84,40
BATCH-20260729-163,2026-07-29T20:06:00,2026-07-29T20:07:20,2026-07-29T20:08:19,B,H1,Sinter,23474.2,23406.8,80,59
BATCH-20260729-164,2026-07-29T20:09:00,2026-07-29T20:10:16,2026-07-29T20:11:11,B,H1,Sinter,18290.9,18241.1,76,55
BATCH-20260729-165,2026-07-29T20:13:00,2026-07-29T20:13:53,2026-07-29T20:14:37,B,H2,Limestone,10162.5,10085.8,53,44
BATCH-20260729-166,2026-07-29T20:22:00,2026-07-29T20:23:20,2026-07-29T20:24:18,B,H4,Sinter,24096.4,24099.9,80,58
BATCH-20260729-167,2026-07-29T20:28:00,2026-07-29T20:29:11,2026-07-29T20:29:51,B,H2,Ore,26656.3,26615.9,71,40
BATCH-20260729-168,2026-07-29T20:31:00,2026-07-29T20:32:17,2026-07-29T20:32:56,B,H1,Ore,28426.8,28456.6,77,39
BATCH-20260729-169,2026-07-29T20:34:00,2026-07-29T20:34:41,2026-07-29T20:35:10,B,H3,Limestone,10067.1,10066.2,41,29
BATCH-20260729-170,2026-07-29T20:38:00,2026-07-29T20:38:41,2026-07-29T20:39:37,B,H2,Limestone,11906.2,11976.9,41,56
BATCH-20260729-171,2026-07-29T20:45:00,2026-07-29T20:45:57,2026-07-29T20:46:33,B,H2,Pellet,15095.6,15079.4,57,36
BATCH-20260729-172,2026-07-29T20:59:00,2026-07-29T21:00:28,2026-07-29T21:01:04,B,H1,Sinter,17115.3,17189.3,88,36
BATCH-20260729-173,2026-07-29T21:06:00,2026-07-29T21:07:01,2026-07-29T21:07:26,B,H2,Ore,27315.0,27294.6,61,25
BATCH-20260729-174,2026-07-29T21:10:00,2026-07-29T21:11:27,2026-07-29T21:11:59,B,H4,Sinter,21979.3,21993.0,87,32
BATCH-20260729-175,2026-07-29T21:11:00,2026-07-29T21:12:30,2026-07-29T21:12:50,B,H2,Coke,16105.3,16099.5,90,20
BATCH-20260729-176,2026-07-29T21:18:00,2026-07-29T21:19:17,2026-07-29T21:19:58,B,H1,Ore,18087.8,18080.1,77,41
BATCH-20260729-177,2026-07-29T21:36:00,2026-07-29T21:37:24,2026-07-29T21:37:56,B,H4,Limestone,14677.3,14675.9,84,32
BATCH-20260729-178,2026-07-29T21:38:00,2026-07-29T21:39:05,2026-07-29T21:40:00,B,H4,Limestone,15550.7,15562.6,65,55
BATCH-20260729-179,2026-07-29T21:52:00,2026-07-29T21:53:06,2026-07-29T21:53:40,B,H2,Pellet,20576.0,20468.5,66,34
BATCH-20260729-180,2026-07-29T21:58:00,2026-07-29T21:59:28,2026-07-29T21:59:48,B,H1,Limestone,10949.4,11005.0,88,20
BATCH-20260729-181,2026-07-29T22:00:00,2026-07-29T22:01:02,2026-07-29T22:01:22,C,H4,Coke,12097.7,12156.6,62,20
BATCH-20260729-182,2026-07-29T22:05:00,2026-07-29T22:05:55,2026-07-29T22:06:34,C,H1,Coke,16818.4,16851.6,55,39
BATCH-20260729-183,2026-07-29T22:11:00,2026-07-29T22:12:26,2026-07-29T22:13:07,C,H4,Pellet,13744.0,13683.1,86,41
BATCH-20260729-184,2026-07-29T22:33:00,2026-07-29T22:34:24,2026-07-29T22:35:07,C,H1,Pellet,17277.0,17261.3,84,43
BATCH-20260729-185,2026-07-29T22:35:00,2026-07-29T22:36:02,2026-07-29T22:36:27,C,H1,Ore,24365.7,24385.2,62,25
BATCH-20260729-186,2026-07-29T22:48:00,2026-07-29T22:49:07,2026-07-29T22:50:03,C,H3,Coke,17210.4,17235.6,67,56
BATCH-20260729-187,2026-07-29T22:53:00,2026-07-29T22:53:51,2026-07-29T22:54:12,C,H2,Limestone,14812.4,14643.2,51,21
BATCH-20260729-188,2026-07-29T22:56:00,2026-07-29T22:57:10,2026-07-29T22:57:56,C,H4,Limestone,13410.7,13360.9,70,46
BATCH-20260729-189,2026-07-29T23:04:00,2026-07-29T23:05:13,2026-07-29T23:06:06,C,H1,Sinter,18275.5,18214.5,73,53
BATCH-20260729-190,2026-07-29T23:07:00,2026-07-29T23:07:32,2026-07-29T23:08:05,C,H3,Ore,23990.3,24008.4,32,33
BATCH-20260729-191,2026-07-29T23:11:00,2026-07-29T23:12:30,2026-07-29T23:13:26,C,H3,Sinter,19543.3,19607.7,90,56
BATCH-20260729-192,2026-07-29T23:16:00,2026-07-29T23:17:15,2026-07-29T23:18:06,C,H4,Coke,17080.7,17030.2,75,51
BATCH-20260729-193,2026-07-29T23:20:00,2026-07-29T23:20:31,2026-07-29T23:21:00,C,H2,Sinter,16153.8,16240.3,31,29
BATCH-20260729-194,2026-07-29T23:21:00,2026-07-29T23:21:59,2026-07-29T23:22:20,C,H1,Coke,10072.2,10069.1,59,21
BATCH-20260729-195,2026-07-29T23:26:00,2026-07-29T23:27:17,2026-07-29T23:27:48,C,H2,Pellet,17903.0,17869.7,77,31
BATCH-20260729-196,2026-07-29T23:37:00,2026-07-29T23:38:07,2026-07-29T23:38:30,C,H3,Sinter,16014.1,16064.5,67,23
BATCH-20260729-197,2026-07-29T23:38:00,2026-07-29T23:39:13,2026-07-29T23:39:55,C,H2,Limestone,11252.1,11285.6,73,42
BATCH-20260729-198,2026-07-29T23:43:00,2026-07-29T23:43:46,2026-07-29T23:44:39,C,H4,Sinter,20102.1,20080.7,46,53
BATCH-20260729-199,2026-07-29T23:50:00,2026-07-29T23:51:04,2026-07-29T23:51:55,C,H3,Sinter,15684.4,15584.2,64,51
BATCH-20260729-200,2026-07-29T23:54:00,2026-07-29T23:55:03,2026-07-29T23:55:33,C,H4,Limestone,14138.3,14227.2,63,30
BATCH-20260730-001,2026-07-30T00:07:00,2026-07-30T00:08:12,2026-07-30T00:09:03,C,H4,Coke,10656.6,10711.8,72,51
BATCH-20260730-002,2026-07-30T00:17:00,2026-07-30T00:17:37,2026-07-30T00:18:12,C,H3,Ore,22529.2,22545.7,37,35
BATCH-20260730-003,2026-07-30T00:20:00,2026-07-30T00:21:09,2026-07-30T00:22:03,C,H4,Coke,16446.1,16469.8,69,54
BATCH-20260730-004,2026-07-30T00:21:00,2026-07-30T00:22:19,2026-07-30T00:22:53,C,H4,Coke,15682.8,15622.2,79,34
BATCH-20260730-005,2026-07-30T00:29:00,2026-07-30T00:30:08,2026-07-30T00:31:04,C,H4,Limestone,11937.6,11864.0,68,56
BATCH-20260730-006,2026-07-30T00:38:00,2026-07-30T00:39:22,2026-07-30T00:39:48,C,H4,Ore,27321.5,27360.7,82,26
BATCH-20260730-007,2026-07-30T00:38:00,2026-07-30T00:39:14,2026-07-30T00:40:02,C,H2,Limestone,14966.9,14948.2,74,48
BATCH-20260730-008,2026-07-30T00:38:00,2026-07-30T00:39:02,2026-07-30T00:39:35,C,H1,Ore,19346.5,19336.9,62,33
BATCH-20260730-009,2026-07-30T00:43:00,2026-07-30T00:44:17,2026-07-30T00:45:16,C,H3,Pellet,12714.0,12741.5,77,59
BATCH-20260730-010,2026-07-30T00:45:00,2026-07-30T00:45:44,2026-07-30T00:46:24,C,H2,Pellet,14194.5,14197.6,44,40
BATCH-20260730-011,2026-07-30T00:48:00,2026-07-30T00:49:27,2026-07-30T00:49:52,C,H1,Sinter,22422.8,22363.8,87,25
BATCH-20260730-012,2026-07-30T01:13:00,2026-07-30T01:14:09,2026-07-30T01:14:52,C,H4,Limestone,10963.3,10890.6,69,43
BATCH-20260730-013,2026-07-30T01:20:00,2026-07-30T01:20:32,2026-07-30T01:21:02,C,H1,Pellet,13551.1,13545.2,32,30
BATCH-20260730-014,2026-07-30T01:22:00,2026-07-30T01:22:31,2026-07-30T01:23:23,C,H3,Pellet,15735.1,15800.5,31,52
BATCH-20260730-015,2026-07-30T01:25:00,2026-07-30T01:25:39,2026-07-30T01:26:05,C,H4,Pellet,13310.6,13299.5,39,26
BATCH-20260730-016,2026-07-30T01:53:00,2026-07-30T01:54:12,2026-07-30T01:54:40,C,H4,Limestone,14449.4,14215.7,72,28
BATCH-20260730-017,2026-07-30T02:05:00,2026-07-30T02:06:14,2026-07-30T02:06:48,C,H1,Ore,20634.8,20604.7,74,34
BATCH-20260730-018,2026-07-30T02:10:00,2026-07-30T02:10:37,2026-07-30T02:11:10,C,H3,Limestone,10036.7,10003.5,37,33
BATCH-20260730-019,2026-07-30T02:13:00,2026-07-30T02:13:31,2026-07-30T02:13:57,C,H3,Ore,20453.3,20478.6,31,26
BATCH-20260730-020,2026-07-30T02:18:00,2026-07-30T02:19:10,2026-07-30T02:19:57,C,H4,Ore,26208.1,26175.7,70,47
BATCH-20260730-021,2026-07-30T02:20:00,2026-07-30T02:21:08,2026-07-30T02:21:43,C,H2,Pellet,20394.0,20399.1,68,35
BATCH-20260730-022,2026-07-30T02:24:00,2026-07-30T02:25:25,2026-07-30T02:26:16,C,H1,Limestone,11656.4,11643.6,85,51
BATCH-20260730-023,2026-07-30T02:32:00,2026-07-30T02:33:02,2026-07-30T02:33:55,C,H3,Limestone,10601.4,10599.6,62,53
BATCH-20260730-024,2026-07-30T02:41:00,2026-07-30T02:42:00,2026-07-30T02:42:48,C,H4,Coke,15749.5,15766.4,60,48
BATCH-20260730-025,2026-07-30T02:48:00,2026-07-30T02:48:49,2026-07-30T02:49:22,C,H4,Sinter,23541.1,23519.3,49,33
BATCH-20260730-026,2026-07-30T03:01:00,2026-07-30T03:02:27,2026-07-30T03:02:53,C,H1,Ore,23895.3,23813.4,87,26
BATCH-20260730-027,2026-07-30T03:04:00,2026-07-30T03:05:01,2026-07-30T03:05:49,C,H3,Ore,23301.8,23328.9,61,48
BATCH-20260730-028,2026-07-30T03:05:00,2026-07-30T03:05:57,2026-07-30T03:06:39,C,H2,Sinter,22457.5,22403.7,57,42
BATCH-20260730-029,2026-07-30T03:26:00,2026-07-30T03:27:27,2026-07-30T03:27:48,C,H4,Limestone,13123.1,13022.1,87,21
BATCH-20260730-030,2026-07-30T03:31:00,2026-07-30T03:31:54,2026-07-30T03:32:46,C,H3,Coke,14121.9,14123.0,54,52
BATCH-20260730-031,2026-07-30T03:34:00,2026-07-30T03:34:33,2026-07-30T03:35:14,C,H1,Coke,12779.5,12713.1,33,41
BATCH-20260730-032,2026-07-30T03:37:00,2026-07-30T03:37:33,2026-07-30T03:37:55,C,H3,Ore,21020.3,21029.8,33,22
BATCH-20260730-033,2026-07-30T04:02:00,2026-07-30T04:02:37,2026-07-30T04:03:12,C,H1,Pellet,13880.5,13888.9,37,35
BATCH-20260730-034,2026-07-30T04:04:00,2026-07-30T04:05:17,2026-07-30T04:05:54,C,H2,Pellet,16179.0,16168.3,77,37
BATCH-20260730-035,2026-07-30T04:10:00,2026-07-30T04:10:47,2026-07-30T04:11:07,C,H2,Limestone,11042.8,11078.0,47,20
BATCH-20260730-036,2026-07-30T04:19:00,2026-07-30T04:20:30,2026-07-30T04:21:22,C,H3,Pellet,18135.8,18114.0,90,52
BATCH-20260730-037,2026-07-30T04:23:00,2026-07-30T04:23:33,2026-07-30T04:24:05,C,H3,Ore,21629.3,21672.3,33,32
BATCH-20260730-038,2026-07-30T04:25:00,2026-07-30T04:25:35,2026-07-30T04:26:35,C,H2,Pellet,13199.7,13200.0,35,60
BATCH-20260730-039,2026-07-30T04:28:00,2026-07-30T04:28:50,2026-07-30T04:29:45,C,H2,Sinter,18853.6,18823.7,50,55
BATCH-20260730-040,2026-07-30T04:36:00,2026-07-30T04:36:32,2026-07-30T04:37:32,C,H3,Sinter,21564.7,21566.5,32,60
BATCH-20260730-041,2026-07-30T04:44:00,2026-07-30T04:45:19,2026-07-30T04:46:14,C,H4,Limestone,12692.9,12623.4,79,55
BATCH-20260730-042,2026-07-30T05:08:00,2026-07-30T05:08:48,2026-07-30T05:09:47,C,H3,Limestone,12140.1,12137.4,48,59
BATCH-20260730-043,2026-07-30T05:12:00,2026-07-30T05:12:30,2026-07-30T05:13:18,C,H4,Pellet,19303.6,19310.8,30,48
BATCH-20260730-044,2026-07-30T05:15:00,2026-07-30T05:16:14,2026-07-30T05:17:00,C,H3,Coke,15605.9,15550.5,74,46
BATCH-20260730-045,2026-07-30T05:28:00,2026-07-30T05:28:55,2026-07-30T05:29:22,C,H3,Ore,27605.7,27573.1,55,27
BATCH-20260730-046,2026-07-30T05:29:00,2026-07-30T05:29:41,2026-07-30T05:30:17,C,H4,Pellet,12476.5,12503.9,41,36
BATCH-20260730-047,2026-07-30T05:31:00,2026-07-30T05:32:30,2026-07-30T05:33:17,C,H2,Pellet,21365.1,21345.2,90,47
BATCH-20260730-048,2026-07-30T05:31:00,2026-07-30T05:32:27,2026-07-30T05:32:52,C,H3,Sinter,23167.5,23155.1,87,25
BATCH-20260730-049,2026-07-30T05:33:00,2026-07-30T05:34:05,2026-07-30T05:34:25,C,H4,Ore,19714.1,19685.4,65,20
BATCH-20260730-050,2026-07-30T05:36:00,2026-07-30T05:36:54,2026-07-30T05:37:25,C,H4,Ore,23809.6,23852.8,54,31
BATCH-20260730-051,2026-07-30T05:41:00,2026-07-30T05:41:36,2026-07-30T05:42:28,C,H2,Sinter,16105.8,16174.1,36,52
BATCH-20260730-052,2026-07-30T05:42:00,2026-07-30T05:43:24,2026-07-30T05:44:20,C,H1,Limestone,11437.7,11434.3,84,56
BATCH-20260730-053,2026-07-30T05:42:00,2026-07-30T05:43:25,2026-07-30T05:43:54,C,H2,Ore,24459.0,24483.4,85,29
BATCH-20260730-054,2026-07-30T06:02:00,2026-07-30T06:03:08,2026-07-30T06:03:29,A,H4,Ore,23279.4,23315.4,68,21
BATCH-20260730-055,2026-07-30T06:05:00,2026-07-30T06:05:35,2026-07-30T06:06:16,A,H1,Pellet,13537.6,13575.7,35,41
BATCH-20260730-056,2026-07-30T06:12:00,2026-07-30T06:12:55,2026-07-30T06:13:55,A,H4,Coke,16653.4,16694.1,55,60
BATCH-20260730-057,2026-07-30T06:21:00,2026-07-30T06:22:26,2026-07-30T06:23:13,A,H1,Pellet,17545.7,17440.7,86,47
BATCH-20260730-058,2026-07-30T06:26:00,2026-07-30T06:27:29,2026-07-30T06:27:54,A,H4,Coke,13272.2,13268.9,89,25
BATCH-20260730-059,2026-07-30T06:33:00,2026-07-30T06:34:23,2026-07-30T06:35:21,A,H2,Pellet,21602.3,21596.0,83,58
BATCH-20260730-060,2026-07-30T06:33:00,2026-07-30T06:33:46,2026-07-30T06:34:44,A,H2,Ore,29904.0,29517.0,46,58
BATCH-20260730-061,2026-07-30T06:38:00,2026-07-30T06:38:34,2026-07-30T06:39:23,A,H1,Pellet,14165.9,14108.4,34,49
BATCH-20260730-062,2026-07-30T06:49:00,2026-07-30T06:50:22,2026-07-30T06:50:57,A,H3,Pellet,16049.1,16058.7,82,35
BATCH-20260730-063,2026-07-30T06:52:00,2026-07-30T06:53:20,2026-07-30T06:54:18,A,H2,Coke,10178.7,10149.8,80,58
BATCH-20260730-064,2026-07-30T06:53:00,2026-07-30T06:53:38,2026-07-30T06:54:34,A,H1,Coke,13447.6,13432.8,38,56
BATCH-20260730-065,2026-07-30T06:57:00,2026-07-30T06:57:30,2026-07-30T06:58:20,A,H2,Limestone,15966.8,15974.4,30,50
BATCH-20260730-066,2026-07-30T07:10:00,2026-07-30T07:10:57,2026-07-30T07:11:30,A,H3,Pellet,18979.6,18982.7,57,33
BATCH-20260730-067,2026-07-30T07:14:00,2026-07-30T07:14:40,2026-07-30T07:15:11,A,H4,Coke,10930.8,10952.6,40,31
BATCH-20260730-068,2026-07-30T07:19:00,2026-07-30T07:20:21,2026-07-30T07:20:46,A,H4,Sinter,21689.3,21666.9,81,25
BATCH-20260730-069,2026-07-30T07:25:00,2026-07-30T07:26:18,2026-07-30T07:26:49,A,H4,Limestone,11284.1,11280.9,78,31
BATCH-20260730-070,2026-07-30T07:36:00,2026-07-30T07:37:00,2026-07-30T07:37:51,A,H3,Ore,28230.3,28140.1,60,51
BATCH-20260730-071,2026-07-30T07:38:00,2026-07-30T07:38:50,2026-07-30T07:39:22,A,H1,Ore,21931.7,21985.0,50,32
BATCH-20260730-072,2026-07-30T07:56:00,2026-07-30T07:56:47,2026-07-30T07:57:31,A,H1,Ore,24519.8,24555.2,47,44
BATCH-20260730-073,2026-07-30T08:04:00,2026-07-30T08:05:08,2026-07-30T08:05:41,A,H2,Limestone,10510.0,10555.7,68,33
BATCH-20260730-074,2026-07-30T08:12:00,2026-07-30T08:13:23,2026-07-30T08:14:05,A,H4,Ore,26508.2,26555.9,83,42
BATCH-20260730-075,2026-07-30T08:18:00,2026-07-30T08:18:40,2026-07-30T08:19:16,A,H2,Coke,15675.7,15728.3,40,36
BATCH-20260730-076,2026-07-30T08:24:00,2026-07-30T08:25:11,2026-07-30T08:25:55,A,H2,Coke,13486.2,13530.3,71,44
BATCH-20260730-077,2026-07-30T08:28:00,2026-07-30T08:28:39,2026-07-30T08:29:04,A,H1,Ore,27087.2,27110.1,39,25
BATCH-20260730-078,2026-07-30T08:36:00,2026-07-30T08:36:46,2026-07-30T08:37:06,A,H3,Pellet,15069.5,15090.5,46,20
BATCH-20260730-079,2026-07-30T08:41:00,2026-07-30T08:42:08,2026-07-30T08:42:49,A,H3,Coke,11350.4,11372.3,68,41
BATCH-20260730-080,2026-07-30T08:44:00,2026-07-30T08:45:25,2026-07-30T08:45:45,A,H4,Pellet,14413.3,14417.8,85,20
BATCH-20260730-081,2026-07-30T08:45:00,2026-07-30T08:45:43,2026-07-30T08:46:33,A,H4,Coke,11292.5,11271.6,43,50
BATCH-20260730-082,2026-07-30T08:55:00,2026-07-30T08:56:30,2026-07-30T08:57:13,A,H2,Limestone,15978.3,16012.9,90,43
BATCH-20260730-083,2026-07-30T09:04:00,2026-07-30T09:04:56,2026-07-30T09:05:35,A,H3,Limestone,14551.5,14546.6,56,39
BATCH-20260730-084,2026-07-30T09:05:00,2026-07-30T09:06:06,2026-07-30T09:07:02,A,H2,Coke,13555.4,13508.8,66,56
BATCH-20260730-085,2026-07-30T09:13:00,2026-07-30T09:13:42,2026-07-30T09:14:33,A,H4,Pellet,15068.2,15003.1,42,51
BATCH-20260730-086,2026-07-30T09:20:00,2026-07-30T09:20:38,2026-07-30T09:21:10,A,H1,Pellet,19829.3,19844.2,38,32
BATCH-20260730-087,2026-07-30T09:24:00,2026-07-30T09:25:15,2026-07-30T09:25:35,A,H4,Pellet,18662.9,18619.5,75,20
BATCH-20260730-088,2026-07-30T09:57:00,2026-07-30T09:58:13,2026-07-30T09:58:55,A,H3,Pellet,19204.3,19205.8,73,42
BATCH-20260730-089,2026-07-30T09:57:00,2026-07-30T09:58:21,2026-07-30T09:59:16,A,H2,Sinter,23391.1,23360.1,81,55
BATCH-20260730-090,2026-07-30T10:01:00,2026-07-30T10:01:53,2026-07-30T10:02:17,A,H2,Coke,12206.8,12258.7,53,24
BATCH-20260730-091,2026-07-30T10:04:00,2026-07-30T10:04:45,2026-07-30T10:05:29,A,H4,Coke,15237.9,15222.6,45,44
BATCH-20260730-092,2026-07-30T10:07:00,2026-07-30T10:08:13,2026-07-30T10:08:49,A,H3,Coke,17520.6,17208.7,73,36
BATCH-20260730-093,2026-07-30T10:21:00,2026-07-30T10:22:01,2026-07-30T10:22:59,A,H3,Pellet,17895.4,17847.5,61,58
BATCH-20260730-094,2026-07-30T10:32:00,2026-07-30T10:33:05,2026-07-30T10:34:01,A,H1,Ore,24568.9,24515.5,65,56
BATCH-20260730-095,2026-07-30T10:37:00,2026-07-30T10:38:30,2026-07-30T10:38:53,A,H2,Sinter,24719.3,24791.0,90,23
BATCH-20260730-096,2026-07-30T10:41:00,2026-07-30T10:42:07,2026-07-30T10:42:48,A,H1,Sinter,20278.7,20291.2,67,41
BATCH-20260730-097,2026-07-30T10:45:00,2026-07-30T10:46:18,2026-07-30T10:46:51,A,H2,Pellet,20192.8,20157.3,78,33
BATCH-20260730-098,2026-07-30T10:54:00,2026-07-30T10:54:43,2026-07-30T10:55:36,A,H2,Limestone,14164.3,14198.3,43,53
BATCH-20260730-099,2026-07-30T11:04:00,2026-07-30T11:04:47,2026-07-30T11:05:17,A,H4,Coke,13957.2,13941.7,47,30
BATCH-20260730-100,2026-07-30T11:07:00,2026-07-30T11:07:50,2026-07-30T11:08:24,A,H3,Sinter,18763.3,18789.5,50,34
BATCH-20260730-101,2026-07-30T11:08:00,2026-07-30T11:08:58,2026-07-30T11:09:48,A,H2,Sinter,24170.1,24262.8,58,50
BATCH-20260730-102,2026-07-30T11:09:00,2026-07-30T11:09:41,2026-07-30T11:10:19,A,H4,Ore,23679.8,23603.6,41,38
BATCH-20260730-103,2026-07-30T11:22:00,2026-07-30T11:23:01,2026-07-30T11:23:22,A,H3,Coke,15082.3,14964.8,61,21
BATCH-20260730-104,2026-07-30T11:46:00,2026-07-30T11:46:30,2026-07-30T11:47:18,A,H4,Ore,20951.0,20997.4,30,48
BATCH-20260730-105,2026-07-30T12:04:00,2026-07-30T12:05:04,2026-07-30T12:05:27,A,H4,Limestone,10906.1,10899.6,64,23
BATCH-20260730-106,2026-07-30T12:32:00,2026-07-30T12:33:06,2026-07-30T12:33:51,A,H1,Sinter,23224.2,23230.3,66,45
BATCH-20260730-107,2026-07-30T12:50:00,2026-07-30T12:50:54,2026-07-30T12:51:19,A,H2,Sinter,18751.5,18787.5,54,25
BATCH-20260730-108,2026-07-30T13:12:00,2026-07-30T13:12:55,2026-07-30T13:13:18,A,H2,Ore,22463.0,22424.7,55,23
BATCH-20260730-109,2026-07-30T13:13:00,2026-07-30T13:14:15,2026-07-30T13:14:53,A,H4,Sinter,24442.3,24505.7,75,38
BATCH-20260730-110,2026-07-30T13:27:00,2026-07-30T13:27:36,2026-07-30T13:28:20,A,H1,Sinter,21869.7,21895.1,36,44
BATCH-20260730-111,2026-07-30T13:32:00,2026-07-30T13:32:33,2026-07-30T13:33:17,A,H1,Coke,17402.5,17386.7,33,44
BATCH-20260730-112,2026-07-30T13:33:00,2026-07-30T13:33:44,2026-07-30T13:34:33,A,H1,Coke,10051.4,10025.6,44,49
BATCH-20260730-113,2026-07-30T13:40:00,2026-07-30T13:41:07,2026-07-30T13:41:41,A,H2,Sinter,15254.7,15299.5,67,34
BATCH-20260730-114,2026-07-30T13:41:00,2026-07-30T13:41:33,2026-07-30T13:42:02,A,H2,Sinter,19805.4,19865.1,33,29
BATCH-20260730-115,2026-07-30T13:43:00,2026-07-30T13:44:21,2026-07-30T13:44:52,A,H3,Coke,11769.2,11743.1,81,31
BATCH-20260730-116,2026-07-30T13:44:00,2026-07-30T13:44:44,2026-07-30T13:45:32,A,H3,Pellet,20030.2,20047.2,44,48
BATCH-20260730-117,2026-07-30T13:54:00,2026-07-30T13:54:36,2026-07-30T13:55:08,A,H1,Limestone,10033.4,10004.2,36,32
BATCH-20260730-118,2026-07-30T14:08:00,2026-07-30T14:09:20,2026-07-30T14:09:41,B,H3,Sinter,19236.0,19257.3,80,21
BATCH-20260730-119,2026-07-30T14:17:00,2026-07-30T14:17:57,2026-07-30T14:18:47,B,H4,Ore,26813.5,26167.4,57,50
BATCH-20260730-120,2026-07-30T14:17:00,2026-07-30T14:17:33,2026-07-30T14:18:30,B,H3,Coke,17040.5,16945.8,33,57
BATCH-20260730-121,2026-07-30T14:19:00,2026-07-30T14:20:22,2026-07-30T14:21:19,B,H1,Ore,29657.1,29685.1,82,57
BATCH-20260730-122,2026-07-30T14:26:00,2026-07-30T14:27:07,2026-07-30T14:27:57,B,H3,Ore,22049.3,22081.7,67,50
BATCH-20260730-123,2026-07-30T14:28:00,2026-07-30T14:28:34,2026-07-30T14:29:13,B,H2,Coke,14634.5,14565.5,34,39
BATCH-20260730-124,2026-07-30T14:31:00,2026-07-30T14:32:11,2026-07-30T14:32:52,B,H3,Pellet,18890.5,18866.3,71,41
BATCH-20260730-125,2026-07-30T14:36:00,2026-07-30T14:36:41,2026-07-30T14:37:22,B,H3,Pellet,12344.0,12241.4,41,41
BATCH-20260730-126,2026-07-30T14:40:00,2026-07-30T14:41:24,2026-07-30T14:42:21,B,H3,Coke,13653.9,13773.4,84,57
BATCH-20260730-127,2026-07-30T14:54:00,2026-07-30T14:55:19,2026-07-30T14:55:49,B,H3,Coke,12110.9,12117.2,79,30
BATCH-20260730-128,2026-07-30T14:58:00,2026-07-30T14:58:34,2026-07-30T14:59:33,B,H2,Ore,19475.7,19542.5,34,59
BATCH-20260730-129,2026-07-30T15:23:00,2026-07-30T15:23:54,2026-07-30T15:24:37,B,H4,Pellet,21203.2,21256.3,54,43
BATCH-20260730-130,2026-07-30T15:24:00,2026-07-30T15:25:16,2026-07-30T15:25:53,B,H4,Pellet,18083.9,18119.6,76,37
BATCH-20260730-131,2026-07-30T15:26:00,2026-07-30T15:26:30,2026-07-30T15:27:16,B,H2,Sinter,21623.5,21560.8,30,46
BATCH-20260730-132,2026-07-30T15:27:00,2026-07-30T15:27:56,2026-07-30T15:28:25,B,H4,Sinter,18089.6,18082.3,56,29
BATCH-20260730-133,2026-07-30T15:28:00,2026-07-30T15:28:46,2026-07-30T15:29:46,B,H2,Limestone,14515.9,14588.2,46,60
BATCH-20260730-134,2026-07-30T15:37:00,2026-07-30T15:37:44,2026-07-30T15:38:24,B,H4,Ore,22038.7,22088.9,44,40
BATCH-20260730-135,2026-07-30T15:42:00,2026-07-30T15:42:49,2026-07-30T15:43:20,B,H1,Pellet,20690.3,20669.7,49,31
BATCH-20260730-136,2026-07-30T15:45:00,2026-07-30T15:46:00,2026-07-30T15:46:31,B,H1,Ore,20796.2,20848.2,60,31
BATCH-20260730-137,2026-07-30T15:49:00,2026-07-30T15:50:17,2026-07-30T15:51:13,B,H2,Limestone,14012.1,13996.6,77,56
BATCH-20260730-138,2026-07-30T15:53:00,2026-07-30T15:54:26,2026-07-30T15:54:58,B,H3,Limestone,15897.7,15876.7,86,32
BATCH-20260730-139,2026-07-30T16:23:00,2026-07-30T16:23:48,2026-07-30T16:24:09,B,H2,Limestone,14446.9,14446.6,48,21
BATCH-20260730-140,2026-07-30T16:36:00,2026-07-30T16:37:21,2026-07-30T16:38:09,B,H4,Sinter,23390.0,23476.3,81,48
BATCH-20260730-141,2026-07-30T16:38:00,2026-07-30T16:39:06,2026-07-30T16:39:34,B,H4,Coke,12175.9,12200.2,66,28
BATCH-20260730-142,2026-07-30T16:42:00,2026-07-30T16:42:40,2026-07-30T16:43:34,B,H1,Ore,21354.7,21375.4,40,54
BATCH-20260730-143,2026-07-30T16:46:00,2026-07-30T16:47:06,2026-07-30T16:47:33,B,H2,Sinter,19418.1,19487.4,66,27
BATCH-20260730-144,2026-07-30T16:53:00,2026-07-30T16:53:43,2026-07-30T16:54:38,B,H3,Ore,23515.5,23549.0,43,55
BATCH-20260730-145,2026-07-30T17:00:00,2026-07-30T17:01:17,2026-07-30T17:02:17,B,H1,Ore,19888.9,19856.7,77,60
BATCH-20260730-146,2026-07-30T17:06:00,2026-07-30T17:07:10,2026-07-30T17:07:53,B,H3,Sinter,22471.6,22419.2,70,43
BATCH-20260730-147,2026-07-30T17:06:00,2026-07-30T17:07:18,2026-07-30T17:08:02,B,H4,Sinter,18719.7,18724.2,78,44
BATCH-20260730-148,2026-07-30T17:12:00,2026-07-30T17:13:03,2026-07-30T17:13:53,B,H4,Pellet,20601.8,20603.7,63,50
BATCH-20260730-149,2026-07-30T17:16:00,2026-07-30T17:16:48,2026-07-30T17:17:39,B,H4,Pellet,15277.9,15345.8,48,51
BATCH-20260730-150,2026-07-30T17:18:00,2026-07-30T17:19:06,2026-07-30T17:19:26,B,H2,Limestone,12973.8,12936.5,66,20
BATCH-20260730-151,2026-07-30T17:28:00,2026-07-30T17:29:12,2026-07-30T17:29:35,B,H3,Sinter,20470.0,20427.8,72,23
BATCH-20260730-152,2026-07-30T17:32:00,2026-07-30T17:32:47,2026-07-30T17:33:18,B,H3,Limestone,10790.8,10744.0,47,31
BATCH-20260730-153,2026-07-30T17:37:00,2026-07-30T17:38:13,2026-07-30T17:39:06,B,H4,Sinter,22527.8,22578.8,73,53
BATCH-20260730-154,2026-07-30T17:41:00,2026-07-30T17:41:53,2026-07-30T17:42:41,B,H2,Sinter,17121.1,17165.2,53,48
BATCH-20260730-155,2026-07-30T17:44:00,2026-07-30T17:44:46,2026-07-30T17:45:10,B,H2,Ore,28808.0,28794.5,46,24
BATCH-20260730-156,2026-07-30T17:59:00,2026-07-30T17:59:44,2026-07-30T18:00:14,B,H4,Limestone,11493.1,11461.5,44,30
BATCH-20260730-157,2026-07-30T18:32:00,2026-07-30T18:33:30,2026-07-30T18:34:03,B,H1,Coke,16180.7,16198.8,90,33
BATCH-20260730-158,2026-07-30T18:33:00,2026-07-30T18:33:54,2026-07-30T18:34:31,B,H4,Limestone,14971.9,14964.4,54,37
BATCH-20260730-159,2026-07-30T18:33:00,2026-07-30T18:33:58,2026-07-30T18:34:39,B,H3,Coke,17228.0,17230.1,58,41
BATCH-20260730-160,2026-07-30T18:42:00,2026-07-30T18:42:45,2026-07-30T18:43:33,B,H2,Ore,26250.3,26350.4,45,48
BATCH-20260730-161,2026-07-30T18:47:00,2026-07-30T18:47:46,2026-07-30T18:48:18,B,H1,Sinter,21240.0,21319.2,46,32
BATCH-20260730-162,2026-07-30T18:55:00,2026-07-30T18:55:57,2026-07-30T18:56:28,B,H4,Coke,17597.3,17450.5,57,31
BATCH-20260730-163,2026-07-30T18:59:00,2026-07-30T19:00:24,2026-07-30T19:00:47,B,H4,Coke,13618.7,13626.7,84,23
BATCH-20260730-164,2026-07-30T19:06:00,2026-07-30T19:07:11,2026-07-30T19:07:46,B,H3,Limestone,10612.2,10523.0,71,35
BATCH-20260730-165,2026-07-30T19:14:00,2026-07-30T19:15:13,2026-07-30T19:15:52,B,H3,Pellet,13717.0,13768.4,73,39
BATCH-20260730-166,2026-07-30T19:29:00,2026-07-30T19:30:06,2026-07-30T19:30:51,B,H1,Coke,15106.1,15113.9,66,45
BATCH-20260730-167,2026-07-30T19:47:00,2026-07-30T19:47:53,2026-07-30T19:48:17,B,H3,Sinter,19066.0,19095.3,53,24
BATCH-20260730-168,2026-07-30T19:48:00,2026-07-30T19:48:56,2026-07-30T19:49:48,B,H3,Sinter,23944.5,23967.0,56,52
BATCH-20260730-169,2026-07-30T19:50:00,2026-07-30T19:51:00,2026-07-30T19:51:43,B,H2,Sinter,15239.7,15166.7,60,43
BATCH-20260730-170,2026-07-30T19:50:00,2026-07-30T19:50:37,2026-07-30T19:51:05,B,H2,Limestone,10186.7,10193.1,37,28
BATCH-20260730-171,2026-07-30T20:04:00,2026-07-30T20:04:54,2026-07-30T20:05:36,B,H4,Limestone,14647.4,14707.3,54,42
BATCH-20260730-172,2026-07-30T20:23:00,2026-07-30T20:24:06,2026-07-30T20:24:40,B,H4,Ore,18898.5,18859.5,66,34
BATCH-20260730-173,2026-07-30T20:25:00,2026-07-30T20:25:36,2026-07-30T20:26:16,B,H3,Sinter,24062.9,24101.8,36,40
BATCH-20260730-174,2026-07-30T20:26:00,2026-07-30T20:27:26,2026-07-30T20:27:51,B,H1,Limestone,12186.9,12066.0,86,25
BATCH-20260730-175,2026-07-30T20:35:00,2026-07-30T20:36:26,2026-07-30T20:36:50,B,H3,Coke,15097.7,15132.0,86,24
BATCH-20260730-176,2026-07-30T21:06:00,2026-07-30T21:07:17,2026-07-30T21:08:17,B,H3,Pellet,17577.6,17611.5,77,60
BATCH-20260730-177,2026-07-30T21:08:00,2026-07-30T21:09:19,2026-07-30T21:09:40,B,H3,Ore,29461.7,29471.5,79,21
BATCH-20260730-178,2026-07-30T21:12:00,2026-07-30T21:13:23,2026-07-30T21:13:43,B,H1,Pellet,15698.8,15672.9,83,20
BATCH-20260730-179,2026-07-30T21:26:00,2026-07-30T21:27:24,2026-07-30T21:28:13,B,H4,Ore,26706.2,26753.9,84,49
BATCH-20260730-180,2026-07-30T21:33:00,2026-07-30T21:34:19,2026-07-30T21:35:14,B,H1,Sinter,23528.6,23496.6,79,55
BATCH-20260730-181,2026-07-30T21:41:00,2026-07-30T21:42:28,2026-07-30T21:42:52,B,H4,Limestone,15769.8,15721.9,88,24
BATCH-20260730-182,2026-07-30T21:45:00,2026-07-30T21:46:13,2026-07-30T21:46:33,B,H1,Sinter,21176.5,21335.7,73,20
BATCH-20260730-183,2026-07-30T21:50:00,2026-07-30T21:50:51,2026-07-30T21:51:31,B,H1,Pellet,18218.7,18195.2,51,40
BATCH-20260730-184,2026-07-30T21:52:00,2026-07-30T21:52:36,2026-07-30T21:53:22,B,H2,Pellet,16206.9,16206.1,36,46
BATCH-20260730-185,2026-07-30T22:01:00,2026-07-30T22:01:51,2026-07-30T22:02:38,C,H1,Pellet,17622.0,17655.1,51,47
BATCH-20260730-186,2026-07-30T22:04:00,2026-07-30T22:05:13,2026-07-30T22:06:11,C,H3,Ore,22611.4,22589.4,73,58
BATCH-20260730-187,2026-07-30T22:07:00,2026-07-30T22:07:34,2026-07-30T22:08:32,C,H3,Sinter,15598.4,15576.7,34,58
BATCH-20260730-188,2026-07-30T22:13:00,2026-07-30T22:14:26,2026-07-30T22:15:22,C,H2,Pellet,18270.8,18289.6,86,56
BATCH-20260730-189,2026-07-30T22:14:00,2026-07-30T22:15:07,2026-07-30T22:15:53,C,H4,Ore,28320.6,28239.2,67,46
BATCH-20260730-190,2026-07-30T22:27:00,2026-07-30T22:27:57,2026-07-30T22:28:28,C,H3,Limestone,10072.8,10098.5,57,31
BATCH-20260730-191,2026-07-30T22:30:00,2026-07-30T22:30:57,2026-07-30T22:31:43,C,H4,Sinter,17142.2,17240.1,57,46
BATCH-20260730-192,2026-07-30T22:37:00,2026-07-30T22:37:55,2026-07-30T22:38:23,C,H2,Sinter,16544.4,16499.5,55,28
BATCH-20260730-193,2026-07-30T22:42:00,2026-07-30T22:42:44,2026-07-30T22:43:42,C,H4,Pellet,18368.8,18244.7,44,58
BATCH-20260730-194,2026-07-30T22:48:00,2026-07-30T22:49:20,2026-07-30T22:50:10,C,H1,Coke,17625.5,17552.1,80,50
BATCH-20260730-195,2026-07-30T23:10:00,2026-07-30T23:11:05,2026-07-30T23:12:04,C,H2,Pellet,15581.4,15542.1,65,59
BATCH-20260730-196,2026-07-30T23:10:00,2026-07-30T23:10:38,2026-07-30T23:11:27,C,H2,Coke,11228.2,11223.8,38,49
BATCH-20260730-197,2026-07-30T23:19:00,2026-07-30T23:20:29,2026-07-30T23:21:27,C,H3,Limestone,14308.2,14329.7,89,58
BATCH-20260730-198,2026-07-30T23:29:00,2026-07-30T23:29:36,2026-07-30T23:30:07,C,H2,Sinter,21710.2,21627.3,36,31
BATCH-20260730-199,2026-07-30T23:42:00,2026-07-30T23:43:12,2026-07-30T23:43:39,C,H1,Sinter,20244.7,20268.2,72,27
BATCH-20260730-200,2026-07-30T23:43:00,2026-07-30T23:44:23,2026-07-30T23:45:11,C,H2,Coke,16184.0,16211.0,83,48
BATCH-20260731-001,2026-07-31T00:07:00,2026-07-31T00:08:17,2026-07-31T00:09:01,C,H2,Pellet,19827.9,19772.6,77,44
BATCH-20260731-002,2026-07-31T00:11:00,2026-07-31T00:12:24,2026-07-31T00:12:54,C,H3,Ore,19986.8,20046.7,84,30
BATCH-20260731-003,2026-07-31T00:19:00,2026-07-31T00:19:30,2026-07-31T00:20:14,C,H1,Limestone,13740.9,13744.1,30,44
BATCH-20260731-004,2026-07-31T00:25:00,2026-07-31T00:26:05,2026-07-31T00:26:39,C,H1,Pellet,16072.0,15718.4,65,34
BATCH-20260731-005,2026-07-31T00:25:00,2026-07-31T00:26:19,2026-07-31T00:26:50,C,H2,Sinter,22818.1,22839.3,79,31
BATCH-20260731-006,2026-07-31T00:27:00,2026-07-31T00:27:58,2026-07-31T00:28:30,C,H2,Limestone,11609.3,11608.2,58,32
BATCH-20260731-007,2026-07-31T00:42:00,2026-07-31T00:42:35,2026-07-31T00:42:58,C,H4,Coke,11407.3,11395.6,35,23
BATCH-20260731-008,2026-07-31T00:59:00,2026-07-31T01:00:10,2026-07-31T01:00:36,C,H4,Ore,25010.6,25068.6,70,26
BATCH-20260731-009,2026-07-31T01:35:00,2026-07-31T01:35:44,2026-07-31T01:36:18,C,H4,Ore,20133.5,20168.6,44,34
BATCH-20260731-010,2026-07-31T01:39:00,2026-07-31T01:40:01,2026-07-31T01:41:00,C,H2,Sinter,23299.7,23293.0,61,59
BATCH-20260731-011,2026-07-31T01:48:00,2026-07-31T01:48:39,2026-07-31T01:49:31,C,H3,Sinter,21715.8,21778.7,39,52
BATCH-20260731-012,2026-07-31T01:51:00,2026-07-31T01:52:29,2026-07-31T01:53:13,C,H4,Limestone,15505.7,15522.3,89,44
BATCH-20260731-013,2026-07-31T02:01:00,2026-07-31T02:01:52,2026-07-31T02:02:30,C,H4,Pellet,18777.8,18847.4,52,38
BATCH-20260731-014,2026-07-31T02:04:00,2026-07-31T02:05:04,2026-07-31T02:05:34,C,H4,Ore,28667.0,28704.9,64,30
BATCH-20260731-015,2026-07-31T02:09:00,2026-07-31T02:10:20,2026-07-31T02:10:54,C,H4,Sinter,24379.6,24458.7,80,34
BATCH-20260731-016,2026-07-31T02:13:00,2026-07-31T02:14:10,2026-07-31T02:14:57,C,H3,Pellet,20024.6,20607.1,70,47
BATCH-20260731-017,2026-07-31T02:16:00,2026-07-31T02:17:12,2026-07-31T02:17:45,C,H1,Ore,19996.5,19942.0,72,33
BATCH-20260731-018,2026-07-31T02:18:00,2026-07-31T02:19:10,2026-07-31T02:19:50,C,H2,Pellet,21465.3,21570.3,70,40
BATCH-20260731-019,2026-07-31T02:22:00,2026-07-31T02:22:40,2026-07-31T02:23:21,C,H1,Coke,17557.0,17574.6,40,41
BATCH-20260731-020,2026-07-31T02:30:00,2026-07-31T02:31:15,2026-07-31T02:31:53,C,H3,Pellet,14117.4,14086.0,75,38
BATCH-20260731-021,2026-07-31T02:37:00,2026-07-31T02:37:38,2026-07-31T02:37:58,C,H3,Coke,12645.8,12705.3,38,20
BATCH-20260731-022,2026-07-31T02:56:00,2026-07-31T02:57:25,2026-07-31T02:58:02,C,H3,Sinter,19851.5,19942.0,85,37
BATCH-20260731-023,2026-07-31T03:08:00,2026-07-31T03:08:51,2026-07-31T03:09:42,C,H4,Ore,20093.3,20092.6,51,51
BATCH-20260731-024,2026-07-31T03:09:00,2026-07-31T03:09:54,2026-07-31T03:10:41,C,H4,Coke,12793.9,12879.5,54,47
BATCH-20260731-025,2026-07-31T03:09:00,2026-07-31T03:09:48,2026-07-31T03:10:37,C,H3,Coke,11947.4,11956.6,48,49
BATCH-20260731-026,2026-07-31T03:16:00,2026-07-31T03:16:38,2026-07-31T03:17:31,C,H1,Coke,12497.6,12520.7,38,53
BATCH-20260731-027,2026-07-31T03:19:00,2026-07-31T03:19:59,2026-07-31T03:20:39,C,H1,Coke,13625.3,13633.0,59,40
BATCH-20260731-028,2026-07-31T03:19:00,2026-07-31T03:20:01,2026-07-31T03:20:30,C,H3,Ore,18683.0,18693.1,61,29
BATCH-20260731-029,2026-07-31T03:20:00,2026-07-31T03:21:19,2026-07-31T03:21:48,C,H2,Limestone,11517.5,11457.2,79,29
BATCH-20260731-030,2026-07-31T03:22:00,2026-07-31T03:22:47,2026-07-31T03:23:44,C,H1,Ore,24277.2,24212.9,47,57
BATCH-20260731-031,2026-07-31T03:29:00,2026-07-31T03:30:30,2026-07-31T03:31:06,C,H2,Sinter,24341.3,24351.2,90,36
BATCH-20260731-032,2026-07-31T03:37:00,2026-07-31T03:37:46,2026-07-31T03:38:11,C,H3,Sinter,17381.5,17359.7,46,25
BATCH-20260731-033,2026-07-31T03:42:00,2026-07-31T03:43:18,2026-07-31T03:44:12,C,H1,Pellet,18161.8,18173.8,78,54
BATCH-20260731-034,2026-07-31T03:44:00,2026-07-31T03:45:15,2026-07-31T03:45:54,C,H1,Pellet,12813.4,12852.3,75,39
BATCH-20260731-035,2026-07-31T03:54:00,2026-07-31T03:55:07,2026-07-31T03:55:42,C,H2,Sinter,15354.6,15373.9,67,35
BATCH-20260731-036,2026-07-31T04:03:00,2026-07-31T04:03:56,2026-07-31T04:04:55,C,H4,Ore,29738.5,29764.4,56,59
BATCH-20260731-037,2026-07-31T04:03:00,2026-07-31T04:04:08,2026-07-31T04:04:51,C,H3,Coke,10959.6,10906.7,68,43
BATCH-20260731-038,2026-07-31T04:12:00,2026-07-31T04:12:52,2026-07-31T04:13:52,C,H4,Sinter,16801.7,16820.6,52,60
BATCH-20260731-039,2026-07-31T04:21:00,2026-07-31T04:22:14,2026-07-31T04:22:37,C,H2,Limestone,10054.2,10101.0,74,23
BATCH-20260731-040,2026-07-31T04:34:00,2026-07-31T04:34:44,2026-07-31T04:35:38,C,H2,Ore,21183.2,21121.3,44,54
BATCH-20260731-041,2026-07-31T04:37:00,2026-07-31T04:37:46,2026-07-31T04:38:43,C,H4,Ore,24481.6,24560.9,46,57
BATCH-20260731-042,2026-07-31T04:38:00,2026-07-31T04:38:33,2026-07-31T04:39:21,C,H3,Ore,20019.9,20008.7,33,48
BATCH-20260731-043,2026-07-31T04:45:00,2026-07-31T04:45:31,2026-07-31T04:45:58,C,H1,Sinter,15044.8,14984.6,31,27
BATCH-20260731-044,2026-07-31T04:46:00,2026-07-31T04:47:28,2026-07-31T04:48:02,C,H4,Limestone,15725.8,15631.8,88,34
BATCH-20260731-045,2026-07-31T04:57:00,2026-07-31T04:58:21,2026-07-31T04:58:41,C,H3,Ore,29176.1,29210.0,81,20
BATCH-20260731-046,2026-07-31T04:58:00,2026-07-31T04:58:46,2026-07-31T04:59:08,C,H4,Sinter,21206.9,21141.2,46,22
BATCH-20260731-047,2026-07-31T05:07:00,2026-07-31T05:08:05,2026-07-31T05:08:59,C,H1,Pellet,16740.4,16728.9,65,54
BATCH-20260731-048,2026-07-31T05:10:00,2026-07-31T05:10:35,2026-07-31T05:11:04,C,H4,Limestone,12507.5,12416.9,35,29
BATCH-20260731-049,2026-07-31T05:21:00,2026-07-31T05:21:35,2026-07-31T05:22:25,C,H3,Coke,11392.1,11373.1,35,50
BATCH-20260731-050,2026-07-31T05:37:00,2026-07-31T05:37:39,2026-07-31T05:38:38,C,H2,Coke,12923.3,12939.6,39,59
BATCH-20260731-051,2026-07-31T05:41:00,2026-07-31T05:42:20,2026-07-31T05:43:13,C,H3,Sinter,21846.2,21911.0,80,53
BATCH-20260731-052,2026-07-31T05:46:00,2026-07-31T05:47:28,2026-07-31T05:47:57,C,H4,Coke,16404.9,16420.8,88,29
BATCH-20260731-053,2026-07-31T05:49:00,2026-07-31T05:50:11,2026-07-31T05:51:05,C,H2,Ore,29326.2,29416.4,71,54
BATCH-20260731-054,2026-07-31T06:00:00,2026-07-31T06:01:29,2026-07-31T06:02:00,A,H1,Coke,17912.2,17940.5,89,31
BATCH-20260731-055,2026-07-31T06:03:00,2026-07-31T06:04:15,2026-07-31T06:04:43,A,H1,Ore,27038.8,27082.2,75,28
BATCH-20260731-056,2026-07-31T06:07:00,2026-07-31T06:07:46,2026-07-31T06:08:11,A,H3,Pellet,17704.2,17660.7,46,25
BATCH-20260731-057,2026-07-31T06:08:00,2026-07-31T06:09:01,2026-07-31T06:09:51,A,H2,Pellet,21070.8,21042.2,61,50
BATCH-20260731-058,2026-07-31T06:17:00,2026-07-31T06:18:19,2026-07-31T06:19:08,A,H3,Pellet,15721.2,15753.3,79,49
BATCH-20260731-059,2026-07-31T06:18:00,2026-07-31T06:19:14,2026-07-31T06:19:48,A,H2,Pellet,14296.7,14302.0,74,34
BATCH-20260731-060,2026-07-31T06:20:00,2026-07-31T06:21:05,2026-07-31T06:21:27,A,H1,Pellet,15838.4,15794.5,65,22
BATCH-20260731-061,2026-07-31T06:21:00,2026-07-31T06:21:58,2026-07-31T06:22:52,A,H4,Limestone,12784.7,12714.4,58,54
BATCH-20260731-062,2026-07-31T06:35:00,2026-07-31T06:35:37,2026-07-31T06:36:11,A,H3,Pellet,15793.8,15698.9,37,34
BATCH-20260731-063,2026-07-31T06:36:00,2026-07-31T06:36:57,2026-07-31T06:37:39,A,H1,Ore,20136.0,20228.7,57,42
BATCH-20260731-064,2026-07-31T06:43:00,2026-07-31T06:43:52,2026-07-31T06:44:34,A,H3,Sinter,19463.1,19509.0,52,42
BATCH-20260731-065,2026-07-31T06:54:00,2026-07-31T06:55:22,2026-07-31T06:56:01,A,H2,Sinter,19416.3,19424.1,82,39
BATCH-20260731-066,2026-07-31T06:56:00,2026-07-31T06:56:49,2026-07-31T06:57:26,A,H3,Sinter,24868.4,24959.7,49,37
BATCH-20260731-067,2026-07-31T07:07:00,2026-07-31T07:07:45,2026-07-31T07:08:33,A,H1,Coke,17004.9,17035.9,45,48
BATCH-20260731-068,2026-07-31T07:08:00,2026-07-31T07:08:57,2026-07-31T07:09:20,A,H4,Limestone,13016.1,13055.8,57,23
BATCH-20260731-069,2026-07-31T07:15:00,2026-07-31T07:16:08,2026-07-31T07:16:46,A,H4,Limestone,10290.2,10186.3,68,38
BATCH-20260731-070,2026-07-31T07:17:00,2026-07-31T07:17:44,2026-07-31T07:18:10,A,H4,Sinter,23284.3,23274.4,44,26
BATCH-20260731-071,2026-07-31T07:25:00,2026-07-31T07:26:19,2026-07-31T07:27:10,A,H1,Coke,16854.4,16795.1,79,51
BATCH-20260731-072,2026-07-31T07:42:00,2026-07-31T07:43:05,2026-07-31T07:43:28,A,H1,Sinter,18578.2,18490.3,65,23
BATCH-20260731-073,2026-07-31T07:54:00,2026-07-31T07:54:43,2026-07-31T07:55:06,A,H4,Limestone,11276.9,11326.8,43,23
BATCH-20260731-074,2026-07-31T07:56:00,2026-07-31T07:57:17,2026-07-31T07:57:48,A,H2,Ore,28813.9,28832.4,77,31
BATCH-20260731-075,2026-07-31T07:58:00,2026-07-31T07:59:24,2026-07-31T08:00:12,A,H3,Limestone,12942.3,12950.6,84,48
BATCH-20260731-076,2026-07-31T08:01:00,2026-07-31T08:02:16,2026-07-31T08:03:06,A,H1,Ore,22662.5,22452.2,76,50
BATCH-20260731-077,2026-07-31T08:06:00,2026-07-31T08:07:00,2026-07-31T08:07:20,A,H2,Sinter,19867.7,19840.9,60,20
BATCH-20260731-078,2026-07-31T08:18:00,2026-07-31T08:18:47,2026-07-31T08:19:28,A,H4,Limestone,10913.7,10915.6,47,41
BATCH-20260731-079,2026-07-31T08:35:00,2026-07-31T08:35:50,2026-07-31T08:36:32,A,H1,Sinter,17269.8,17246.0,50,42
BATCH-20260731-080,2026-07-31T08:36:00,2026-07-31T08:37:28,2026-07-31T08:38:21,A,H1,Limestone,13772.0,13766.0,88,53
BATCH-20260731-081,2026-07-31T08:46:00,2026-07-31T08:47:09,2026-07-31T08:47:32,A,H3,Coke,10480.3,10477.7,69,23
BATCH-20260731-082,2026-07-31T08:52:00,2026-07-31T08:52:57,2026-07-31T08:53:29,A,H2,Sinter,23903.8,23994.1,57,32
BATCH-20260731-083,2026-07-31T09:07:00,2026-07-31T09:07:57,2026-07-31T09:08:23,A,H1,Limestone,12073.0,12285.4,57,26
BATCH-20260731-084,2026-07-31T09:16:00,2026-07-31T09:16:45,2026-07-31T09:17:34,A,H2,Pellet,13666.7,13688.7,45,49
BATCH-20260731-085,2026-07-31T09:16:00,2026-07-31T09:16:31,2026-07-31T09:17:01,A,H1,Limestone,11173.1,11133.2,31,30
BATCH-20260731-086,2026-07-31T09:27:00,2026-07-31T09:28:24,2026-07-31T09:29:03,A,H2,Limestone,12923.1,12894.4,84,39
BATCH-20260731-087,2026-07-31T09:32:00,2026-07-31T09:32:42,2026-07-31T09:33:37,A,H2,Ore,21897.8,21836.3,42,55
BATCH-20260731-088,2026-07-31T09:42:00,2026-07-31T09:43:06,2026-07-31T09:43:30,A,H2,Limestone,15088.4,15054.0,66,24
BATCH-20260731-089,2026-07-31T09:51:00,2026-07-31T09:51:42,2026-07-31T09:52:16,A,H4,Ore,26050.9,26088.4,42,34
BATCH-20260731-090,2026-07-31T10:00:00,2026-07-31T10:00:42,2026-07-31T10:01:10,A,H2,Pellet,14215.0,14208.0,42,28
BATCH-20260731-091,2026-07-31T10:47:00,2026-07-31T10:47:51,2026-07-31T10:48:14,A,H4,Ore,26901.5,27013.4,51,23
BATCH-20260731-092,2026-07-31T11:03:00,2026-07-31T11:04:30,2026-07-31T11:05:01,A,H4,Ore,20352.8,20331.5,90,31
BATCH-20260731-093,2026-07-31T11:04:00,2026-07-31T11:04:56,2026-07-31T11:05:54,A,H1,Sinter,20569.9,20239.0,56,58
BATCH-20260731-094,2026-07-31T11:07:00,2026-07-31T11:08:27,2026-07-31T11:09:08,A,H4,Ore,23975.1,23889.2,87,41
BATCH-20260731-095,2026-07-31T11:10:00,2026-07-31T11:11:26,2026-07-31T11:11:53,A,H4,Pellet,14421.9,14414.7,86,27
BATCH-20260731-096,2026-07-31T11:23:00,2026-07-31T11:24:23,2026-07-31T11:25:16,A,H2,Sinter,22247.0,22166.7,83,53
BATCH-20260731-097,2026-07-31T11:28:00,2026-07-31T11:29:10,2026-07-31T11:29:31,A,H3,Coke,13617.7,13651.3,70,21
BATCH-20260731-098,2026-07-31T11:44:00,2026-07-31T11:44:31,2026-07-31T11:44:51,A,H4,Ore,28633.0,28634.7,31,20
BATCH-20260731-099,2026-07-31T11:46:00,2026-07-31T11:46:41,2026-07-31T11:47:04,A,H4,Pellet,15150.7,15282.3,41,23
BATCH-20260731-100,2026-07-31T11:52:00,2026-07-31T11:53:24,2026-07-31T11:54:07,A,H2,Ore,18553.2,18499.4,84,43
BATCH-20260731-101,2026-07-31T12:23:00,2026-07-31T12:23:42,2026-07-31T12:24:32,A,H3,Pellet,15589.8,15562.9,42,50
BATCH-20260731-102,2026-07-31T12:42:00,2026-07-31T12:42:36,2026-07-31T12:43:11,A,H4,Limestone,12755.9,12793.0,36,35
BATCH-20260731-103,2026-07-31T12:45:00,2026-07-31T12:45:36,2026-07-31T12:46:22,A,H4,Coke,16826.6,16840.1,36,46
BATCH-20260731-104,2026-07-31T12:45:00,2026-07-31T12:45:56,2026-07-31T12:46:45,A,H1,Sinter,15235.8,15204.4,56,49
BATCH-20260731-105,2026-07-31T12:52:00,2026-07-31T12:52:56,2026-07-31T12:53:53,A,H4,Limestone,10339.5,10305.2,56,57
BATCH-20260731-106,2026-07-31T13:01:00,2026-07-31T13:01:36,2026-07-31T13:02:00,A,H4,Limestone,11236.0,11324.6,36,24
BATCH-20260731-107,2026-07-31T13:02:00,2026-07-31T13:02:40,2026-07-31T13:03:11,A,H2,Coke,14880.8,14869.0,40,31
BATCH-20260731-108,2026-07-31T13:04:00,2026-07-31T13:04:38,2026-07-31T13:05:19,A,H4,Sinter,24663.3,24661.6,38,41
BATCH-20260731-109,2026-07-31T13:08:00,2026-07-31T13:08:43,2026-07-31T13:09:39,A,H2,Coke,10003.0,10025.6,43,56
BATCH-20260731-110,2026-07-31T13:14:00,2026-07-31T13:15:18,2026-07-31T13:16:16,A,H2,Coke,13101.0,13041.5,78,58
BATCH-20260731-111,2026-07-31T13:46:00,2026-07-31T13:47:19,2026-07-31T13:47:59,A,H4,Limestone,12158.7,12078.4,79,40
BATCH-20260731-112,2026-07-31T14:00:00,2026-07-31T14:00:44,2026-07-31T14:01:09,B,H4,Sinter,23455.7,23445.5,44,25
BATCH-20260731-113,2026-07-31T14:02:00,2026-07-31T14:03:24,2026-07-31T14:03:54,B,H4,Pellet,20458.7,20455.0,84,30
BATCH-20260731-114,2026-07-31T14:05:00,2026-07-31T14:05:49,2026-07-31T14:06:20,B,H4,Coke,12895.7,12923.2,49,31
BATCH-20260731-115,2026-07-31T14:10:00,2026-07-31T14:11:23,2026-07-31T14:12:23,B,H3,Pellet,20049.0,20134.2,83,60
BATCH-20260731-116,2026-07-31T14:13:00,2026-07-31T14:14:13,2026-07-31T14:15:12,B,H3,Sinter,16604.7,16725.8,73,59
BATCH-20260731-117,2026-07-31T14:13:00,2026-07-31T14:14:21,2026-07-31T14:15:21,B,H2,Coke,12253.4,12345.8,81,60
BATCH-20260731-118,2026-07-31T14:24:00,2026-07-31T14:25:06,2026-07-31T14:25:36,B,H4,Pellet,19321.4,19282.8,66,30
BATCH-20260731-119,2026-07-31T14:32:00,2026-07-31T14:32:36,2026-07-31T14:33:28,B,H1,Limestone,13428.9,13404.3,36,52
BATCH-20260731-120,2026-07-31T14:33:00,2026-07-31T14:34:12,2026-07-31T14:34:40,B,H4,Sinter,18923.8,18924.6,72,28
BATCH-20260731-121,2026-07-31T14:41:00,2026-07-31T14:41:36,2026-07-31T14:42:11,B,H2,Ore,22000.5,21987.9,36,35
BATCH-20260731-122,2026-07-31T14:42:00,2026-07-31T14:43:16,2026-07-31T14:43:37,B,H4,Pellet,18602.7,18572.9,76,21
BATCH-20260731-123,2026-07-31T14:56:00,2026-07-31T14:57:30,2026-07-31T14:58:11,B,H1,Sinter,23830.3,23884.6,90,41
BATCH-20260731-124,2026-07-31T15:03:00,2026-07-31T15:04:22,2026-07-31T15:04:49,B,H2,Limestone,12499.3,12457.7,82,27
BATCH-20260731-125,2026-07-31T15:07:00,2026-07-31T15:08:00,2026-07-31T15:08:42,B,H1,Limestone,15069.9,15095.7,60,42
BATCH-20260731-126,2026-07-31T15:15:00,2026-07-31T15:15:56,2026-07-31T15:16:30,B,H3,Coke,16872.6,16865.3,56,34
BATCH-20260731-127,2026-07-31T15:20:00,2026-07-31T15:20:57,2026-07-31T15:21:20,B,H4,Ore,19687.8,19726.1,57,23
BATCH-20260731-128,2026-07-31T15:29:00,2026-07-31T15:30:25,2026-07-31T15:31:08,B,H2,Sinter,23646.7,23606.2,85,43
BATCH-20260731-129,2026-07-31T15:40:00,2026-07-31T15:40:57,2026-07-31T15:41:31,B,H4,Pellet,14246.3,14200.9,57,34
BATCH-20260731-130,2026-07-31T15:46:00,2026-07-31T15:47:22,2026-07-31T15:48:06,B,H1,Limestone,13763.6,13696.9,82,44
BATCH-20260731-131,2026-07-31T15:49:00,2026-07-31T15:50:29,2026-07-31T15:51:17,B,H2,Pellet,16564.8,16934.9,89,48
BATCH-20260731-132,2026-07-31T15:59:00,2026-07-31T16:00:10,2026-07-31T16:00:42,B,H2,Pellet,20637.3,20604.8,70,32
BATCH-20260731-133,2026-07-31T16:08:00,2026-07-31T16:09:17,2026-07-31T16:09:55,B,H2,Ore,19236.8,19295.9,77,38
BATCH-20260731-134,2026-07-31T16:18:00,2026-07-31T16:19:18,2026-07-31T16:20:01,B,H4,Ore,21437.3,21408.5,78,43
BATCH-20260731-135,2026-07-31T16:30:00,2026-07-31T16:31:11,2026-07-31T16:32:01,B,H2,Pellet,12781.7,12785.9,71,50
BATCH-20260731-136,2026-07-31T16:33:00,2026-07-31T16:33:49,2026-07-31T16:34:35,B,H2,Limestone,11272.3,11264.8,49,46
BATCH-20260731-137,2026-07-31T16:37:00,2026-07-31T16:38:11,2026-07-31T16:38:37,B,H4,Sinter,23127.3,23100.2,71,26
BATCH-20260731-138,2026-07-31T16:38:00,2026-07-31T16:38:57,2026-07-31T16:39:37,B,H4,Ore,29468.4,29485.4,57,40
BATCH-20260731-139,2026-07-31T16:40:00,2026-07-31T16:40:39,2026-07-31T16:41:00,B,H4,Coke,12680.0,12718.6,39,21
BATCH-20260731-140,2026-07-31T16:48:00,2026-07-31T16:48:31,2026-07-31T16:48:52,B,H2,Limestone,14608.2,14548.3,31,21
BATCH-20260731-141,2026-07-31T16:56:00,2026-07-31T16:56:32,2026-07-31T16:57:08,B,H2,Sinter,19619.2,19703.8,32,36
BATCH-20260731-142,2026-07-31T16:57:00,2026-07-31T16:58:00,2026-07-31T16:58:36,B,H1,Coke,16527.5,16558.4,60,36
BATCH-20260731-143,2026-07-31T17:02:00,2026-07-31T17:02:50,2026-07-31T17:03:23,B,H3,Sinter,15987.4,16012.6,50,33
BATCH-20260731-144,2026-07-31T17:11:00,2026-07-31T17:11:55,2026-07-31T17:12:43,B,H3,Sinter,23787.3,23765.0,55,48
BATCH-20260731-145,2026-07-31T17:13:00,2026-07-31T17:14:20,2026-07-31T17:14:52,B,H3,Limestone,11541.4,11534.5,80,32
BATCH-20260731-146,2026-07-31T17:13:00,2026-07-31T17:13:30,2026-07-31T17:14:24,B,H2,Pellet,20469.5,20437.6,30,54
BATCH-20260731-147,2026-07-31T17:15:00,2026-07-31T17:16:25,2026-07-31T17:17:08,B,H4,Pellet,19339.6,19279.5,85,43
BATCH-20260731-148,2026-07-31T17:19:00,2026-07-31T17:20:19,2026-07-31T17:20:45,B,H2,Pellet,17210.8,17198.3,79,26
BATCH-20260731-149,2026-07-31T17:31:00,2026-07-31T17:31:35,2026-07-31T17:32:07,B,H3,Pellet,14134.6,14141.2,35,32
BATCH-20260731-150,2026-07-31T17:41:00,2026-07-31T17:42:05,2026-07-31T17:43:02,B,H1,Pellet,18777.0,18751.8,65,57
BATCH-20260731-151,2026-07-31T17:42:00,2026-07-31T17:43:05,2026-07-31T17:44:02,B,H4,Ore,26147.9,26097.2,65,57
BATCH-20260731-152,2026-07-31T17:46:00,2026-07-31T17:47:25,2026-07-31T17:48:23,B,H3,Coke,10758.8,10805.5,85,58
BATCH-20260731-153,2026-07-31T17:54:00,2026-07-31T17:55:18,2026-07-31T17:55:49,B,H3,Pellet,18204.0,18144.1,78,31
BATCH-20260731-154,2026-07-31T18:07:00,2026-07-31T18:08:08,2026-07-31T18:09:07,B,H1,Limestone,13492.4,13500.2,68,59
BATCH-20260731-155,2026-07-31T18:19:00,2026-07-31T18:20:12,2026-07-31T18:21:10,B,H4,Pellet,17482.5,17465.1,72,58
BATCH-20260731-156,2026-07-31T18:46:00,2026-07-31T18:46:58,2026-07-31T18:47:49,B,H1,Limestone,13997.7,13975.1,58,51
BATCH-20260731-157,2026-07-31T18:49:00,2026-07-31T18:49:50,2026-07-31T18:50:37,B,H1,Sinter,22805.4,22876.3,50,47
BATCH-20260731-158,2026-07-31T18:53:00,2026-07-31T18:53:43,2026-07-31T18:54:40,B,H4,Ore,21152.1,21142.0,43,57
BATCH-20260731-159,2026-07-31T18:58:00,2026-07-31T18:59:15,2026-07-31T18:59:46,B,H2,Pellet,14950.8,14908.9,75,31
BATCH-20260731-160,2026-07-31T19:02:00,2026-07-31T19:03:06,2026-07-31T19:03:30,B,H3,Coke,17185.0,17125.4,66,24
BATCH-20260731-161,2026-07-31T19:05:00,2026-07-31T19:05:51,2026-07-31T19:06:44,B,H1,Ore,19530.0,19558.9,51,53
BATCH-20260731-162,2026-07-31T19:07:00,2026-07-31T19:07:35,2026-07-31T19:08:20,B,H4,Pellet,14912.1,14838.2,35,45
BATCH-20260731-163,2026-07-31T19:07:00,2026-07-31T19:08:24,2026-07-31T19:08:50,B,H3,Coke,15142.1,15138.4,84,26
BATCH-20260731-164,2026-07-31T19:14:00,2026-07-31T19:15:03,2026-07-31T19:15:44,B,H4,Limestone,12224.1,12271.4,63,41
BATCH-20260731-165,2026-07-31T19:28:00,2026-07-31T19:29:02,2026-07-31T19:29:56,B,H1,Coke,10603.7,10576.2,62,54
BATCH-20260731-166,2026-07-31T19:46:00,2026-07-31T19:46:34,2026-07-31T19:47:29,B,H2,Pellet,15769.6,15740.2,34,55
BATCH-20260731-167,2026-07-31T19:59:00,2026-07-31T19:59:30,2026-07-31T20:00:17,B,H1,Pellet,17001.0,16998.7,30,47
BATCH-20260731-168,2026-07-31T20:11:00,2026-07-31T20:12:19,2026-07-31T20:12:42,B,H3,Pellet,21005.7,20932.2,79,23
BATCH-20260731-169,2026-07-31T20:14:00,2026-07-31T20:15:26,2026-07-31T20:16:21,B,H2,Ore,29576.7,29687.4,86,55
BATCH-20260731-170,2026-07-31T20:15:00,2026-07-31T20:15:59,2026-07-31T20:16:56,B,H3,Coke,17723.9,17656.7,59,57
BATCH-20260731-171,2026-07-31T20:19:00,2026-07-31T20:20:05,2026-07-31T20:20:41,B,H3,Coke,17752.0,17773.1,65,36
BATCH-20260731-172,2026-07-31T20:27:00,2026-07-31T20:27:33,2026-07-31T20:28:16,B,H4,Sinter,18702.7,18715.2,33,43
BATCH-20260731-173,2026-07-31T20:35:00,2026-07-31T20:36:10,2026-07-31T20:37:03,B,H1,Coke,15018.3,15361.0,70,53
BATCH-20260731-174,2026-07-31T20:38:00,2026-07-31T20:39:24,2026-07-31T20:40:23,B,H3,Pellet,14120.6,14123.6,84,59
BATCH-20260731-175,2026-07-31T20:40:00,2026-07-31T20:41:07,2026-07-31T20:41:27,B,H3,Pellet,18094.6,18133.9,67,20
BATCH-20260731-176,2026-07-31T20:54:00,2026-07-31T20:55:01,2026-07-31T20:55:28,B,H4,Sinter,23400.9,23376.3,61,27
BATCH-20260731-177,2026-07-31T21:00:00,2026-07-31T21:01:03,2026-07-31T21:01:40,B,H3,Limestone,15239.3,15230.3,63,37
BATCH-20260731-178,2026-07-31T21:01:00,2026-07-31T21:01:43,2026-07-31T21:02:15,B,H2,Sinter,23474.2,23480.2,43,32
BATCH-20260731-179,2026-07-31T21:04:00,2026-07-31T21:04:32,2026-07-31T21:04:55,B,H3,Limestone,10311.2,10296.7,32,23
BATCH-20260731-180,2026-07-31T21:08:00,2026-07-31T21:09:25,2026-07-31T21:09:53,B,H4,Coke,14740.6,14734.8,85,28
BATCH-20260731-181,2026-07-31T21:23:00,2026-07-31T21:24:16,2026-07-31T21:25:09,B,H3,Limestone,13278.0,13203.6,76,53
BATCH-20260731-182,2026-07-31T21:31:00,2026-07-31T21:31:54,2026-07-31T21:32:29,B,H2,Limestone,12540.5,12580.4,54,35
BATCH-20260731-183,2026-07-31T21:44:00,2026-07-31T21:44:58,2026-07-31T21:45:56,B,H1,Sinter,20501.4,20487.0,58,58
BATCH-20260731-184,2026-07-31T21:45:00,2026-07-31T21:45:52,2026-07-31T21:46:34,B,H4,Pellet,12739.4,12820.3,52,42
BATCH-20260731-185,2026-07-31T21:51:00,2026-07-31T21:52:20,2026-07-31T21:52:56,B,H3,Limestone,14813.0,14731.7,80,36
BATCH-20260731-186,2026-07-31T22:00:00,2026-07-31T22:01:20,2026-07-31T22:01:41,C,H1,Pellet,12198.0,12183.5,80,21
BATCH-20260731-187,2026-07-31T22:01:00,2026-07-31T22:02:16,2026-07-31T22:02:48,C,H4,Ore,24550.4,24465.2,76,32
BATCH-20260731-188,2026-07-31T22:26:00,2026-07-31T22:26:40,2026-07-31T22:27:09,C,H4,Coke,14813.0,14848.5,40,29
BATCH-20260731-189,2026-07-31T22:28:00,2026-07-31T22:29:15,2026-07-31T22:30:01,C,H4,Limestone,14982.4,14990.7,75,46
BATCH-20260731-190,2026-07-31T22:35:00,2026-07-31T22:36:21,2026-07-31T22:36:46,C,H1,Coke,14954.5,14958.3,81,25
BATCH-20260731-191,2026-07-31T22:41:00,2026-07-31T22:41:58,2026-07-31T22:42:19,C,H1,Ore,28363.6,28403.4,58,21
BATCH-20260731-192,2026-07-31T22:41:00,2026-07-31T22:41:41,2026-07-31T22:42:37,C,H1,Limestone,12485.3,12498.7,41,56
BATCH-20260731-193,2026-07-31T22:43:00,2026-07-31T22:43:40,2026-07-31T22:44:22,C,H3,Sinter,15102.4,15125.6,40,42
BATCH-20260731-194,2026-07-31T22:48:00,2026-07-31T22:49:07,2026-07-31T22:49:30,C,H4,Ore,20367.2,20335.0,67,23
BATCH-20260731-195,2026-07-31T23:01:00,2026-07-31T23:01:41,2026-07-31T23:02:30,C,H2,Coke,11989.3,11988.1,41,49
BATCH-20260731-196,2026-07-31T23:11:00,2026-07-31T23:12:09,2026-07-31T23:12:49,C,H3,Sinter,17820.9,17846.3,69,40
BATCH-20260731-197,2026-07-31T23:21:00,2026-07-31T23:21:32,2026-07-31T23:22:26,C,H4,Pellet,13565.2,13589.1,32,54
BATCH-20260731-198,2026-07-31T23:24:00,2026-07-31T23:25:09,2026-07-31T23:25:56,C,H1,Sinter,18932.6,18852.9,69,47
BATCH-20260731-199,2026-07-31T23:33:00,2026-07-31T23:33:48,2026-07-31T23:34:27,C,H2,Pellet,17893.6,17894.9,48,39
BATCH-20260731-200,2026-07-31T23:34:00,2026-07-31T23:35:12,2026-07-31T23:36:08,C,H4,Sinter,23012.3,23057.5,72,56
BATCH-20260801-001,2026-08-01T00:01:00,2026-08-01T00:01:53,2026-08-01T00:02:29,C,H4,Limestone,12373.3,12431.2,53,36
BATCH-20260801-002,2026-08-01T00:14:00,2026-08-01T00:15:22,2026-08-01T00:16:18,C,H1,Sinter,22723.3,22759.3,82,56
BATCH-20260801-003,2026-08-01T00:17:00,2026-08-01T00:17:48,2026-08-01T00:18:29,C,H1,Pellet,13032.1,13002.1,48,41
BATCH-20260801-004,2026-08-01T00:51:00,2026-08-01T00:52:05,2026-08-01T00:52:54,C,H4,Pellet,19008.4,19090.2,65,49
BATCH-20260801-005,2026-08-01T00:54:00,2026-08-01T00:54:57,2026-08-01T00:55:46,C,H1,Coke,12032.4,12127.2,57,49
BATCH-20260801-006,2026-08-01T00:59:00,2026-08-01T01:00:12,2026-08-01T01:00:34,C,H2,Coke,13300.4,13264.5,72,22
BATCH-20260801-007,2026-08-01T01:05:00,2026-08-01T01:06:26,2026-08-01T01:07:20,C,H1,Coke,17421.5,17443.9,86,54
BATCH-20260801-008,2026-08-01T01:10:00,2026-08-01T01:10:50,2026-08-01T01:11:39,C,H4,Pellet,15115.8,15125.2,50,49
BATCH-20260801-009,2026-08-01T01:17:00,2026-08-01T01:18:17,2026-08-01T01:18:58,C,H4,Coke,16885.9,16985.7,77,41
BATCH-20260801-010,2026-08-01T01:30:00,2026-08-01T01:31:05,2026-08-01T01:31:55,C,H4,Ore,26633.3,26585.8,65,50
BATCH-20260801-011,2026-08-01T01:40:00,2026-08-01T01:41:25,2026-08-01T01:41:51,C,H2,Pellet,21781.0,21759.6,85,26
BATCH-20260801-012,2026-08-01T01:43:00,2026-08-01T01:43:46,2026-08-01T01:44:20,C,H3,Limestone,15748.7,15798.1,46,34
BATCH-20260801-013,2026-08-01T01:48:00,2026-08-01T01:49:19,2026-08-01T01:50:10,C,H2,Sinter,22437.1,22388.9,79,51
BATCH-20260801-014,2026-08-01T02:04:00,2026-08-01T02:04:31,2026-08-01T02:04:52,C,H1,Ore,18029.9,18115.0,31,21
BATCH-20260801-015,2026-08-01T02:18:00,2026-08-01T02:18:42,2026-08-01T02:19:08,C,H1,Sinter,24322.8,24299.4,42,26
BATCH-20260801-016,2026-08-01T02:26:00,2026-08-01T02:26:38,2026-08-01T02:27:33,C,H2,Ore,18777.7,18781.9,38,55
BATCH-20260801-017,2026-08-01T02:27:00,2026-08-01T02:27:42,2026-08-01T02:28:04,C,H3,Pellet,13085.4,13046.3,42,22
BATCH-20260801-018,2026-08-01T02:29:00,2026-08-01T02:30:08,2026-08-01T02:30:52,C,H4,Ore,29469.7,29442.3,68,44
BATCH-20260801-019,2026-08-01T02:45:00,2026-08-01T02:46:30,2026-08-01T02:46:54,C,H1,Sinter,24206.2,24171.1,90,24
BATCH-20260801-020,2026-08-01T02:46:00,2026-08-01T02:47:25,2026-08-01T02:48:16,C,H4,Pellet,19702.8,19684.1,85,51
BATCH-20260801-021,2026-08-01T02:52:00,2026-08-01T02:53:28,2026-08-01T02:53:58,C,H2,Sinter,21871.4,21869.6,88,30
BATCH-20260801-022,2026-08-01T03:07:00,2026-08-01T03:08:05,2026-08-01T03:08:32,C,H4,Ore,18947.1,18972.3,65,27
BATCH-20260801-023,2026-08-01T03:09:00,2026-08-01T03:09:39,2026-08-01T03:10:19,C,H3,Limestone,15544.3,15483.4,39,40
BATCH-20260801-024,2026-08-01T03:36:00,2026-08-01T03:36:33,2026-08-01T03:37:06,C,H3,Coke,11171.5,11042.6,33,33
BATCH-20260801-025,2026-08-01T03:36:00,2026-08-01T03:37:21,2026-08-01T03:38:05,C,H4,Sinter,19449.6,19362.9,81,44
BATCH-20260801-026,2026-08-01T03:56:00,2026-08-01T03:57:01,2026-08-01T03:57:35,C,H4,Ore,19469.0,19508.3,61,34
BATCH-20260801-027,2026-08-01T03:56:00,2026-08-01T03:56:37,2026-08-01T03:57:10,C,H2,Pellet,19453.1,19882.9,37,33
BATCH-20260801-028,2026-08-01T03:57:00,2026-08-01T03:58:11,2026-08-01T03:58:48,C,H2,Sinter,20114.8,20137.7,71,37
BATCH-20260801-029,2026-08-01T04:00:00,2026-08-01T04:01:03,2026-08-01T04:01:58,C,H2,Coke,12791.6,12857.0,63,55
BATCH-20260801-030,2026-08-01T04:26:00,2026-08-01T04:27:05,2026-08-01T04:27:36,C,H1,Limestone,14383.8,14417.6,65,31
BATCH-20260801-031,2026-08-01T04:40:00,2026-08-01T04:40:30,2026-08-01T04:40:50,C,H1,Ore,18973.2,18719.0,30,20
BATCH-20260801-032,2026-08-01T05:00:00,2026-08-01T05:00:37,2026-08-01T05:01:31,C,H4,Ore,22332.0,22320.2,37,54
BATCH-20260801-033,2026-08-01T05:15:00,2026-08-01T05:16:06,2026-08-01T05:16:58,C,H2,Ore,19060.9,18640.7,66,52
BATCH-20260801-034,2026-08-01T05:16:00,2026-08-01T05:16:51,2026-08-01T05:17:42,C,H3,Sinter,15085.1,15127.1,51,51
BATCH-20260801-035,2026-08-01T05:18:00,2026-08-01T05:19:07,2026-08-01T05:19:32,C,H2,Limestone,12098.5,12114.2,67,25
BATCH-20260801-036,2026-08-01T05:20:00,2026-08-01T05:20:46,2026-08-01T05:21:11,C,H3,Ore,20895.7,20841.1,46,25
BATCH-20260801-037,2026-08-01T05:27:00,2026-08-01T05:27:39,2026-08-01T05:28:25,C,H2,Sinter,20608.4,20589.8,39,46
BATCH-20260801-038,2026-08-01T05:41:00,2026-08-01T05:42:09,2026-08-01T05:42:42,C,H1,Limestone,14043.4,14012.8,69,33
BATCH-20260801-039,2026-08-01T06:02:00,2026-08-01T06:03:27,2026-08-01T06:03:54,A,H4,Limestone,14994.7,15014.4,87,27
BATCH-20260801-040,2026-08-01T06:11:00,2026-08-01T06:12:10,2026-08-01T06:12:41,A,H4,Ore,27463.7,27445.5,70,31
BATCH-20260801-041,2026-08-01T06:27:00,2026-08-01T06:28:04,2026-08-01T06:28:40,A,H4,Pellet,19100.8,19116.2,64,36
BATCH-20260801-042,2026-08-01T06:41:00,2026-08-01T06:41:52,2026-08-01T06:42:36,A,H3,Ore,27460.3,27448.8,52,44
BATCH-20260801-043,2026-08-01T06:41:00,2026-08-01T06:42:01,2026-08-01T06:42:59,A,H4,Ore,29735.0,29749.7,61,58
BATCH-20260801-044,2026-08-01T06:42:00,2026-08-01T06:42:40,2026-08-01T06:43:31,A,H1,Sinter,20822.7,21346.7,40,51
BATCH-20260801-045,2026-08-01T06:45:00,2026-08-01T06:45:46,2026-08-01T06:46:14,A,H3,Limestone,15356.9,15343.8,46,28
BATCH-20260801-046,2026-08-01T06:55:00,2026-08-01T06:55:38,2026-08-01T06:56:23,A,H4,Pellet,17853.9,17898.3,38,45
BATCH-20260801-047,2026-08-01T07:04:00,2026-08-01T07:05:21,2026-08-01T07:05:54,A,H4,Coke,11095.3,11142.7,81,33
BATCH-20260801-048,2026-08-01T07:06:00,2026-08-01T07:07:12,2026-08-01T07:07:56,A,H1,Pellet,17623.2,17670.3,72,44
BATCH-20260801-049,2026-08-01T07:06:00,2026-08-01T07:07:28,2026-08-01T07:08:02,A,H3,Pellet,12786.5,12785.9,88,34
BATCH-20260801-050,2026-08-01T07:14:00,2026-08-01T07:14:30,2026-08-01T07:15:14,A,H4,Pellet,13357.7,13372.6,30,44
BATCH-20260801-051,2026-08-01T07:27:00,2026-08-01T07:28:27,2026-08-01T07:29:24,A,H4,Coke,12389.5,12376.5,87,57
BATCH-20260801-052,2026-08-01T07:29:00,2026-08-01T07:29:57,2026-08-01T07:30:57,A,H4,Limestone,14774.1,14782.3,57,60
BATCH-20260801-053,2026-08-01T07:30:00,2026-08-01T07:30:45,2026-08-01T07:31:05,A,H3,Ore,27867.2,27821.2,45,20
BATCH-20260801-054,2026-08-01T07:37:00,2026-08-01T07:38:27,2026-08-01T07:39:21,A,H2,Coke,15620.8,15654.1,87,54
BATCH-20260801-055,2026-08-01T07:39:00,2026-08-01T07:39:43,2026-08-01T07:40:43,A,H2,Sinter,17999.8,18045.3,43,60
BATCH-20260801-056,2026-08-01T07:40:00,2026-08-01T07:41:18,2026-08-01T07:42:12,A,H4,Pellet,16347.1,16232.6,78,54
BATCH-20260801-057,2026-08-01T07:42:00,2026-08-01T07:43:16,2026-08-01T07:44:15,A,H1,Ore,29154.0,29136.0,76,59
BATCH-20260801-058,2026-08-01T07:47:00,2026-08-01T07:47:52,2026-08-01T07:48:52,A,H3,Ore,20582.8,20556.9,52,60
BATCH-20260801-059,2026-08-01T07:55:00,2026-08-01T07:55:35,2026-08-01T07:56:26,A,H1,Ore,29652.7,29680.5,35,51
BATCH-20260801-060,2026-08-01T07:56:00,2026-08-01T07:57:04,2026-08-01T07:57:31,A,H3,Sinter,15097.4,15127.4,64,27
BATCH-20260801-061,2026-08-01T08:04:00,2026-08-01T08:05:08,2026-08-01T08:05:53,A,H2,Pellet,20173.5,20169.8,68,45
BATCH-20260801-062,2026-08-01T08:34:00,2026-08-01T08:34:57,2026-08-01T08:35:28,A,H4,Sinter,15355.3,15362.3,57,31
BATCH-20260801-063,2026-08-01T08:38:00,2026-08-01T08:38:33,2026-08-01T08:39:04,A,H3,Coke,13067.8,12992.0,33,31
BATCH-20260801-064,2026-08-01T08:39:00,2026-08-01T08:40:03,2026-08-01T08:40:50,A,H2,Coke,15845.3,15732.9,63,47
BATCH-20260801-065,2026-08-01T08:43:00,2026-08-01T08:43:35,2026-08-01T08:44:34,A,H1,Sinter,23114.2,23074.1,35,59
BATCH-20260801-066,2026-08-01T08:45:00,2026-08-01T08:45:32,2026-08-01T08:46:29,A,H3,Limestone,10458.8,10454.2,32,57
BATCH-20260801-067,2026-08-01T08:47:00,2026-08-01T08:47:59,2026-08-01T08:48:47,A,H2,Ore,25643.2,25744.1,59,48
BATCH-20260801-068,2026-08-01T08:51:00,2026-08-01T08:52:00,2026-08-01T08:52:57,A,H1,Pellet,19559.4,19602.7,60,57
BATCH-20260801-069,2026-08-01T08:57:00,2026-08-01T08:58:01,2026-08-01T08:58:44,A,H1,Pellet,21481.2,21481.8,61,43
BATCH-20260801-070,2026-08-01T08:58:00,2026-08-01T08:59:19,2026-08-01T08:59:51,A,H2,Limestone,10914.8,10826.0,79,32
BATCH-20260801-071,2026-08-01T09:23:00,2026-08-01T09:24:22,2026-08-01T09:25:22,A,H1,Ore,23690.7,23760.9,82,60
BATCH-20260801-072,2026-08-01T09:24:00,2026-08-01T09:25:25,2026-08-01T09:25:57,A,H4,Sinter,15930.9,15911.8,85,32
BATCH-20260801-073,2026-08-01T09:31:00,2026-08-01T09:31:45,2026-08-01T09:32:29,A,H3,Pellet,13385.5,13353.2,45,44
BATCH-20260801-074,2026-08-01T09:33:00,2026-08-01T09:34:24,2026-08-01T09:35:13,A,H1,Limestone,12843.1,12839.8,84,49
BATCH-20260801-075,2026-08-01T09:38:00,2026-08-01T09:39:25,2026-08-01T09:40:18,A,H3,Coke,11104.7,11147.0,85,53
BATCH-20260801-076,2026-08-01T09:51:00,2026-08-01T09:52:15,2026-08-01T09:52:41,A,H1,Limestone,10062.4,9990.0,75,26
BATCH-20260801-077,2026-08-01T09:54:00,2026-08-01T09:54:39,2026-08-01T09:55:18,A,H1,Sinter,18236.6,18181.6,39,39
BATCH-20260801-078,2026-08-01T09:59:00,2026-08-01T10:00:23,2026-08-01T10:00:58,A,H2,Ore,22272.8,22175.5,83,35
BATCH-20260801-079,2026-08-01T10:08:00,2026-08-01T10:09:12,2026-08-01T10:09:45,A,H2,Limestone,15630.6,15643.1,72,33
BATCH-20260801-080,2026-08-01T10:08:00,2026-08-01T10:08:30,2026-08-01T10:09:08,A,H3,Ore,18015.9,18040.9,30,38
BATCH-20260801-081,2026-08-01T10:15:00,2026-08-01T10:16:27,2026-08-01T10:16:51,A,H1,Ore,28530.5,28521.6,87,24
BATCH-20260801-082,2026-08-01T10:17:00,2026-08-01T10:17:42,2026-08-01T10:18:20,A,H3,Coke,15091.7,15044.8,42,38
BATCH-20260801-083,2026-08-01T10:24:00,2026-08-01T10:24:31,2026-08-01T10:25:00,A,H2,Sinter,22952.6,22912.9,31,29
BATCH-20260801-084,2026-08-01T10:29:00,2026-08-01T10:30:17,2026-08-01T10:31:17,A,H3,Sinter,17959.7,17964.9,77,60
BATCH-20260801-085,2026-08-01T10:41:00,2026-08-01T10:41:35,2026-08-01T10:42:28,A,H2,Limestone,10146.8,10243.5,35,53
BATCH-20260801-086,2026-08-01T10:43:00,2026-08-01T10:44:13,2026-08-01T10:44:47,A,H1,Ore,28076.6,28107.1,73,34
BATCH-20260801-087,2026-08-01T10:43:00,2026-08-01T10:44:04,2026-08-01T10:44:55,A,H4,Pellet,20620.6,20667.8,64,51
BATCH-20260801-088,2026-08-01T10:47:00,2026-08-01T10:47:38,2026-08-01T10:48:38,A,H4,Pellet,13443.8,13456.8,38,60
BATCH-20260801-089,2026-08-01T10:48:00,2026-08-01T10:48:44,2026-08-01T10:49:15,A,H2,Coke,14384.1,14427.1,44,31
BATCH-20260801-090,2026-08-01T11:00:00,2026-08-01T11:01:12,2026-08-01T11:01:55,A,H4,Ore,27305.9,27314.6,72,43
BATCH-20260801-091,2026-08-01T11:00:00,2026-08-01T11:00:42,2026-08-01T11:01:37,A,H1,Ore,19785.9,19832.6,42,55
BATCH-20260801-092,2026-08-01T11:01:00,2026-08-01T11:01:56,2026-08-01T11:02:56,A,H2,Coke,16754.5,16885.0,56,60
BATCH-20260801-093,2026-08-01T11:12:00,2026-08-01T11:12:30,2026-08-01T11:13:02,A,H4,Limestone,11768.8,11795.0,30,32
BATCH-20260801-094,2026-08-01T11:15:00,2026-08-01T11:16:18,2026-08-01T11:16:56,A,H2,Limestone,10780.8,10781.3,78,38
BATCH-20260801-095,2026-08-01T11:16:00,2026-08-01T11:17:04,2026-08-01T11:17:47,A,H4,Coke,13875.6,13940.8,64,43
BATCH-20260801-096,2026-08-01T11:19:00,2026-08-01T11:20:26,2026-08-01T11:20:46,A,H2,Sinter,15984.1,16009.9,86,20
BATCH-20260801-097,2026-08-01T11:20:00,2026-08-01T11:21:17,2026-08-01T11:22:13,A,H1,Pellet,18302.6,18166.3,77,56
BATCH-20260801-098,2026-08-01T11:20:00,2026-08-01T11:21:15,2026-08-01T11:22:08,A,H3,Limestone,10510.0,10525.1,75,53
BATCH-20260801-099,2026-08-01T11:22:00,2026-08-01T11:22:33,2026-08-01T11:23:12,A,H4,Coke,10683.1,10686.3,33,39
BATCH-20260801-100,2026-08-01T11:25:00,2026-08-01T11:25:52,2026-08-01T11:26:20,A,H2,Limestone,12497.7,12495.4,52,28
BATCH-20260801-101,2026-08-01T11:27:00,2026-08-01T11:27:37,2026-08-01T11:28:06,A,H4,Ore,25302.8,25240.3,37,29
BATCH-20260801-102,2026-08-01T11:35:00,2026-08-01T11:36:16,2026-08-01T11:37:04,A,H2,Pellet,16465.6,16424.3,76,48
BATCH-20260801-103,2026-08-01T11:36:00,2026-08-01T11:36:47,2026-08-01T11:37:26,A,H2,Sinter,22886.2,22910.1,47,39
BATCH-20260801-104,2026-08-01T11:52:00,2026-08-01T11:53:19,2026-08-01T11:53:54,A,H3,Ore,26484.4,26419.3,79,35
BATCH-20260801-105,2026-08-01T11:53:00,2026-08-01T11:54:08,2026-08-01T11:55:03,A,H3,Coke,15497.5,15579.9,68,55
BATCH-20260801-106,2026-08-01T12:11:00,2026-08-01T12:12:08,2026-08-01T12:13:05,A,H3,Ore,24089.2,24190.6,68,57
BATCH-20260801-107,2026-08-01T12:22:00,2026-08-01T12:22:48,2026-08-01T12:23:36,A,H2,Coke,15454.5,15463.3,48,48
BATCH-20260801-108,2026-08-01T12:25:00,2026-08-01T12:26:23,2026-08-01T12:27:08,A,H3,Sinter,23383.5,23340.3,83,45
BATCH-20260801-109,2026-08-01T12:32:00,2026-08-01T12:32:30,2026-08-01T12:33:17,A,H3,Sinter,17411.8,17278.7,30,47
BATCH-20260801-110,2026-08-01T12:36:00,2026-08-01T12:37:11,2026-08-01T12:37:46,A,H3,Ore,23438.8,23496.9,71,35
BATCH-20260801-111,2026-08-01T12:36:00,2026-08-01T12:36:30,2026-08-01T12:37:16,A,H3,Coke,17830.2,17814.1,30,46
BATCH-20260801-112,2026-08-01T12:45:00,2026-08-01T12:45:38,2026-08-01T12:46:36,A,H2,Coke,10549.2,10523.5,38,58
BATCH-20260801-113,2026-08-01T12:48:00,2026-08-01T12:49:08,2026-08-01T12:50:04,A,H3,Limestone,11676.2,11628.0,68,56
BATCH-20260801-114,2026-08-01T12:49:00,2026-08-01T12:50:12,2026-08-01T12:50:54,A,H2,Coke,10696.4,10664.2,72,42
BATCH-20260801-115,2026-08-01T12:57:00,2026-08-01T12:58:24,2026-08-01T12:59:09,A,H4,Coke,17769.1,17712.3,84,45
BATCH-20260801-116,2026-08-01T13:03:00,2026-08-01T13:04:11,2026-08-01T13:04:45,A,H4,Pellet,12937.0,12953.8,71,34
BATCH-20260801-117,2026-08-01T13:04:00,2026-08-01T13:05:00,2026-08-01T13:05:35,A,H4,Coke,14254.7,14240.2,60,35
BATCH-20260801-118,2026-08-01T13:05:00,2026-08-01T13:05:32,2026-08-01T13:06:17,A,H1,Sinter,22547.6,22517.0,32,45
BATCH-20260801-119,2026-08-01T13:09:00,2026-08-01T13:09:42,2026-08-01T13:10:12,A,H4,Sinter,19696.1,19679.1,42,30
BATCH-20260801-120,2026-08-01T13:21:00,2026-08-01T13:22:07,2026-08-01T13:22:48,A,H4,Ore,29463.1,29444.4,67,41
BATCH-20260801-121,2026-08-01T13:22:00,2026-08-01T13:22:58,2026-08-01T13:23:36,A,H4,Coke,10112.2,9812.5,58,38
BATCH-20260801-122,2026-08-01T13:23:00,2026-08-01T13:23:58,2026-08-01T13:24:37,A,H4,Sinter,24413.6,24415.6,58,39
BATCH-20260801-123,2026-08-01T13:31:00,2026-08-01T13:32:30,2026-08-01T13:32:50,A,H3,Coke,17427.7,17418.0,90,20
BATCH-20260801-124,2026-08-01T13:47:00,2026-08-01T13:48:18,2026-08-01T13:48:43,A,H2,Limestone,11562.8,11488.8,78,25
BATCH-20260801-125,2026-08-01T13:55:00,2026-08-01T13:56:08,2026-08-01T13:56:48,A,H3,Ore,28513.9,28559.5,68,40
BATCH-20260801-126,2026-08-01T14:07:00,2026-08-01T14:08:11,2026-08-01T14:08:33,B,H4,Limestone,13327.0,13340.2,71,22
BATCH-20260801-127,2026-08-01T14:20:00,2026-08-01T14:21:18,2026-08-01T14:21:58,B,H3,Sinter,22293.9,22201.0,78,40
BATCH-20260801-128,2026-08-01T14:22:00,2026-08-01T14:22:58,2026-08-01T14:23:47,B,H3,Coke,15790.5,15799.4,58,49
BATCH-20260801-129,2026-08-01T14:22:00,2026-08-01T14:23:24,2026-08-01T14:23:55,B,H1,Limestone,13722.1,13741.3,84,31
BATCH-20260801-130,2026-08-01T14:25:00,2026-08-01T14:25:52,2026-08-01T14:26:44,B,H4,Coke,15135.7,15110.5,52,52
BATCH-20260801-131,2026-08-01T14:40:00,2026-08-01T14:41:20,2026-08-01T14:42:03,B,H2,Ore,22879.5,22919.8,80,43
BATCH-20260801-132,2026-08-01T14:41:00,2026-08-01T14:41:45,2026-08-01T14:42:18,B,H3,Pellet,18374.6,18327.0,45,33
BATCH-20260801-133,2026-08-01T14:41:00,2026-08-01T14:42:15,2026-08-01T14:43:04,B,H1,Sinter,16965.4,16946.9,75,49
BATCH-20260801-134,2026-08-01T14:42:00,2026-08-01T14:43:12,2026-08-01T14:44:11,B,H4,Coke,14024.2,14049.2,72,59
BATCH-20260801-135,2026-08-01T14:49:00,2026-08-01T14:49:43,2026-08-01T14:50:08,B,H4,Limestone,12230.7,12216.1,43,25
BATCH-20260801-136,2026-08-01T15:07:00,2026-08-01T15:07:52,2026-08-01T15:08:13,B,H3,Coke,11523.4,11427.5,52,21
BATCH-20260801-137,2026-08-01T15:37:00,2026-08-01T15:37:38,2026-08-01T15:38:13,B,H1,Limestone,15877.6,15806.4,38,35
BATCH-20260801-138,2026-08-01T15:37:00,2026-08-01T15:37:32,2026-08-01T15:38:29,B,H2,Pellet,14836.2,14797.2,32,57
BATCH-20260801-139,2026-08-01T15:37:00,2026-08-01T15:38:25,2026-08-01T15:38:59,B,H3,Ore,25264.4,25240.9,85,34
BATCH-20260801-140,2026-08-01T15:47:00,2026-08-01T15:48:05,2026-08-01T15:48:46,B,H1,Sinter,16036.8,15956.1,65,41
BATCH-20260801-141,2026-08-01T15:47:00,2026-08-01T15:48:12,2026-08-01T15:49:07,B,H3,Pellet,14558.7,14491.9,72,55
BATCH-20260801-142,2026-08-01T15:59:00,2026-08-01T15:59:55,2026-08-01T16:00:15,B,H2,Limestone,11297.6,11270.8,55,20
BATCH-20260801-143,2026-08-01T16:19:00,2026-08-01T16:20:19,2026-08-01T16:20:45,B,H1,Ore,28247.4,28281.2,79,26
BATCH-20260801-144,2026-08-01T16:42:00,2026-08-01T16:43:22,2026-08-01T16:43:49,B,H3,Pellet,12160.4,12121.6,82,27
BATCH-20260801-145,2026-08-01T16:45:00,2026-08-01T16:45:52,2026-08-01T16:46:21,B,H4,Coke,15559.1,15568.7,52,29
BATCH-20260801-146,2026-08-01T16:46:00,2026-08-01T16:46:42,2026-08-01T16:47:04,B,H2,Coke,12025.7,12012.5,42,22
BATCH-20260801-147,2026-08-01T17:12:00,2026-08-01T17:13:15,2026-08-01T17:13:41,B,H4,Ore,22605.7,22683.1,75,26
BATCH-20260801-148,2026-08-01T17:39:00,2026-08-01T17:40:10,2026-08-01T17:41:01,B,H2,Limestone,12517.0,12492.7,70,51
BATCH-20260801-149,2026-08-01T17:43:00,2026-08-01T17:43:36,2026-08-01T17:44:11,B,H3,Pellet,15908.8,15891.5,36,35
BATCH-20260801-150,2026-08-01T17:46:00,2026-08-01T17:46:55,2026-08-01T17:47:54,B,H3,Coke,11317.8,11330.8,55,59
BATCH-20260801-151,2026-08-01T17:51:00,2026-08-01T17:51:37,2026-08-01T17:52:22,B,H2,Sinter,21958.1,21862.1,37,45
BATCH-20260801-152,2026-08-01T18:01:00,2026-08-01T18:01:50,2026-08-01T18:02:14,B,H2,Sinter,15083.9,15149.2,50,24
BATCH-20260801-153,2026-08-01T18:01:00,2026-08-01T18:02:05,2026-08-01T18:02:45,B,H2,Sinter,18899.4,18941.6,65,40
BATCH-20260801-154,2026-08-01T18:09:00,2026-08-01T18:10:17,2026-08-01T18:10:54,B,H2,Ore,26345.7,26340.0,77,37
BATCH-20260801-155,2026-08-01T18:13:00,2026-08-01T18:13:59,2026-08-01T18:14:31,B,H3,Pellet,20902.4,20923.3,59,32
BATCH-20260801-156,2026-08-01T18:14:00,2026-08-01T18:14:48,2026-08-01T18:15:41,B,H2,Coke,10733.2,10704.3,48,53
BATCH-20260801-157,2026-08-01T18:33:00,2026-08-01T18:34:18,2026-08-01T18:35:06,B,H4,Sinter,16073.0,16107.5,78,48
BATCH-20260801-158,2026-08-01T18:34:00,2026-08-01T18:35:05,2026-08-01T18:35:50,B,H3,Sinter,19674.5,19688.8,65,45
BATCH-20260801-159,2026-08-01T18:41:00,2026-08-01T18:41:46,2026-08-01T18:42:28,B,H4,Coke,11320.6,11288.1,46,42
BATCH-20260801-160,2026-08-01T18:47:00,2026-08-01T18:48:08,2026-08-01T18:48:49,B,H2,Pellet,15116.8,15087.7,68,41
BATCH-20260801-161,2026-08-01T18:48:00,2026-08-01T18:48:33,2026-08-01T18:49:31,B,H4,Ore,24787.4,24882.7,33,58
BATCH-20260801-162,2026-08-01T18:50:00,2026-08-01T18:51:10,2026-08-01T18:52:01,B,H4,Pellet,21685.4,21694.9,70,51
BATCH-20260801-163,2026-08-01T18:51:00,2026-08-01T18:52:22,2026-08-01T18:53:20,B,H4,Pellet,15812.3,15702.6,82,58
BATCH-20260801-164,2026-08-01T18:53:00,2026-08-01T18:54:22,2026-08-01T18:55:00,B,H2,Limestone,12798.3,12813.4,82,38
BATCH-20260801-165,2026-08-01T18:55:00,2026-08-01T18:55:58,2026-08-01T18:56:50,B,H4,Coke,17800.0,17812.7,58,52
BATCH-20260801-166,2026-08-01T18:59:00,2026-08-01T18:59:30,2026-08-01T19:00:11,B,H2,Sinter,22476.8,22467.4,30,41
BATCH-20260801-167,2026-08-01T19:02:00,2026-08-01T19:02:53,2026-08-01T19:03:51,B,H2,Coke,17856.8,17958.6,53,58
BATCH-20260801-168,2026-08-01T19:04:00,2026-08-01T19:05:16,2026-08-01T19:05:46,B,H3,Sinter,15172.1,15141.5,76,30
BATCH-20260801-169,2026-08-01T19:04:00,2026-08-01T19:05:05,2026-08-01T19:05:32,B,H2,Pellet,16881.9,16931.2,65,27
BATCH-20260801-170,2026-08-01T19:11:00,2026-08-01T19:12:27,2026-08-01T19:12:53,B,H1,Pellet,13735.2,13760.9,87,26
BATCH-20260801-171,2026-08-01T19:19:00,2026-08-01T19:20:28,2026-08-01T19:21:08,B,H1,Pellet,16180.7,16218.5,88,40
BATCH-20260801-172,2026-08-01T19:45:00,2026-08-01T19:46:19,2026-08-01T19:47:04,B,H2,Ore,20808.1,20833.8,79,45
BATCH-20260801-173,2026-08-01T19:46:00,2026-08-01T19:47:14,2026-08-01T19:47:52,B,H3,Pellet,18005.4,18022.4,74,38
BATCH-20260801-174,2026-08-01T19:59:00,2026-08-01T19:59:48,2026-08-01T20:00:13,B,H2,Coke,11777.3,12071.5,48,25
BATCH-20260801-175,2026-08-01T19:59:00,2026-08-01T20:00:10,2026-08-01T20:00:40,B,H2,Limestone,10768.3,10867.6,70,30
BATCH-20260801-176,2026-08-01T20:13:00,2026-08-01T20:14:29,2026-08-01T20:15:28,B,H3,Sinter,19812.7,19785.7,89,59
BATCH-20260801-177,2026-08-01T20:48:00,2026-08-01T20:49:16,2026-08-01T20:50:11,B,H2,Limestone,10550.4,10549.5,76,55
BATCH-20260801-178,2026-08-01T20:59:00,2026-08-01T21:00:27,2026-08-01T21:01:05,B,H2,Pellet,13633.5,13654.2,87,38
BATCH-20260801-179,2026-08-01T21:04:00,2026-08-01T21:04:38,2026-08-01T21:05:15,B,H4,Pellet,19560.7,19599.7,38,37
BATCH-20260801-180,2026-08-01T21:10:00,2026-08-01T21:10:55,2026-08-01T21:11:27,B,H4,Pellet,14738.5,14822.0,55,32
BATCH-20260801-181,2026-08-01T21:11:00,2026-08-01T21:12:19,2026-08-01T21:12:45,B,H3,Ore,20195.2,20108.6,79,26
BATCH-20260801-182,2026-08-01T21:31:00,2026-08-01T21:32:03,2026-08-01T21:32:56,B,H3,Coke,12767.5,12418.4,63,53
BATCH-20260801-183,2026-08-01T21:41:00,2026-08-01T21:42:10,2026-08-01T21:42:58,B,H4,Coke,15878.9,15852.6,70,48
BATCH-20260801-184,2026-08-01T22:07:00,2026-08-01T22:08:19,2026-08-01T22:09:06,C,H4,Sinter,22284.2,22321.8,79,47
BATCH-20260801-185,2026-08-01T22:07:00,2026-08-01T22:08:28,2026-08-01T22:09:20,C,H1,Pellet,13519.7,13485.3,88,52
BATCH-20260801-186,2026-08-01T22:09:00,2026-08-01T22:10:15,2026-08-01T22:11:10,C,H3,Pellet,12179.3,12149.0,75,55
BATCH-20260801-187,2026-08-01T22:10:00,2026-08-01T22:11:03,2026-08-01T22:11:31,C,H4,Pellet,12394.9,12402.8,63,28
BATCH-20260801-188,2026-08-01T22:19:00,2026-08-01T22:20:19,2026-08-01T22:21:04,C,H1,Pellet,15240.4,15215.6,79,45
BATCH-20260801-189,2026-08-01T22:26:00,2026-08-01T22:27:02,2026-08-01T22:27:38,C,H3,Pellet,12213.1,12158.2,62,36
BATCH-20260801-190,2026-08-01T22:29:00,2026-08-01T22:29:37,2026-08-01T22:30:13,C,H1,Pellet,13540.3,13581.8,37,36
BATCH-20260801-191,2026-08-01T22:36:00,2026-08-01T22:36:37,2026-08-01T22:37:09,C,H4,Pellet,21599.1,21585.3,37,32
BATCH-20260801-192,2026-08-01T22:49:00,2026-08-01T22:50:18,2026-08-01T22:50:58,C,H3,Ore,19558.3,19564.0,78,40
BATCH-20260801-193,2026-08-01T22:52:00,2026-08-01T22:52:52,2026-08-01T22:53:32,C,H4,Limestone,12523.2,12568.2,52,40
BATCH-20260801-194,2026-08-01T23:04:00,2026-08-01T23:04:43,2026-08-01T23:05:20,C,H2,Pellet,20876.5,20837.4,43,37
BATCH-20260801-195,2026-08-01T23:07:00,2026-08-01T23:07:37,2026-08-01T23:08:23,C,H3,Coke,11578.8,11493.8,37,46
BATCH-20260801-196,2026-08-01T23:13:00,2026-08-01T23:14:06,2026-08-01T23:14:31,C,H4,Coke,12984.9,13013.7,66,25
BATCH-20260801-197,2026-08-01T23:23:00,2026-08-01T23:23:37,2026-08-01T23:24:02,C,H2,Pellet,13519.4,13462.2,37,25
BATCH-20260801-198,2026-08-01T23:24:00,2026-08-01T23:24:40,2026-08-01T23:25:15,C,H2,Coke,13128.0,13166.9,40,35
BATCH-20260801-199,2026-08-01T23:36:00,2026-08-01T23:37:29,2026-08-01T23:37:56,C,H3,Sinter,23728.7,23644.2,89,27
BATCH-20260801-200,2026-08-01T23:53:00,2026-08-01T23:54:30,2026-08-01T23:55:01,C,H3,Sinter,22689.4,22638.6,90,31
BATCH-20260802-001,2026-08-02T00:13:00,2026-08-02T00:14:03,2026-08-02T00:15:03,C,H1,Coke,11297.3,11358.0,63,60
BATCH-20260802-002,2026-08-02T00:13:00,2026-08-02T00:14:10,2026-08-02T00:15:07,C,H4,Coke,16241.5,16194.3,70,57
BATCH-20260802-003,2026-08-02T00:18:00,2026-08-02T00:18:42,2026-08-02T00:19:38,C,H4,Coke,11658.8,11682.6,42,56
BATCH-20260802-004,2026-08-02T00:19:00,2026-08-02T00:19:40,2026-08-02T00:20:07,C,H2,Limestone,14007.9,14054.9,40,27
BATCH-20260802-005,2026-08-02T00:44:00,2026-08-02T00:44:50,2026-08-02T00:45:28,C,H1,Coke,15073.4,15116.9,50,38
BATCH-20260802-006,2026-08-02T00:45:00,2026-08-02T00:45:54,2026-08-02T00:46:42,C,H1,Sinter,22036.1,22012.5,54,48
BATCH-20260802-007,2026-08-02T00:54:00,2026-08-02T00:55:17,2026-08-02T00:56:17,C,H1,Pellet,13952.6,13942.4,77,60
BATCH-20260802-008,2026-08-02T00:58:00,2026-08-02T00:58:35,2026-08-02T00:59:26,C,H2,Limestone,15377.6,15415.4,35,51
BATCH-20260802-009,2026-08-02T01:09:00,2026-08-02T01:09:52,2026-08-02T01:10:20,C,H3,Limestone,13233.9,13232.2,52,28
BATCH-20260802-010,2026-08-02T01:12:00,2026-08-02T01:12:33,2026-08-02T01:13:13,C,H4,Sinter,24828.3,24827.5,33,40
BATCH-20260802-011,2026-08-02T01:14:00,2026-08-02T01:14:38,2026-08-02T01:15:24,C,H3,Coke,16722.7,16747.1,38,46
BATCH-20260802-012,2026-08-02T01:17:00,2026-08-02T01:18:24,2026-08-02T01:19:22,C,H3,Pellet,15397.0,15376.3,84,58
BATCH-20260802-013,2026-08-02T01:21:00,2026-08-02T01:22:05,2026-08-02T01:22:31,C,H2,Sinter,24542.5,24522.8,65,26
BATCH-20260802-014,2026-08-02T01:35:00,2026-08-02T01:35:51,2026-08-02T01:36:26,C,H2,Pellet,12487.1,12455.0,51,35
BATCH-20260802-015,2026-08-02T01:38:00,2026-08-02T01:38:32,2026-08-02T01:39:29,C,H3,Ore,29315.0,29287.3,32,57
BATCH-20260802-016,2026-08-02T01:45:00,2026-08-02T01:46:15,2026-08-02T01:46:54,C,H2,Coke,16212.7,16212.7,75,39
BATCH-20260802-017,2026-08-02T01:51:00,2026-08-02T01:51:34,2026-08-02T01:51:58,C,H2,Coke,17350.5,17305.1,34,24
BATCH-20260802-018,2026-08-02T01:56:00,2026-08-02T01:56:45,2026-08-02T01:57:27,C,H2,Ore,26467.1,26458.4,45,42
BATCH-20260802-019,2026-08-02T01:59:00,2026-08-02T01:59:35,2026-08-02T02:00:24,C,H3,Ore,29318.4,29324.3,35,49
BATCH-20260802-020,2026-08-02T01:59:00,2026-08-02T01:59:54,2026-08-02T02:00:29,C,H1,Coke,17818.2,17917.1,54,35
BATCH-20260802-021,2026-08-02T02:15:00,2026-08-02T02:15:34,2026-08-02T02:16:33,C,H1,Limestone,13920.8,13869.0,34,59
BATCH-20260802-022,2026-08-02T02:28:00,2026-08-02T02:28:56,2026-08-02T02:29:26,C,H3,Sinter,18586.8,18563.6,56,30
BATCH-20260802-023,2026-08-02T02:29:00,2026-08-02T02:30:21,2026-08-02T02:30:43,C,H2,Ore,25960.2,26009.7,81,22
BATCH-20260802-024,2026-08-02T02:36:00,2026-08-02T02:37:15,2026-08-02T02:38:08,C,H1,Sinter,18236.7,18196.3,75,53
BATCH-20260802-025,2026-08-02T02:42:00,2026-08-02T02:42:53,2026-08-02T02:43:47,C,H4,Ore,19652.5,19624.7,53,54
BATCH-20260802-026,2026-08-02T02:42:00,2026-08-02T02:42:33,2026-08-02T02:43:10,C,H1,Ore,27089.8,27129.4,33,37
BATCH-20260802-027,2026-08-02T02:45:00,2026-08-02T02:46:16,2026-08-02T02:46:54,C,H3,Coke,17859.9,17912.3,76,38
BATCH-20260802-028,2026-08-02T02:45:00,2026-08-02T02:45:32,2026-08-02T02:46:19,C,H2,Sinter,18562.9,18578.5,32,47
BATCH-20260802-029,2026-08-02T03:01:00,2026-08-02T03:02:05,2026-08-02T03:02:29,C,H2,Limestone,10865.1,10833.1,65,24
BATCH-20260802-030,2026-08-02T03:10:00,2026-08-02T03:10:51,2026-08-02T03:11:30,C,H2,Sinter,23726.1,23709.1,51,39
BATCH-20260802-031,2026-08-02T03:15:00,2026-08-02T03:16:02,2026-08-02T03:16:26,C,H3,Coke,16030.0,16023.1,62,24
BATCH-20260802-032,2026-08-02T03:21:00,2026-08-02T03:21:30,2026-08-02T03:22:20,C,H4,Limestone,12554.7,12501.8,30,50
BATCH-20260802-033,2026-08-02T03:28:00,2026-08-02T03:29:05,2026-08-02T03:29:54,C,H1,Sinter,17172.0,17265.3,65,49
BATCH-20260802-034,2026-08-02T03:38:00,2026-08-02T03:38:46,2026-08-02T03:39:42,C,H4,Pellet,18579.1,18494.5,46,56
BATCH-20260802-035,2026-08-02T03:38:00,2026-08-02T03:39:01,2026-08-02T03:39:42,C,H3,Pellet,16714.5,16727.0,61,41
BATCH-20260802-036,2026-08-02T03:40:00,2026-08-02T03:41:28,2026-08-02T03:42:12,C,H3,Limestone,11050.0,11079.3,88,44
BATCH-20260802-037,2026-08-02T03:40:00,2026-08-02T03:40:40,2026-08-02T03:41:32,C,H1,Coke,15205.1,15234.3,40,52
BATCH-20260802-038,2026-08-02T03:41:00,2026-08-02T03:41:50,2026-08-02T03:42:44,C,H4,Pellet,17771.9,17841.5,50,54
BATCH-20260802-039,2026-08-02T03:46:00,2026-08-02T03:47:04,2026-08-02T03:47:24,C,H3,Sinter,24690.9,24610.7,64,20
BATCH-20260802-040,2026-08-02T03:50:00,2026-08-02T03:51:04,2026-08-02T03:51:40,C,H4,Pellet,12725.3,12701.4,64,36
BATCH-20260802-041,2026-08-02T03:54:00,2026-08-02T03:55:01,2026-08-02T03:55:33,C,H3,Limestone,11380.6,11429.1,61,32
BATCH-20260802-042,2026-08-02T04:14:00,2026-08-02T04:15:26,2026-08-02T04:15:58,C,H3,Pellet,12587.1,12692.8,86,32
BATCH-20260802-043,2026-08-02T04:29:00,2026-08-02T04:30:10,2026-08-02T04:30:41,C,H4,Coke,10141.5,10149.7,70,31
BATCH-20260802-044,2026-08-02T04:31:00,2026-08-02T04:32:03,2026-08-02T04:32:51,C,H2,Sinter,18738.2,18703.5,63,48
BATCH-20260802-045,2026-08-02T04:45:00,2026-08-02T04:45:47,2026-08-02T04:46:38,C,H2,Pellet,14578.0,14568.7,47,51
BATCH-20260802-046,2026-08-02T04:51:00,2026-08-02T04:52:14,2026-08-02T04:52:37,C,H1,Sinter,21219.3,21262.8,74,23
BATCH-20260802-047,2026-08-02T04:55:00,2026-08-02T04:56:10,2026-08-02T04:56:44,C,H3,Limestone,14547.5,14610.8,70,34
BATCH-20260802-048,2026-08-02T05:03:00,2026-08-02T05:04:02,2026-08-02T05:04:44,C,H3,Sinter,17367.0,17366.0,62,42
BATCH-20260802-049,2026-08-02T05:08:00,2026-08-02T05:09:21,2026-08-02T05:09:43,C,H1,Limestone,12446.2,12377.5,81,22
BATCH-20260802-050,2026-08-02T05:26:00,2026-08-02T05:26:44,2026-08-02T05:27:21,C,H2,Ore,27173.8,27124.0,44,37
BATCH-20260802-051,2026-08-02T05:27:00,2026-08-02T05:27:38,2026-08-02T05:27:59,C,H1,Sinter,21642.0,21663.6,38,21
BATCH-20260802-052,2026-08-02T05:34:00,2026-08-02T05:34:57,2026-08-02T05:35:57,C,H4,Ore,22515.3,22525.1,57,60
BATCH-20260802-053,2026-08-02T05:35:00,2026-08-02T05:36:18,2026-08-02T05:37:08,C,H4,Pellet,12231.3,12143.0,78,50
BATCH-20260802-054,2026-08-02T05:37:00,2026-08-02T05:38:13,2026-08-02T05:38:36,C,H4,Limestone,13796.9,13842.7,73,23
BATCH-20260802-055,2026-08-02T05:37:00,2026-08-02T05:37:49,2026-08-02T05:38:09,C,H1,Sinter,22973.6,22942.0,49,20
BATCH-20260802-056,2026-08-02T05:50:00,2026-08-02T05:51:25,2026-08-02T05:51:51,C,H3,Sinter,15418.8,15288.6,85,26
BATCH-20260802-057,2026-08-02T05:50:00,2026-08-02T05:50:30,2026-08-02T05:51:09,C,H2,Limestone,14946.9,15067.5,30,39
BATCH-20260802-058,2026-08-02T06:04:00,2026-08-02T06:05:06,2026-08-02T06:05:48,A,H4,Ore,24735.8,24744.0,66,42
BATCH-20260802-059,2026-08-02T06:08:00,2026-08-02T06:09:27,2026-08-02T06:10:16,A,H4,Limestone,10600.1,10537.9,87,49
BATCH-20260802-060,2026-08-02T06:16:00,2026-08-02T06:16:49,2026-08-02T06:17:49,A,H3,Coke,17298.4,17264.0,49,60
BATCH-20260802-061,2026-08-02T06:26:00,2026-08-02T06:26:55,2026-08-02T06:27:40,A,H2,Limestone,11311.0,11281.9,55,45
BATCH-20260802-062,2026-08-02T06:33:00,2026-08-02T06:33:50,2026-08-02T06:34:45,A,H1,Pellet,17321.5,17221.7,50,55
BATCH-20260802-063,2026-08-02T06:36:00,2026-08-02T06:36:40,2026-08-02T06:37:11,A,H4,Limestone,13869.3,13856.1,40,31
BATCH-20260802-064,2026-08-02T06:38:00,2026-08-02T06:38:31,2026-08-02T06:39:17,A,H1,Coke,15526.0,15556.5,31,46
BATCH-20260802-065,2026-08-02T06:44:00,2026-08-02T06:45:23,2026-08-02T06:45:59,A,H3,Sinter,21851.4,21799.5,83,36
BATCH-20260802-066,2026-08-02T06:45:00,2026-08-02T06:46:18,2026-08-02T06:46:38,A,H2,Coke,13845.4,13854.1,78,20
BATCH-20260802-067,2026-08-02T06:53:00,2026-08-02T06:54:02,2026-08-02T06:54:44,A,H1,Ore,24679.1,24667.0,62,42
BATCH-20260802-068,2026-08-02T07:04:00,2026-08-02T07:04:49,2026-08-02T07:05:22,A,H2,Ore,19244.4,19207.1,49,33
BATCH-20260802-069,2026-08-02T07:10:00,2026-08-02T07:10:47,2026-08-02T07:11:18,A,H3,Sinter,17043.3,17052.2,47,31
BATCH-20260802-070,2026-08-02T07:26:00,2026-08-02T07:26:52,2026-08-02T07:27:19,A,H2,Sinter,19349.7,19400.7,52,27
BATCH-20260802-071,2026-08-02T07:26:00,2026-08-02T07:27:17,2026-08-02T07:27:40,A,H4,Limestone,10967.1,11055.2,77,23
BATCH-20260802-072,2026-08-02T07:36:00,2026-08-02T07:36:44,2026-08-02T07:37:44,A,H2,Pellet,18959.4,18946.4,44,60
BATCH-20260802-073,2026-08-02T07:39:00,2026-08-02T07:40:25,2026-08-02T07:41:02,A,H4,Coke,13519.7,13544.6,85,37
BATCH-20260802-074,2026-08-02T07:40:00,2026-08-02T07:40:52,2026-08-02T07:41:19,A,H4,Pellet,13498.1,13527.4,52,27
BATCH-20260802-075,2026-08-02T08:09:00,2026-08-02T08:09:58,2026-08-02T08:10:26,A,H2,Limestone,15241.4,15248.5,58,28
BATCH-20260802-076,2026-08-02T08:19:00,2026-08-02T08:20:25,2026-08-02T08:20:57,A,H4,Pellet,18811.4,18750.4,85,32
BATCH-20260802-077,2026-08-02T08:28:00,2026-08-02T08:28:33,2026-08-02T08:29:21,A,H1,Ore,23862.2,23864.6,33,48
BATCH-20260802-078,2026-08-02T08:36:00,2026-08-02T08:36:57,2026-08-02T08:37:55,A,H2,Ore,27545.5,27657.9,57,58
BATCH-20260802-079,2026-08-02T08:52:00,2026-08-02T08:53:01,2026-08-02T08:53:47,A,H4,Ore,23404.0,23290.5,61,46
BATCH-20260802-080,2026-08-02T08:59:00,2026-08-02T09:00:17,2026-08-02T09:00:51,A,H3,Sinter,18478.4,18595.9,77,34
BATCH-20260802-081,2026-08-02T09:04:00,2026-08-02T09:05:16,2026-08-02T09:06:01,A,H4,Pellet,21903.7,21823.6,76,45
BATCH-20260802-082,2026-08-02T09:09:00,2026-08-02T09:09:46,2026-08-02T09:10:39,A,H4,Sinter,22439.2,22443.3,46,53
BATCH-20260802-083,2026-08-02T09:14:00,2026-08-02T09:15:23,2026-08-02T09:15:55,A,H3,Pellet,21097.9,21172.6,83,32
BATCH-20260802-084,2026-08-02T09:15:00,2026-08-02T09:16:18,2026-08-02T09:17:12,A,H3,Coke,15735.2,15668.5,78,54
BATCH-20260802-085,2026-08-02T09:20:00,2026-08-02T09:20:56,2026-08-02T09:21:51,A,H1,Sinter,19396.3,19325.6,56,55
BATCH-20260802-086,2026-08-02T09:26:00,2026-08-02T09:27:08,2026-08-02T09:27:57,A,H4,Coke,10920.3,10849.1,68,49
BATCH-20260802-087,2026-08-02T09:29:00,2026-08-02T09:29:58,2026-08-02T09:30:57,A,H1,Coke,12522.0,12540.6,58,59
BATCH-20260802-088,2026-08-02T09:37:00,2026-08-02T09:37:40,2026-08-02T09:38:11,A,H2,Ore,23832.3,23833.3,40,31
BATCH-20260802-089,2026-08-02T09:41:00,2026-08-02T09:42:20,2026-08-02T09:42:58,A,H4,Coke,16530.5,16467.8,80,38
BATCH-20260802-090,2026-08-02T09:48:00,2026-08-02T09:48:32,2026-08-02T09:49:26,A,H2,Coke,11481.3,11463.5,32,54
BATCH-20260802-091,2026-08-02T09:58:00,2026-08-02T09:59:07,2026-08-02T09:59:57,A,H2,Limestone,11502.4,11503.3,67,50
BATCH-20260802-092,2026-08-02T10:18:00,2026-08-02T10:18:57,2026-08-02T10:19:47,A,H3,Coke,14911.0,14916.1,57,50
BATCH-20260802-093,2026-08-02T10:18:00,2026-08-02T10:19:06,2026-08-02T10:19:45,A,H2,Limestone,10920.7,10968.6,66,39
BATCH-20260802-094,2026-08-02T10:26:00,2026-08-02T10:26:31,2026-08-02T10:27:12,A,H3,Pellet,13943.1,13877.9,31,41
BATCH-20260802-095,2026-08-02T10:38:00,2026-08-02T10:39:14,2026-08-02T10:39:49,A,H1,Coke,13436.6,13400.7,74,35
BATCH-20260802-096,2026-08-02T10:38:00,2026-08-02T10:39:05,2026-08-02T10:40:03,A,H2,Sinter,19405.2,19386.4,65,58
BATCH-20260802-097,2026-08-02T11:02:00,2026-08-02T11:03:01,2026-08-02T11:03:56,A,H1,Coke,14374.2,14377.3,61,55
BATCH-20260802-098,2026-08-02T11:02:00,2026-08-02T11:03:05,2026-08-02T11:03:56,A,H1,Pellet,20050.3,20073.9,65,51
BATCH-20260802-099,2026-08-02T11:11:00,2026-08-02T11:11:45,2026-08-02T11:12:42,A,H2,Pellet,14496.8,14494.3,45,57
BATCH-20260802-100,2026-08-02T11:41:00,2026-08-02T11:41:56,2026-08-02T11:42:45,A,H2,Pellet,17829.2,17876.8,56,49
BATCH-20260802-101,2026-08-02T11:42:00,2026-08-02T11:42:46,2026-08-02T11:43:19,A,H4,Ore,26028.5,26067.6,46,33
BATCH-20260802-102,2026-08-02T11:47:00,2026-08-02T11:48:19,2026-08-02T11:48:57,A,H4,Limestone,11930.3,12093.1,79,38
BATCH-20260802-103,2026-08-02T11:51:00,2026-08-02T11:52:30,2026-08-02T11:53:21,A,H1,Coke,10980.6,10948.9,90,51
BATCH-20260802-104,2026-08-02T12:02:00,2026-08-02T12:03:03,2026-08-02T12:04:02,A,H1,Coke,11652.3,11713.3,63,59
BATCH-20260802-105,2026-08-02T12:05:00,2026-08-02T12:06:26,2026-08-02T12:06:48,A,H1,Coke,16289.9,16284.7,86,22
BATCH-20260802-106,2026-08-02T12:13:00,2026-08-02T12:13:59,2026-08-02T12:14:59,A,H1,Coke,14601.1,14593.0,59,60
BATCH-20260802-107,2026-08-02T12:28:00,2026-08-02T12:29:07,2026-08-02T12:29:47,A,H2,Pellet,17680.6,17643.1,67,40
BATCH-20260802-108,2026-08-02T12:32:00,2026-08-02T12:32:48,2026-08-02T12:33:17,A,H4,Ore,20201.8,20271.6,48,29
BATCH-20260802-109,2026-08-02T12:32:00,2026-08-02T12:32:31,2026-08-02T12:32:52,A,H3,Coke,11055.0,11139.3,31,21
BATCH-20260802-110,2026-08-02T12:38:00,2026-08-02T12:39:11,2026-08-02T12:40:01,A,H4,Ore,23914.7,23949.6,71,50
BATCH-20260802-111,2026-08-02T12:38:00,2026-08-02T12:39:08,2026-08-02T12:39:28,A,H1,Coke,12194.0,12117.1,68,20
BATCH-20260802-112,2026-08-02T12:43:00,2026-08-02T12:43:30,2026-08-02T12:44:02,A,H2,Pellet,19314.7,19313.3,30,32
BATCH-20260802-113,2026-08-02T12:44:00,2026-08-02T12:45:28,2026-08-02T12:46:08,A,H3,Pellet,16579.5,16564.1,88,40
BATCH-20260802-114,2026-08-02T12:45:00,2026-08-02T12:45:33,2026-08-02T12:46:07,A,H3,Limestone,14220.0,14183.9,33,34
BATCH-20260802-115,2026-08-02T12:51:00,2026-08-02T12:51:42,2026-08-02T12:52:05,A,H2,Ore,20615.8,20615.8,42,23
BATCH-20260802-116,2026-08-02T12:52:00,2026-08-02T12:52:59,2026-08-02T12:53:55,A,H4,Ore,23655.0,23644.4,59,56
BATCH-20260802-117,2026-08-02T12:58:00,2026-08-02T12:58:32,2026-08-02T12:59:02,A,H2,Limestone,14355.8,14306.2,32,30
BATCH-20260802-118,2026-08-02T13:15:00,2026-08-02T13:15:54,2026-08-02T13:16:28,A,H2,Coke,17691.8,17670.0,54,34
BATCH-20260802-119,2026-08-02T13:26:00,2026-08-02T13:26:30,2026-08-02T13:26:59,A,H3,Sinter,24827.7,24865.5,30,29
BATCH-20260802-120,2026-08-02T13:35:00,2026-08-02T13:36:23,2026-08-02T13:37:20,A,H1,Coke,16261.7,16268.5,83,57
BATCH-20260802-121,2026-08-02T13:36:00,2026-08-02T13:37:09,2026-08-02T13:37:45,A,H1,Pellet,12503.7,12545.7,69,36
BATCH-20260802-122,2026-08-02T13:37:00,2026-08-02T13:37:39,2026-08-02T13:38:17,A,H1,Limestone,10760.1,10746.9,39,38
BATCH-20260802-123,2026-08-02T13:49:00,2026-08-02T13:50:06,2026-08-02T13:50:43,A,H2,Pellet,19242.9,19241.3,66,37
BATCH-20260802-124,2026-08-02T13:53:00,2026-08-02T13:54:00,2026-08-02T13:54:24,A,H3,Limestone,10200.0,10148.8,60,24
BATCH-20260802-125,2026-08-02T13:56:00,2026-08-02T13:56:44,2026-08-02T13:57:44,A,H4,Coke,16104.0,16090.0,44,60
BATCH-20260802-126,2026-08-02T14:01:00,2026-08-02T14:02:26,2026-08-02T14:03:12,B,H3,Sinter,23084.9,23041.2,86,46
BATCH-20260802-127,2026-08-02T14:03:00,2026-08-02T14:04:25,2026-08-02T14:04:49,B,H2,Coke,16504.8,16504.5,85,24
BATCH-20260802-128,2026-08-02T14:11:00,2026-08-02T14:11:38,2026-08-02T14:12:06,B,H1,Coke,13587.3,13566.2,38,28
BATCH-20260802-129,2026-08-02T14:11:00,2026-08-02T14:11:56,2026-08-02T14:12:56,B,H4,Limestone,15042.4,14977.9,56,60
BATCH-20260802-130,2026-08-02T14:23:00,2026-08-02T14:24:01,2026-08-02T14:24:28,B,H3,Pellet,13309.2,13345.3,61,27
BATCH-20260802-131,2026-08-02T14:44:00,2026-08-02T14:44:56,2026-08-02T14:45:52,B,H1,Limestone,13932.7,13994.1,56,56
BATCH-20260802-132,2026-08-02T14:57:00,2026-08-02T14:57:51,2026-08-02T14:58:25,B,H1,Ore,27812.4,27839.9,51,34
BATCH-20260802-133,2026-08-02T14:59:00,2026-08-02T15:00:24,2026-08-02T15:01:12,B,H1,Pellet,15775.2,15753.7,84,48
BATCH-20260802-134,2026-08-02T15:08:00,2026-08-02T15:09:05,2026-08-02T15:09:37,B,H1,Pellet,21974.9,21982.9,65,32
BATCH-20260802-135,2026-08-02T15:16:00,2026-08-02T15:17:04,2026-08-02T15:17:56,B,H1,Limestone,12816.3,12802.7,64,52
BATCH-20260802-136,2026-08-02T15:18:00,2026-08-02T15:18:50,2026-08-02T15:19:36,B,H3,Pellet,15765.9,15856.5,50,46
BATCH-20260802-137,2026-08-02T15:18:00,2026-08-02T15:19:09,2026-08-02T15:19:34,B,H4,Pellet,18589.3,18686.3,69,25
BATCH-20260802-138,2026-08-02T15:22:00,2026-08-02T15:22:55,2026-08-02T15:23:49,B,H2,Coke,10275.7,10298.0,55,54
BATCH-20260802-139,2026-08-02T15:22:00,2026-08-02T15:23:23,2026-08-02T15:24:15,B,H2,Ore,24006.5,23996.9,83,52
BATCH-20260802-140,2026-08-02T15:26:00,2026-08-02T15:26:34,2026-08-02T15:27:29,B,H2,Pellet,12432.0,12395.9,34,55
BATCH-20260802-141,2026-08-02T15:37:00,2026-08-02T15:37:48,2026-08-02T15:38:19,B,H4,Limestone,13929.5,13952.2,48,31
BATCH-20260802-142,2026-08-02T15:42:00,2026-08-02T15:43:14,2026-08-02T15:44:07,B,H4,Coke,17715.8,17645.1,74,53
BATCH-20260802-143,2026-08-02T16:03:00,2026-08-02T16:04:00,2026-08-02T16:04:46,B,H3,Ore,21926.3,21967.1,60,46
BATCH-20260802-144,2026-08-02T16:06:00,2026-08-02T16:07:04,2026-08-02T16:08:04,B,H3,Pellet,21316.8,21411.3,64,60
BATCH-20260802-145,2026-08-02T16:08:00,2026-08-02T16:09:09,2026-08-02T16:09:57,B,H3,Pellet,19805.8,19816.5,69,48
BATCH-20260802-146,2026-08-02T16:11:00,2026-08-02T16:11:56,2026-08-02T16:12:38,B,H2,Limestone,10518.1,10575.9,56,42
BATCH-20260802-147,2026-08-02T16:17:00,2026-08-02T16:18:18,2026-08-02T16:19:11,B,H4,Coke,10161.4,10176.7,78,53
BATCH-20260802-148,2026-08-02T16:18:00,2026-08-02T16:18:47,2026-08-02T16:19:15,B,H2,Coke,10997.7,11019.7,47,28
BATCH-20260802-149,2026-08-02T16:25:00,2026-08-02T16:26:01,2026-08-02T16:26:49,B,H1,Limestone,15048.7,15068.9,61,48
BATCH-20260802-150,2026-08-02T16:46:00,2026-08-02T16:46:34,2026-08-02T16:47:12,B,H2,Sinter,19348.5,19278.5,34,38
BATCH-20260802-151,2026-08-02T17:08:00,2026-08-02T17:09:01,2026-08-02T17:09:24,B,H2,Limestone,12028.2,11722.9,61,23
BATCH-20260802-152,2026-08-02T17:08:00,2026-08-02T17:09:10,2026-08-02T17:10:09,B,H2,Ore,25616.7,25555.9,70,59
BATCH-20260802-153,2026-08-02T17:22:00,2026-08-02T17:23:14,2026-08-02T17:23:50,B,H2,Sinter,18221.2,18153.9,74,36
BATCH-20260802-154,2026-08-02T17:27:00,2026-08-02T17:28:03,2026-08-02T17:28:49,B,H3,Ore,26550.2,26622.1,63,46
BATCH-20260802-155,2026-08-02T17:33:00,2026-08-02T17:34:01,2026-08-02T17:34:26,B,H2,Sinter,20464.9,20434.1,61,25
BATCH-20260802-156,2026-08-02T17:33:00,2026-08-02T17:34:16,2026-08-02T17:34:46,B,H1,Ore,25106.0,25101.5,76,30
BATCH-20260802-157,2026-08-02T17:37:00,2026-08-02T17:38:25,2026-08-02T17:39:10,B,H4,Limestone,14992.9,14885.9,85,45
BATCH-20260802-158,2026-08-02T17:40:00,2026-08-02T17:40:39,2026-08-02T17:41:03,B,H4,Limestone,14846.5,14857.7,39,24
BATCH-20260802-159,2026-08-02T17:40:00,2026-08-02T17:40:45,2026-08-02T17:41:17,B,H4,Sinter,17730.4,17458.8,45,32
BATCH-20260802-160,2026-08-02T17:44:00,2026-08-02T17:45:15,2026-08-02T17:45:44,B,H2,Coke,11952.0,11922.5,75,29
BATCH-20260802-161,2026-08-02T17:49:00,2026-08-02T17:50:18,2026-08-02T17:50:58,B,H4,Sinter,16149.3,16177.4,78,40
BATCH-20260802-162,2026-08-02T17:49:00,2026-08-02T17:50:13,2026-08-02T17:50:46,B,H3,Limestone,14604.0,14623.5,73,33
BATCH-20260802-163,2026-08-02T17:54:00,2026-08-02T17:55:27,2026-08-02T17:55:51,B,H3,Limestone,10909.3,10937.0,87,24
BATCH-20260802-164,2026-08-02T18:05:00,2026-08-02T18:05:42,2026-08-02T18:06:19,B,H4,Coke,12411.8,12473.2,42,37
BATCH-20260802-165,2026-08-02T18:08:00,2026-08-02T18:08:36,2026-08-02T18:09:29,B,H2,Sinter,18382.7,18406.3,36,53
BATCH-20260802-166,2026-08-02T18:27:00,2026-08-02T18:27:31,2026-08-02T18:28:13,B,H4,Coke,16418.7,16341.1,31,42
BATCH-20260802-167,2026-08-02T18:32:00,2026-08-02T18:33:20,2026-08-02T18:33:55,B,H2,Ore,19417.7,19421.7,80,35
BATCH-20260802-168,2026-08-02T19:00:00,2026-08-02T19:00:49,2026-08-02T19:01:42,B,H4,Limestone,14470.3,14451.5,49,53
BATCH-20260802-169,2026-08-02T19:02:00,2026-08-02T19:02:41,2026-08-02T19:03:04,B,H4,Pellet,20263.5,20172.7,41,23
BATCH-20260802-170,2026-08-02T19:11:00,2026-08-02T19:12:14,2026-08-02T19:12:38,B,H4,Limestone,14966.0,14902.0,74,24
BATCH-20260802-171,2026-08-02T19:13:00,2026-08-02T19:13:41,2026-08-02T19:14:21,B,H2,Pellet,15282.9,15366.9,41,40
BATCH-20260802-172,2026-08-02T19:16:00,2026-08-02T19:17:25,2026-08-02T19:18:23,B,H4,Ore,25344.7,25433.7,85,58
BATCH-20260802-173,2026-08-02T19:24:00,2026-08-02T19:24:52,2026-08-02T19:25:23,B,H3,Ore,27580.7,27573.9,52,31
BATCH-20260802-174,2026-08-02T19:29:00,2026-08-02T19:30:22,2026-08-02T19:31:19,B,H1,Ore,27604.7,27663.9,82,57
BATCH-20260802-175,2026-08-02T19:32:00,2026-08-02T19:32:45,2026-08-02T19:33:11,B,H3,Limestone,12865.6,12793.3,45,26
BATCH-20260802-176,2026-08-02T19:45:00,2026-08-02T19:45:59,2026-08-02T19:46:25,B,H1,Coke,10835.3,10873.7,59,26
BATCH-20260802-177,2026-08-02T20:00:00,2026-08-02T20:01:30,2026-08-02T20:02:12,B,H2,Coke,12062.9,12038.1,90,42
BATCH-20260802-178,2026-08-02T20:06:00,2026-08-02T20:06:43,2026-08-02T20:07:34,B,H2,Ore,21366.3,21397.0,43,51
BATCH-20260802-179,2026-08-02T20:36:00,2026-08-02T20:36:36,2026-08-02T20:37:22,B,H4,Coke,17513.9,17662.4,36,46
BATCH-20260802-180,2026-08-02T20:41:00,2026-08-02T20:41:41,2026-08-02T20:42:25,B,H1,Pellet,17778.1,17978.5,41,44
BATCH-20260802-181,2026-08-02T21:04:00,2026-08-02T21:05:28,2026-08-02T21:06:25,B,H1,Sinter,16922.4,16972.7,88,57
BATCH-20260802-182,2026-08-02T21:09:00,2026-08-02T21:10:02,2026-08-02T21:10:53,B,H3,Pellet,21347.8,21315.2,62,51
BATCH-20260802-183,2026-08-02T21:24:00,2026-08-02T21:25:30,2026-08-02T21:25:51,B,H3,Pellet,19991.8,19963.9,90,21
BATCH-20260802-184,2026-08-02T21:24:00,2026-08-02T21:24:41,2026-08-02T21:25:13,B,H1,Ore,19212.2,19235.7,41,32
BATCH-20260802-185,2026-08-02T21:42:00,2026-08-02T21:43:26,2026-08-02T21:44:14,B,H1,Sinter,21948.2,21973.7,86,48
BATCH-20260802-186,2026-08-02T22:06:00,2026-08-02T22:06:35,2026-08-02T22:07:34,C,H4,Sinter,22009.8,21964.1,35,59
BATCH-20260802-187,2026-08-02T22:11:00,2026-08-02T22:12:14,2026-08-02T22:13:08,C,H4,Ore,22855.5,22869.3,74,54
BATCH-20260802-188,2026-08-02T22:12:00,2026-08-02T22:12:32,2026-08-02T22:13:00,C,H1,Limestone,12307.7,12305.2,32,28
BATCH-20260802-189,2026-08-02T22:20:00,2026-08-02T22:21:11,2026-08-02T22:22:01,C,H1,Limestone,13407.3,13418.7,71,50
BATCH-20260802-190,2026-08-02T22:21:00,2026-08-02T22:22:00,2026-08-02T22:22:24,C,H4,Ore,28899.2,28906.5,60,24
BATCH-20260802-191,2026-08-02T22:24:00,2026-08-02T22:25:00,2026-08-02T22:25:35,C,H2,Sinter,15306.1,15211.5,60,35
BATCH-20260802-192,2026-08-02T22:44:00,2026-08-02T22:45:01,2026-08-02T22:45:34,C,H1,Sinter,15995.3,16011.6,61,33
BATCH-20260802-193,2026-08-02T22:47:00,2026-08-02T22:48:17,2026-08-02T22:48:44,C,H2,Pellet,20716.8,20706.3,77,27
BATCH-20260802-194,2026-08-02T23:03:00,2026-08-02T23:03:47,2026-08-02T23:04:17,C,H4,Coke,17167.5,17171.2,47,30
BATCH-20260802-195,2026-08-02T23:06:00,2026-08-02T23:06:53,2026-08-02T23:07:27,C,H2,Limestone,14997.5,15014.0,53,34
BATCH-20260802-196,2026-08-02T23:10:00,2026-08-02T23:10:58,2026-08-02T23:11:44,C,H4,Limestone,13713.5,13696.6,58,46
BATCH-20260802-197,2026-08-02T23:35:00,2026-08-02T23:36:10,2026-08-02T23:36:53,C,H1,Limestone,10356.2,10350.8,70,43
BATCH-20260802-198,2026-08-02T23:38:00,2026-08-02T23:38:40,2026-08-02T23:39:26,C,H3,Limestone,15951.1,15937.7,40,46
BATCH-20260802-199,2026-08-02T23:58:00,2026-08-02T23:59:20,2026-08-03T00:00:06,C,H1,Limestone,11322.5,11326.4,80,46
BATCH-20260802-200,2026-08-02T23:58:00,2026-08-02T23:58:39,2026-08-02T23:59:05,C,H4,Coke,17467.9,17487.2,39,26
BATCH-20260803-001,2026-08-03T00:00:00,2026-08-03T00:01:20,2026-08-03T00:01:58,C,H4,Limestone,14633.8,14670.3,80,38
BATCH-20260803-002,2026-08-03T00:00:00,2026-08-03T00:00:58,2026-08-03T00:01:38,C,H1,Ore,25390.5,25389.2,58,40
BATCH-20260803-003,2026-08-03T00:05:00,2026-08-03T00:06:21,2026-08-03T00:06:56,C,H2,Sinter,17455.5,17486.0,81,35
BATCH-20260803-004,2026-08-03T00:06:00,2026-08-03T00:06:48,2026-08-03T00:07:17,C,H1,Ore,27963.9,27925.7,48,29
BATCH-20260803-005,2026-08-03T00:07:00,2026-08-03T00:08:25,2026-08-03T00:09:05,C,H4,Sinter,16608.5,16602.4,85,40
BATCH-20260803-006,2026-08-03T00:09:00,2026-08-03T00:09:43,2026-08-03T00:10:06,C,H1,Sinter,23608.8,23629.9,43,23
BATCH-20260803-007,2026-08-03T00:10:00,2026-08-03T00:11:03,2026-08-03T00:11:26,C,H4,Coke,13231.2,13220.0,63,23
BATCH-20260803-008,2026-08-03T00:54:00,2026-08-03T00:54:34,2026-08-03T00:55:07,C,H4,Pellet,12776.8,12737.8,34,33
BATCH-20260803-009,2026-08-03T00:59:00,2026-08-03T01:00:02,2026-08-03T01:00:46,C,H4,Pellet,13555.7,13609.2,62,44
BATCH-20260803-010,2026-08-03T01:10:00,2026-08-03T01:10:31,2026-08-03T01:11:11,C,H1,Pellet,16627.2,16637.4,31,40
BATCH-20260803-011,2026-08-03T01:18:00,2026-08-03T01:18:56,2026-08-03T01:19:52,C,H4,Limestone,15431.0,15479.1,56,56
BATCH-20260803-012,2026-08-03T01:20:00,2026-08-03T01:21:28,2026-08-03T01:22:03,C,H1,Coke,13980.8,13990.4,88,35
BATCH-20260803-013,2026-08-03T01:32:00,2026-08-03T01:33:24,2026-08-03T01:34:23,C,H2,Ore,24886.4,24874.7,84,59
BATCH-20260803-014,2026-08-03T01:37:00,2026-08-03T01:38:17,2026-08-03T01:38:53,C,H2,Sinter,20625.8,20548.8,77,36
BATCH-20260803-015,2026-08-03T01:40:00,2026-08-03T01:41:04,2026-08-03T01:42:03,C,H3,Pellet,12367.0,12477.2,64,59
BATCH-20260803-016,2026-08-03T01:43:00,2026-08-03T01:44:05,2026-08-03T01:44:48,C,H2,Sinter,19586.1,19551.1,65,43
BATCH-20260803-017,2026-08-03T01:43:00,2026-08-03T01:44:00,2026-08-03T01:44:45,C,H2,Ore,28873.9,28912.8,60,45
BATCH-20260803-018,2026-08-03T01:48:00,2026-08-03T01:49:24,2026-08-03T01:49:49,C,H3,Ore,29311.1,29324.2,84,25
BATCH-20260803-019,2026-08-03T01:48:00,2026-08-03T01:49:06,2026-08-03T01:49:42,C,H4,Sinter,19039.9,19015.8,66,36
BATCH-20260803-020,2026-08-03T01:52:00,2026-08-03T01:53:11,2026-08-03T01:53:47,C,H3,Sinter,20267.0,20240.5,71,36
BATCH-20260803-021,2026-08-03T01:54:00,2026-08-03T01:55:17,2026-08-03T01:55:56,C,H2,Sinter,15983.6,16021.9,77,39
BATCH-20260803-022,2026-08-03T02:02:00,2026-08-03T02:02:59,2026-08-03T02:03:28,C,H4,Coke,13720.3,13822.9,59,29
BATCH-20260803-023,2026-08-03T02:24:00,2026-08-03T02:24:51,2026-08-03T02:25:21,C,H1,Ore,21541.0,21572.1,51,30
BATCH-20260803-024,2026-08-03T02:27:00,2026-08-03T02:28:17,2026-08-03T02:28:44,C,H4,Pellet,20777.7,20760.0,77,27
BATCH-20260803-025,2026-08-03T02:36:00,2026-08-03T02:37:17,2026-08-03T02:37:49,C,H2,Sinter,18914.3,18882.7,77,32
BATCH-20260803-026,2026-08-03T02:50:00,2026-08-03T02:51:09,2026-08-03T02:51:42,C,H1,Coke,12270.0,12278.3,69,33
BATCH-20260803-027,2026-08-03T03:12:00,2026-08-03T03:13:19,2026-08-03T03:14:13,C,H2,Coke,11717.6,11736.1,79,54
BATCH-20260803-028,2026-08-03T03:14:00,2026-08-03T03:14:54,2026-08-03T03:15:21,C,H4,Pellet,17526.7,17487.0,54,27
BATCH-20260803-029,2026-08-03T03:16:00,2026-08-03T03:16:42,2026-08-03T03:17:27,C,H4,Ore,25114.5,25054.3,42,45
BATCH-20260803-030,2026-08-03T03:27:00,2026-08-03T03:28:03,2026-08-03T03:29:00,C,H3,Pellet,15263.0,15212.4,63,57
BATCH-20260803-031,2026-08-03T03:30:00,2026-08-03T03:31:13,2026-08-03T03:32:04,C,H3,Coke,15938.2,15905.9,73,51
BATCH-20260803-032,2026-08-03T03:30:00,2026-08-03T03:30:59,2026-08-03T03:31:38,C,H1,Limestone,11186.3,11239.3,59,39
BATCH-20260803-033,2026-08-03T03:41:00,2026-08-03T03:41:47,2026-08-03T03:42:40,C,H2,Coke,14869.0,14915.8,47,53
BATCH-20260803-034,2026-08-03T03:43:00,2026-08-03T03:43:43,2026-08-03T03:44:21,C,H3,Pellet,17531.0,17554.4,43,38
BATCH-20260803-035,2026-08-03T04:10:00,2026-08-03T04:10:44,2026-08-03T04:11:32,C,H2,Pellet,12091.2,12101.7,44,48
BATCH-20260803-036,2026-08-03T04:14:00,2026-08-03T04:15:20,2026-08-03T04:16:09,C,H2,Ore,20056.6,20044.6,80,49
BATCH-20260803-037,2026-08-03T04:16:00,2026-08-03T04:16:33,2026-08-03T04:17:08,C,H3,Coke,17379.5,17476.1,33,35
BATCH-20260803-038,2026-08-03T04:26:00,2026-08-03T04:27:02,2026-08-03T04:27:28,C,H4,Coke,12531.8,12534.1,62,26
BATCH-20260803-039,2026-08-03T04:27:00,2026-08-03T04:27:58,2026-08-03T04:28:37,C,H4,Sinter,20984.9,20725.1,58,39
BATCH-20260803-040,2026-08-03T04:30:00,2026-08-03T04:30:46,2026-08-03T04:31:13,C,H3,Sinter,17600.0,17462.9,46,27
BATCH-20260803-041,2026-08-03T04:48:00,2026-08-03T04:49:30,2026-08-03T04:49:56,C,H3,Coke,17825.0,17933.8,90,26
BATCH-20260803-042,2026-08-03T05:00:00,2026-08-03T05:00:47,2026-08-03T05:01:47,C,H1,Coke,12992.5,13027.9,47,60
BATCH-20260803-043,2026-08-03T05:06:00,2026-08-03T05:07:00,2026-08-03T05:07:59,C,H2,Coke,13222.0,13169.7,60,59
BATCH-20260803-044,2026-08-03T05:09:00,2026-08-03T05:10:07,2026-08-03T05:10:48,C,H1,Limestone,12325.4,12350.8,67,41
BATCH-20260803-045,2026-08-03T05:10:00,2026-08-03T05:11:19,2026-08-03T05:11:59,C,H2,Ore,23069.2,23066.5,79,40
BATCH-20260803-046,2026-08-03T05:10:00,2026-08-03T05:11:09,2026-08-03T05:11:51,C,H2,Sinter,16150.4,16152.2,69,42
BATCH-20260803-047,2026-08-03T05:25:00,2026-08-03T05:25:45,2026-08-03T05:26:20,C,H3,Ore,24265.1,24313.3,45,35
BATCH-20260803-048,2026-08-03T05:33:00,2026-08-03T05:34:06,2026-08-03T05:34:56,C,H2,Coke,11780.3,11786.7,66,50
BATCH-20260803-049,2026-08-03T05:57:00,2026-08-03T05:57:38,2026-08-03T05:58:12,C,H2,Pellet,21913.9,21890.9,38,34
BATCH-20260803-050,2026-08-03T06:01:00,2026-08-03T06:02:26,2026-08-03T06:02:55,A,H4,Limestone,13337.1,13396.6,86,29
BATCH-20260803-051,2026-08-03T06:04:00,2026-08-03T06:05:26,2026-08-03T06:06:01,A,H1,Ore,25953.2,25891.4,86,35
BATCH-20260803-052,2026-08-03T06:04:00,2026-08-03T06:05:16,2026-08-03T06:06:01,A,H1,Sinter,22993.3,23008.7,76,45
BATCH-20260803-053,2026-08-03T06:06:00,2026-08-03T06:07:26,2026-08-03T06:08:14,A,H2,Limestone,14353.7,14317.6,86,48
BATCH-20260803-054,2026-08-03T06:08:00,2026-08-03T06:08:39,2026-08-03T06:09:01,A,H3,Ore,23259.0,23336.3,39,22
BATCH-20260803-055,2026-08-03T06:13:00,2026-08-03T06:14:03,2026-08-03T06:14:31,A,H4,Ore,22011.7,21965.7,63,28
BATCH-20260803-056,2026-08-03T06:15:00,2026-08-03T06:16:09,2026-08-03T06:17:08,A,H3,Sinter,20265.6,20325.6,69,59
BATCH-20260803-057,2026-08-03T06:21:00,2026-08-03T06:21:45,2026-08-03T06:22:06,A,H1,Limestone,12416.1,12484.3,45,21
BATCH-20260803-058,2026-08-03T06:28:00,2026-08-03T06:29:14,2026-08-03T06:29:51,A,H3,Pellet,17238.2,17229.5,74,37
BATCH-20260803-059,2026-08-03T06:30:00,2026-08-03T06:30:58,2026-08-03T06:31:35,A,H3,Ore,25617.3,25593.9,58,37
BATCH-20260803-060,2026-08-03T06:36:00,2026-08-03T06:37:12,2026-08-03T06:37:48,A,H2,Limestone,10460.8,10512.6,72,36
BATCH-20260803-061,2026-08-03T06:51:00,2026-08-03T06:51:55,2026-08-03T06:52:45,A,H1,Sinter,23207.3,23190.7,55,50
BATCH-20260803-062,2026-08-03T06:51:00,2026-08-03T06:52:24,2026-08-03T06:52:59,A,H1,Pellet,16245.1,16350.5,84,35
BATCH-20260803-063,2026-08-03T06:57:00,2026-08-03T06:57:58,2026-08-03T06:58:27,A,H1,Sinter,19704.4,19582.5,58,29
BATCH-20260803-064,2026-08-03T06:59:00,2026-08-03T06:59:42,2026-08-03T07:00:39,A,H4,Coke,12402.6,12393.1,42,57
BATCH-20260803-065,2026-08-03T07:00:00,2026-08-03T07:01:08,2026-08-03T07:01:47,A,H4,Coke,14876.2,14886.4,68,39
BATCH-20260803-066,2026-08-03T07:12:00,2026-08-03T07:13:19,2026-08-03T07:13:59,A,H2,Sinter,22051.2,22106.5,79,40
BATCH-20260803-067,2026-08-03T07:24:00,2026-08-03T07:24:30,2026-08-03T07:24:59,A,H1,Ore,21856.0,21863.1,30,29
BATCH-20260803-068,2026-08-03T07:39:00,2026-08-03T07:39:32,2026-08-03T07:40:14,A,H4,Sinter,20069.4,20066.2,32,42
BATCH-20260803-069,2026-08-03T07:46:00,2026-08-03T07:47:19,2026-08-03T07:48:03,A,H1,Pellet,21211.9,21279.2,79,44
BATCH-20260803-070,2026-08-03T08:00:00,2026-08-03T08:00:40,2026-08-03T08:01:22,A,H3,Limestone,15824.4,15757.2,40,42
BATCH-20260803-071,2026-08-03T08:08:00,2026-08-03T08:09:30,2026-08-03T08:10:29,A,H3,Coke,16914.5,16915.2,90,59
BATCH-20260803-072,2026-08-03T08:10:00,2026-08-03T08:10:44,2026-08-03T08:11:39,A,H4,Pellet,20264.6,20353.9,44,55
BATCH-20260803-073,2026-08-03T08:17:00,2026-08-03T08:17:34,2026-08-03T08:18:15,A,H1,Sinter,21682.0,21761.1,34,41
BATCH-20260803-074,2026-08-03T08:22:00,2026-08-03T08:22:59,2026-08-03T08:23:46,A,H2,Ore,20783.1,20350.3,59,47
BATCH-20260803-075,2026-08-03T08:24:00,2026-08-03T08:25:11,2026-08-03T08:25:43,A,H3,Sinter,17265.4,17213.2,71,32
BATCH-20260803-076,2026-08-03T08:33:00,2026-08-03T08:33:38,2026-08-03T08:34:33,A,H2,Pellet,12593.3,12627.7,38,55
BATCH-20260803-077,2026-08-03T08:43:00,2026-08-03T08:43:57,2026-08-03T08:44:47,A,H2,Limestone,15547.3,15476.7,57,50
BATCH-20260803-078,2026-08-03T08:46:00,2026-08-03T08:46:52,2026-08-03T08:47:28,A,H3,Sinter,19150.2,19154.4,52,36
BATCH-20260803-079,2026-08-03T08:52:00,2026-08-03T08:52:40,2026-08-03T08:53:23,A,H4,Ore,18096.4,18074.3,40,43
BATCH-20260803-080,2026-08-03T09:00:00,2026-08-03T09:00:51,2026-08-03T09:01:21,A,H3,Pellet,19686.3,19682.9,51,30
BATCH-20260803-081,2026-08-03T09:17:00,2026-08-03T09:18:19,2026-08-03T09:18:45,A,H3,Sinter,17445.9,17374.0,79,26
BATCH-20260803-082,2026-08-03T09:23:00,2026-08-03T09:23:30,2026-08-03T09:23:57,A,H1,Pellet,16474.2,16480.1,30,27
BATCH-20260803-083,2026-08-03T09:24:00,2026-08-03T09:25:25,2026-08-03T09:26:19,A,H4,Ore,24532.7,24581.2,85,54
BATCH-20260803-084,2026-08-03T09:41:00,2026-08-03T09:42:22,2026-08-03T09:42:47,A,H2,Ore,28882.4,28859.6,82,25
BATCH-20260803-085,2026-08-03T09:50:00,2026-08-03T09:51:16,2026-08-03T09:51:47,A,H3,Coke,17310.1,17287.0,76,31
BATCH-20260803-086,2026-08-03T09:56:00,2026-08-03T09:57:22,2026-08-03T09:57:46,A,H3,Coke,16140.7,16167.0,82,24
BATCH-20260803-087,2026-08-03T10:02:00,2026-08-03T10:03:09,2026-08-03T10:03:43,A,H1,Ore,21821.4,21754.1,69,34
BATCH-20260803-088,2026-08-03T10:03:00,2026-08-03T10:04:19,2026-08-03T10:04:54,A,H2,Sinter,24417.0,24456.9,79,35
BATCH-20260803-089,2026-08-03T10:14:00,2026-08-03T10:15:20,2026-08-03T10:15:46,A,H4,Ore,29464.9,29467.6,80,26
BATCH-20260803-090,2026-08-03T10:19:00,2026-08-03T10:20:02,2026-08-03T10:20:49,A,H2,Ore,24001.3,24026.0,62,47
BATCH-20260803-091,2026-08-03T10:21:00,2026-08-03T10:22:24,2026-08-03T10:23:22,A,H3,Coke,13733.6,13709.9,84,58
BATCH-20260803-092,2026-08-03T10:29:00,2026-08-03T10:30:29,2026-08-03T10:30:58,A,H1,Coke,11748.6,11759.8,89,29
BATCH-20260803-093,2026-08-03T10:30:00,2026-08-03T10:30:39,2026-08-03T10:31:33,A,H2,Pellet,16525.6,16513.0,39,54
BATCH-20260803-094,2026-08-03T10:34:00,2026-08-03T10:35:30,2026-08-03T10:36:26,A,H2,Coke,15913.5,15841.2,90,56
BATCH-20260803-095,2026-08-03T10:38:00,2026-08-03T10:38:33,2026-08-03T10:39:19,A,H1,Ore,18888.4,18881.0,33,46
BATCH-20260803-096,2026-08-03T10:42:00,2026-08-03T10:43:16,2026-08-03T10:44:03,A,H2,Sinter,18085.9,18150.2,76,47
BATCH-20260803-097,2026-08-03T10:49:00,2026-08-03T10:50:05,2026-08-03T10:50:27,A,H3,Pellet,19608.1,19609.5,65,22
BATCH-20260803-098,2026-08-03T11:01:00,2026-08-03T11:02:04,2026-08-03T11:02:26,A,H1,Sinter,15547.9,15558.4,64,22
BATCH-20260803-099,2026-08-03T11:15:00,2026-08-03T11:15:30,2026-08-03T11:15:59,A,H1,Limestone,12297.7,12215.7,30,29
BATCH-20260803-100,2026-08-03T11:26:00,2026-08-03T11:27:14,2026-08-03T11:28:06,A,H3,Limestone,13461.9,13602.5,74,52
BATCH-20260803-101,2026-08-03T11:32:00,2026-08-03T11:33:17,2026-08-03T11:33:42,A,H3,Limestone,14419.9,14513.1,77,25
BATCH-20260803-102,2026-08-03T11:37:00,2026-08-03T11:38:05,2026-08-03T11:38:57,A,H3,Sinter,21673.0,21669.3,65,52
BATCH-20260803-103,2026-08-03T11:41:00,2026-08-03T11:42:26,2026-08-03T11:42:46,A,H2,Pellet,18366.1,18395.5,86,20
BATCH-20260803-104,2026-08-03T11:49:00,2026-08-03T11:49:35,2026-08-03T11:50:05,A,H3,Sinter,15234.8,15246.6,35,30
BATCH-20260803-105,2026-08-03T12:07:00,2026-08-03T12:08:16,2026-08-03T12:08:52,A,H3,Ore,26334.4,26263.2,76,36
BATCH-20260803-106,2026-08-03T12:12:00,2026-08-03T12:12:53,2026-08-03T12:13:23,A,H1,Coke,15217.3,15253.6,53,30
BATCH-20260803-107,2026-08-03T12:13:00,2026-08-03T12:13:46,2026-08-03T12:14:31,A,H3,Ore,18843.9,18778.0,46,45
BATCH-20260803-108,2026-08-03T12:21:00,2026-08-03T12:21:36,2026-08-03T12:22:35,A,H3,Pellet,13358.1,13377.7,36,59
BATCH-20260803-109,2026-08-03T12:32:00,2026-08-03T12:32:54,2026-08-03T12:33:20,A,H2,Ore,23757.1,23683.3,54,26
BATCH-20260803-110,2026-08-03T12:38:00,2026-08-03T12:38:33,2026-08-03T12:38:55,A,H2,Ore,29954.8,29962.3,33,22
BATCH-20260803-111,2026-08-03T12:38:00,2026-08-03T12:38:49,2026-08-03T12:39:43,A,H2,Sinter,24350.3,24374.6,49,54
BATCH-20260803-112,2026-08-03T13:06:00,2026-08-03T13:06:44,2026-08-03T13:07:19,A,H4,Limestone,13009.2,13021.0,44,35
BATCH-20260803-113,2026-08-03T13:21:00,2026-08-03T13:21:40,2026-08-03T13:22:13,A,H4,Limestone,13671.7,13670.3,40,33
BATCH-20260803-114,2026-08-03T13:24:00,2026-08-03T13:24:57,2026-08-03T13:25:27,A,H4,Ore,20374.2,20388.8,57,30
BATCH-20260803-115,2026-08-03T13:25:00,2026-08-03T13:26:19,2026-08-03T13:26:52,A,H3,Ore,29246.9,29225.6,79,33
BATCH-20260803-116,2026-08-03T13:26:00,2026-08-03T13:27:00,2026-08-03T13:27:32,A,H3,Limestone,12081.8,12037.7,60,32
BATCH-20260803-117,2026-08-03T13:31:00,2026-08-03T13:32:19,2026-08-03T13:32:58,A,H1,Coke,13851.6,13743.8,79,39
BATCH-20260803-118,2026-08-03T13:42:00,2026-08-03T13:43:30,2026-08-03T13:44:12,A,H1,Coke,12046.3,12093.0,90,42
BATCH-20260803-119,2026-08-03T13:42:00,2026-08-03T13:43:25,2026-08-03T13:44:18,A,H3,Sinter,19789.7,19791.9,85,53
BATCH-20260803-120,2026-08-03T13:44:00,2026-08-03T13:44:50,2026-08-03T13:45:25,A,H4,Coke,13861.0,13789.7,50,35
BATCH-20260803-121,2026-08-03T13:44:00,2026-08-03T13:45:08,2026-08-03T13:46:00,A,H4,Sinter,20148.0,20173.8,68,52
BATCH-20260803-122,2026-08-03T13:45:00,2026-08-03T13:46:05,2026-08-03T13:46:58,A,H2,Pellet,14861.1,14807.3,65,53
BATCH-20260803-123,2026-08-03T13:49:00,2026-08-03T13:50:19,2026-08-03T13:51:19,A,H1,Pellet,14673.0,14619.0,79,60
BATCH-20260803-124,2026-08-03T13:59:00,2026-08-03T13:59:55,2026-08-03T14:00:25,A,H1,Limestone,14069.2,14084.4,55,30
BATCH-20260803-125,2026-08-03T14:01:00,2026-08-03T14:02:07,2026-08-03T14:03:05,B,H2,Limestone,13470.3,13397.6,67,58
BATCH-20260803-126,2026-08-03T14:07:00,2026-08-03T14:07:44,2026-08-03T14:08:05,B,H2,Coke,15465.9,15475.2,44,21
BATCH-20260803-127,2026-08-03T14:07:00,2026-08-03T14:07:55,2026-08-03T14:08:36,B,H3,Ore,20913.4,20950.8,55,41
BATCH-20260803-128,2026-08-03T14:21:00,2026-08-03T14:21:52,2026-08-03T14:22:17,B,H3,Ore,27978.2,27985.7,52,25
BATCH-20260803-129,2026-08-03T14:45:00,2026-08-03T14:46:05,2026-08-03T14:46:51,B,H2,Limestone,11157.9,11179.7,65,46
BATCH-20260803-130,2026-08-03T14:53:00,2026-08-03T14:53:39,2026-08-03T14:54:38,B,H1,Pellet,17907.0,17938.8,39,59
BATCH-20260803-131,2026-08-03T15:04:00,2026-08-03T15:04:54,2026-08-03T15:05:48,B,H2,Sinter,22223.4,22278.8,54,54
BATCH-20260803-132,2026-08-03T15:07:00,2026-08-03T15:08:11,2026-08-03T15:08:53,B,H4,Ore,21004.0,21020.6,71,42
BATCH-20260803-133,2026-08-03T15:09:00,2026-08-03T15:10:23,2026-08-03T15:11:03,B,H2,Coke,16443.2,16423.0,83,40
BATCH-20260803-134,2026-08-03T15:34:00,2026-08-03T15:35:17,2026-08-03T15:35:47,B,H4,Ore,19480.1,19542.3,77,30
BATCH-20260803-135,2026-08-03T15:40:00,2026-08-03T15:41:13,2026-08-03T15:41:57,B,H2,Coke,13365.2,13401.2,73,44
BATCH-20260803-136,2026-08-03T15:40:00,2026-08-03T15:40:56,2026-08-03T15:41:21,B,H3,Sinter,20293.0,20235.2,56,25
BATCH-20260803-137,2026-08-03T16:00:00,2026-08-03T16:01:20,2026-08-03T16:01:43,B,H3,Pellet,16099.6,16116.6,80,23
BATCH-20260803-138,2026-08-03T16:03:00,2026-08-03T16:03:42,2026-08-03T16:04:09,B,H4,Coke,15482.4,15480.5,42,27
BATCH-20260803-139,2026-08-03T16:08:00,2026-08-03T16:08:48,2026-08-03T16:09:41,B,H4,Coke,17598.3,17557.2,48,53
BATCH-20260803-140,2026-08-03T16:17:00,2026-08-03T16:18:03,2026-08-03T16:18:59,B,H4,Pellet,21397.0,21366.4,63,56
BATCH-20260803-141,2026-08-03T16:47:00,2026-08-03T16:47:52,2026-08-03T16:48:52,B,H1,Ore,21527.4,21565.0,52,60
BATCH-20260803-142,2026-08-03T16:48:00,2026-08-03T16:48:51,2026-08-03T16:49:17,B,H3,Pellet,20915.9,20980.8,51,26
BATCH-20260803-143,2026-08-03T16:49:00,2026-08-03T16:49:39,2026-08-03T16:50:05,B,H1,Ore,27535.0,27562.4,39,26
BATCH-20260803-144,2026-08-03T16:52:00,2026-08-03T16:52:57,2026-08-03T16:53:57,B,H1,Limestone,13369.3,13478.4,57,60
BATCH-20260803-145,2026-08-03T16:54:00,2026-08-03T16:55:05,2026-08-03T16:55:57,B,H2,Pellet,17883.6,17862.3,65,52
BATCH-20260803-146,2026-08-03T16:56:00,2026-08-03T16:56:41,2026-08-03T16:57:05,B,H1,Ore,26999.1,26917.1,41,24
BATCH-20260803-147,2026-08-03T16:57:00,2026-08-03T16:57:59,2026-08-03T16:58:34,B,H4,Coke,17266.9,17283.5,59,35
BATCH-20260803-148,2026-08-03T17:05:00,2026-08-03T17:06:04,2026-08-03T17:06:57,B,H2,Coke,12119.1,11898.2,64,53
BATCH-20260803-149,2026-08-03T17:29:00,2026-08-03T17:30:18,2026-08-03T17:30:52,B,H3,Sinter,18984.4,19003.4,78,34
BATCH-20260803-150,2026-08-03T17:37:00,2026-08-03T17:38:25,2026-08-03T17:39:21,B,H2,Ore,27001.0,26897.2,85,56
BATCH-20260803-151,2026-08-03T17:47:00,2026-08-03T17:47:30,2026-08-03T17:48:20,B,H3,Ore,23079.9,23102.8,30,50
BATCH-20260803-152,2026-08-03T17:53:00,2026-08-03T17:53:36,2026-08-03T17:54:27,B,H4,Coke,10056.4,10040.4,36,51
BATCH-20260803-153,2026-08-03T17:55:00,2026-08-03T17:56:27,2026-08-03T17:57:22,B,H3,Sinter,21221.5,21251.5,87,55
BATCH-20260803-154,2026-08-03T18:04:00,2026-08-03T18:05:20,2026-08-03T18:05:51,B,H1,Coke,15861.1,15763.8,80,31
BATCH-20260803-155,2026-08-03T18:09:00,2026-08-03T18:10:05,2026-08-03T18:10:31,B,H4,Ore,26629.8,26565.2,65,26
BATCH-20260803-156,2026-08-03T18:14:00,2026-08-03T18:15:16,2026-08-03T18:15:38,B,H4,Coke,12575.7,12513.5,76,22
BATCH-20260803-157,2026-08-03T18:24:00,2026-08-03T18:24:56,2026-08-03T18:25:38,B,H1,Pellet,20741.6,20754.0,56,42
BATCH-20260803-158,2026-08-03T18:24:00,2026-08-03T18:24:44,2026-08-03T18:25:30,B,H4,Sinter,23229.3,23235.8,44,46
BATCH-20260803-159,2026-08-03T18:24:00,2026-08-03T18:24:56,2026-08-03T18:25:32,B,H2,Limestone,13462.3,13420.8,56,36
BATCH-20260803-160,2026-08-03T18:26:00,2026-08-03T18:27:04,2026-08-03T18:27:46,B,H2,Limestone,11747.0,11801.0,64,42
BATCH-20260803-161,2026-08-03T18:35:00,2026-08-03T18:36:12,2026-08-03T18:36:35,B,H3,Pellet,13090.1,13187.9,72,23
BATCH-20260803-162,2026-08-03T18:41:00,2026-08-03T18:42:29,2026-08-03T18:42:50,B,H2,Limestone,13674.0,13636.4,89,21
BATCH-20260803-163,2026-08-03T18:41:00,2026-08-03T18:42:04,2026-08-03T18:42:32,B,H2,Coke,17422.2,17417.9,64,28
BATCH-20260803-164,2026-08-03T18:48:00,2026-08-03T18:48:55,2026-08-03T18:49:19,B,H2,Limestone,14025.0,14040.3,55,24
BATCH-20260803-165,2026-08-03T19:01:00,2026-08-03T19:02:04,2026-08-03T19:02:54,B,H1,Coke,16519.3,16498.6,64,50
BATCH-20260803-166,2026-08-03T19:01:00,2026-08-03T19:01:58,2026-08-03T19:02:57,B,H1,Pellet,18554.0,18593.4,58,59
BATCH-20260803-167,2026-08-03T19:17:00,2026-08-03T19:17:57,2026-08-03T19:18:32,B,H4,Ore,18118.9,18040.0,57,35
BATCH-20260803-168,2026-08-03T19:22:00,2026-08-03T19:23:19,2026-08-03T19:23:55,B,H4,Pellet,20097.1,20058.0,79,36
BATCH-20260803-169,2026-08-03T19:23:00,2026-08-03T19:23:54,2026-08-03T19:24:54,B,H4,Ore,28102.9,28222.0,54,60
BATCH-20260803-170,2026-08-03T19:26:00,2026-08-03T19:27:22,2026-08-03T19:27:45,B,H4,Limestone,14049.8,14065.3,82,23
BATCH-20260803-171,2026-08-03T19:26:00,2026-08-03T19:27:05,2026-08-03T19:27:40,B,H2,Limestone,12549.8,12482.6,65,35
BATCH-20260803-172,2026-08-03T19:41:00,2026-08-03T19:42:21,2026-08-03T19:42:44,B,H3,Ore,24466.2,24416.0,81,23
BATCH-20260803-173,2026-08-03T19:51:00,2026-08-03T19:52:02,2026-08-03T19:52:45,B,H4,Limestone,15298.3,15356.1,62,43
BATCH-20260803-174,2026-08-03T19:55:00,2026-08-03T19:56:00,2026-08-03T19:56:51,B,H3,Coke,10801.2,10812.6,60,51
BATCH-20260803-175,2026-08-03T20:07:00,2026-08-03T20:08:16,2026-08-03T20:09:14,B,H1,Coke,11779.0,11797.3,76,58
BATCH-20260803-176,2026-08-03T20:08:00,2026-08-03T20:08:59,2026-08-03T20:09:46,B,H3,Sinter,20484.5,20497.2,59,47
BATCH-20260803-177,2026-08-03T20:10:00,2026-08-03T20:10:43,2026-08-03T20:11:40,B,H4,Pellet,16485.6,16500.9,43,57
BATCH-20260803-178,2026-08-03T20:22:00,2026-08-03T20:23:14,2026-08-03T20:23:48,B,H3,Ore,29844.6,29907.5,74,34
BATCH-20260803-179,2026-08-03T20:28:00,2026-08-03T20:28:51,2026-08-03T20:29:19,B,H2,Limestone,13673.5,13770.3,51,28
BATCH-20260803-180,2026-08-03T20:34:00,2026-08-03T20:35:03,2026-08-03T20:35:25,B,H2,Ore,21335.1,21260.8,63,22
BATCH-20260803-181,2026-08-03T20:39:00,2026-08-03T20:40:09,2026-08-03T20:40:46,B,H2,Coke,13313.9,13263.9,69,37
BATCH-20260803-182,2026-08-03T20:42:00,2026-08-03T20:43:11,2026-08-03T20:44:03,B,H4,Pellet,21987.1,21989.0,71,52
BATCH-20260803-183,2026-08-03T20:56:00,2026-08-03T20:56:35,2026-08-03T20:57:19,B,H4,Limestone,13532.7,13469.0,35,44
BATCH-20260803-184,2026-08-03T21:21:00,2026-08-03T21:22:09,2026-08-03T21:22:52,B,H2,Pellet,17240.3,17218.3,69,43
BATCH-20260803-185,2026-08-03T21:25:00,2026-08-03T21:26:06,2026-08-03T21:26:57,B,H4,Sinter,17348.4,17425.1,66,51
BATCH-20260803-186,2026-08-03T21:42:00,2026-08-03T21:42:49,2026-08-03T21:43:13,B,H1,Sinter,19937.9,19889.1,49,24
BATCH-20260803-187,2026-08-03T21:46:00,2026-08-03T21:47:13,2026-08-03T21:48:08,B,H1,Ore,28205.3,28196.5,73,55
BATCH-20260803-188,2026-08-03T21:52:00,2026-08-03T21:53:22,2026-08-03T21:53:42,B,H1,Limestone,10210.7,10238.0,82,20
BATCH-20260803-189,2026-08-03T21:57:00,2026-08-03T21:57:37,2026-08-03T21:58:09,B,H4,Pellet,12049.7,12067.7,37,32
BATCH-20260803-190,2026-08-03T22:07:00,2026-08-03T22:07:45,2026-08-03T22:08:06,C,H3,Pellet,13227.8,13093.8,45,21
BATCH-20260803-191,2026-08-03T22:35:00,2026-08-03T22:36:26,2026-08-03T22:37:08,C,H1,Ore,23428.8,23384.6,86,42
BATCH-20260803-192,2026-08-03T22:53:00,2026-08-03T22:53:51,2026-08-03T22:54:20,C,H3,Limestone,12697.3,12650.1,51,29
BATCH-20260803-193,2026-08-03T22:53:00,2026-08-03T22:54:18,2026-08-03T22:54:45,C,H4,Pellet,13784.0,13739.9,78,27
BATCH-20260803-194,2026-08-03T22:56:00,2026-08-03T22:56:37,2026-08-03T22:57:03,C,H2,Pellet,20127.0,19939.5,37,26
BATCH-20260803-195,2026-08-03T23:09:00,2026-08-03T23:10:00,2026-08-03T23:10:48,C,H4,Pellet,21964.7,22118.6,60,48
BATCH-20260803-196,2026-08-03T23:11:00,2026-08-03T23:11:36,2026-08-03T23:11:56,C,H2,Sinter,20941.3,20979.1,36,20
BATCH-20260803-197,2026-08-03T23:15:00,2026-08-03T23:15:40,2026-08-03T23:16:16,C,H1,Ore,27545.2,27544.2,40,36
BATCH-20260803-198,2026-08-03T23:26:00,2026-08-03T23:26:32,2026-08-03T23:26:53,C,H1,Ore,25958.0,26004.4,32,21
BATCH-20260803-199,2026-08-03T23:39:00,2026-08-03T23:39:30,2026-08-03T23:40:23,C,H3,Pellet,15392.4,15455.4,30,53
BATCH-20260803-200,2026-08-03T23:50:00,2026-08-03T23:50:52,2026-08-03T23:51:21,C,H2,Pellet,13647.5,13688.3,52,29
BATCH-20260804-001,2026-08-04T00:03:00,2026-08-04T00:04:12,2026-08-04T00:04:51,C,H2,Pellet,14237.8,14162.1,72,39
BATCH-20260804-002,2026-08-04T00:04:00,2026-08-04T00:05:22,2026-08-04T00:06:08,C,H4,Pellet,19817.9,19797.0,82,46
BATCH-20260804-003,2026-08-04T00:07:00,2026-08-04T00:08:16,2026-08-04T00:08:42,C,H3,Pellet,12360.4,12356.7,76,26
BATCH-20260804-004,2026-08-04T00:26:00,2026-08-04T00:26:30,2026-08-04T00:27:11,C,H1,Ore,18945.3,18881.2,30,41
BATCH-20260804-005,2026-08-04T00:31:00,2026-08-04T00:32:17,2026-08-04T00:32:46,C,H2,Limestone,14402.4,14372.5,77,29
BATCH-20260804-006,2026-08-04T00:31:00,2026-08-04T00:32:21,2026-08-04T00:33:11,C,H3,Ore,23698.0,23661.5,81,50
BATCH-20260804-007,2026-08-04T00:33:00,2026-08-04T00:34:24,2026-08-04T00:35:01,C,H4,Pellet,21576.4,21553.5,84,37
BATCH-20260804-008,2026-08-04T00:46:00,2026-08-04T00:47:02,2026-08-04T00:47:39,C,H3,Coke,17115.1,17086.6,62,37
BATCH-20260804-009,2026-08-04T00:47:00,2026-08-04T00:48:00,2026-08-04T00:48:56,C,H4,Limestone,15471.5,15450.3,60,56
BATCH-20260804-010,2026-08-04T01:02:00,2026-08-04T01:03:06,2026-08-04T01:03:31,C,H3,Ore,26986.8,26975.0,66,25
BATCH-20260804-011,2026-08-04T01:04:00,2026-08-04T01:05:16,2026-08-04T01:05:58,C,H4,Limestone,12285.1,12304.8,76,42
BATCH-20260804-012,2026-08-04T01:11:00,2026-08-04T01:11:32,2026-08-04T01:12:30,C,H4,Sinter,18076.0,18046.8,32,58
BATCH-20260804-013,2026-08-04T01:19:00,2026-08-04T01:20:18,2026-08-04T01:20:45,C,H1,Ore,21101.0,20997.7,78,27
BATCH-20260804-014,2026-08-04T01:22:00,2026-08-04T01:23:18,2026-08-04T01:23:55,C,H3,Ore,23490.2,23434.6,78,37
BATCH-20260804-015,2026-08-04T01:31:00,2026-08-04T01:32:08,2026-08-04T01:32:51,C,H2,Coke,11004.9,10948.9,68,43
BATCH-20260804-016,2026-08-04T01:39:00,2026-08-04T01:40:21,2026-08-04T01:41:13,C,H3,Ore,28388.0,28443.6,81,52
BATCH-20260804-017,2026-08-04T01:55:00,2026-08-04T01:56:15,2026-08-04T01:56:55,C,H3,Limestone,11362.0,11421.2,75,40
BATCH-20260804-018,2026-08-04T01:58:00,2026-08-04T01:58:38,2026-08-04T01:59:15,C,H1,Pellet,13338.2,13262.9,38,37
BATCH-20260804-019,2026-08-04T02:00:00,2026-08-04T02:01:05,2026-08-04T02:01:38,C,H4,Coke,15159.7,15189.9,65,33
BATCH-20260804-020,2026-08-04T02:03:00,2026-08-04T02:03:36,2026-08-04T02:04:08,C,H1,Coke,15611.8,15649.7,36,32
BATCH-20260804-021,2026-08-04T02:16:00,2026-08-04T02:16:55,2026-08-04T02:17:27,C,H2,Pellet,14808.4,14778.7,55,32
BATCH-20260804-022,2026-08-04T02:18:00,2026-08-04T02:18:52,2026-08-04T02:19:51,C,H3,Sinter,16498.0,16492.7,52,59
BATCH-20260804-023,2026-08-04T02:30:00,2026-08-04T02:30:31,2026-08-04T02:31:11,C,H3,Ore,28868.7,28585.0,31,40
BATCH-20260804-024,2026-08-04T02:35:00,2026-08-04T02:35:47,2026-08-04T02:36:44,C,H4,Sinter,18732.6,18708.2,47,57
BATCH-20260804-025,2026-08-04T02:48:00,2026-08-04T02:49:03,2026-08-04T02:49:40,C,H3,Sinter,15258.7,15292.0,63,37
BATCH-20260804-026,2026-08-04T02:50:00,2026-08-04T02:51:16,2026-08-04T02:51:50,C,H1,Sinter,23986.2,24041.9,76,34
BATCH-20260804-027,2026-08-04T03:03:00,2026-08-04T03:04:29,2026-08-04T03:05:10,C,H1,Sinter,17464.9,17434.9,89,41
BATCH-20260804-028,2026-08-04T03:21:00,2026-08-04T03:22:11,2026-08-04T03:23:00,C,H4,Limestone,10927.5,10884.4,71,49
BATCH-20260804-029,2026-08-04T03:28:00,2026-08-04T03:29:29,2026-08-04T03:30:00,C,H2,Ore,23699.0,23656.0,89,31
BATCH-20260804-030,2026-08-04T03:38:00,2026-08-04T03:38:44,2026-08-04T03:39:05,C,H1,Coke,10328.1,10280.0,44,21
BATCH-20260804-031,2026-08-04T03:43:00,2026-08-04T03:43:55,2026-08-04T03:44:17,C,H3,Pellet,16317.5,16396.5,55,22
BATCH-20260804-032,2026-08-04T03:56:00,2026-08-04T03:57:24,2026-08-04T03:57:48,C,H4,Limestone,12829.9,12827.3,84,24
BATCH-20260804-033,2026-08-04T04:19:00,2026-08-04T04:20:12,2026-08-04T04:21:10,C,H3,Pellet,18100.8,18129.7,72,58
BATCH-20260804-034,2026-08-04T04:19:00,2026-08-04T04:20:13,2026-08-04T04:21:10,C,H3,Coke,11503.0,11498.9,73,57
BATCH-20260804-035,2026-08-04T04:22:00,2026-08-04T04:23:23,2026-08-04T04:23:54,C,H3,Limestone,15285.9,15249.7,83,31
BATCH-20260804-036,2026-08-04T04:23:00,2026-08-04T04:23:38,2026-08-04T04:24:24,C,H4,Sinter,22542.9,22661.9,38,46
BATCH-20260804-037,2026-08-04T04:30:00,2026-08-04T04:31:18,2026-08-04T04:32:14,C,H2,Coke,15390.9,15343.8,78,56
BATCH-20260804-038,2026-08-04T04:40:00,2026-08-04T04:40:40,2026-08-04T04:41:05,C,H1,Pellet,16507.1,16411.5,40,25
BATCH-20260804-039,2026-08-04T04:43:00,2026-08-04T04:43:46,2026-08-04T04:44:09,C,H3,Ore,19475.8,19530.6,46,23
BATCH-20260804-040,2026-08-04T04:43:00,2026-08-04T04:44:13,2026-08-04T04:44:46,C,H2,Ore,24168.4,24143.2,73,33
BATCH-20260804-041,2026-08-04T04:44:00,2026-08-04T04:44:48,2026-08-04T04:45:29,C,H3,Coke,11080.9,11179.9,48,41
BATCH-20260804-042,2026-08-04T04:47:00,2026-08-04T04:47:31,2026-08-04T04:48:09,C,H2,Coke,14798.1,14795.5,31,38
BATCH-20260804-043,2026-08-04T04:56:00,2026-08-04T04:56:31,2026-08-04T04:56:52,C,H2,Sinter,23592.4,22896.4,31,21
BATCH-20260804-044,2026-08-04T04:58:00,2026-08-04T04:58:42,2026-08-04T04:59:36,C,H2,Pellet,12828.7,12863.6,42,54
BATCH-20260804-045,2026-08-04T04:58:00,2026-08-04T04:59:22,2026-08-04T04:59:43,C,H3,Coke,14333.6,14374.3,82,21
BATCH-20260804-046,2026-08-04T05:25:00,2026-08-04T05:26:14,2026-08-04T05:27:11,C,H3,Coke,10030.1,9751.6,74,57
BATCH-20260804-047,2026-08-04T05:41:00,2026-08-04T05:41:55,2026-08-04T05:42:21,C,H3,Sinter,19005.7,18938.2,55,26
BATCH-20260804-048,2026-08-04T05:44:00,2026-08-04T05:44:49,2026-08-04T05:45:38,C,H2,Ore,22644.8,22671.3,49,49
BATCH-20260804-049,2026-08-04T05:50:00,2026-08-04T05:51:07,2026-08-04T05:51:30,C,H1,Pellet,14024.2,14118.8,67,23
BATCH-20260804-050,2026-08-04T06:10:00,2026-08-04T06:10:49,2026-08-04T06:11:38,A,H4,Coke,12818.0,12801.1,49,49
BATCH-20260804-051,2026-08-04T06:17:00,2026-08-04T06:17:43,2026-08-04T06:18:11,A,H2,Pellet,14698.6,14755.5,43,28
BATCH-20260804-052,2026-08-04T06:17:00,2026-08-04T06:18:04,2026-08-04T06:18:24,A,H1,Sinter,22383.4,22391.6,64,20
BATCH-20260804-053,2026-08-04T06:18:00,2026-08-04T06:18:40,2026-08-04T06:19:28,A,H4,Sinter,17593.3,17556.2,40,48
BATCH-20260804-054,2026-08-04T06:21:00,2026-08-04T06:21:59,2026-08-04T06:22:30,A,H2,Pellet,21529.4,21555.9,59,31
BATCH-20260804-055,2026-08-04T06:23:00,2026-08-04T06:23:58,2026-08-04T06:24:44,A,H1,Coke,12636.9,12611.0,58,46
BATCH-20260804-056,2026-08-04T06:31:00,2026-08-04T06:32:29,2026-08-04T06:32:54,A,H2,Sinter,15329.2,15332.3,89,25
BATCH-20260804-057,2026-08-04T06:39:00,2026-08-04T06:40:17,2026-08-04T06:41:13,A,H1,Coke,14579.3,14505.3,77,56
BATCH-20260804-058,2026-08-04T06:50:00,2026-08-04T06:51:24,2026-08-04T06:51:45,A,H3,Limestone,10293.2,10278.3,84,21
BATCH-20260804-059,2026-08-04T06:59:00,2026-08-04T06:59:37,2026-08-04T07:00:09,A,H1,Ore,28757.8,28767.6,37,32
BATCH-20260804-060,2026-08-04T07:03:00,2026-08-04T07:04:10,2026-08-04T07:05:08,A,H4,Sinter,19207.0,19195.6,70,58
BATCH-20260804-061,2026-08-04T07:07:00,2026-08-04T07:07:54,2026-08-04T07:08:44,A,H3,Sinter,16414.5,16442.1,54,50
BATCH-20260804-062,2026-08-04T07:20:00,2026-08-04T07:21:05,2026-08-04T07:21:28,A,H4,Ore,28352.8,28371.1,65,23
BATCH-20260804-063,2026-08-04T07:33:00,2026-08-04T07:33:38,2026-08-04T07:34:02,A,H1,Ore,20140.7,20071.6,38,24
BATCH-20260804-064,2026-08-04T07:35:00,2026-08-04T07:35:41,2026-08-04T07:36:29,A,H2,Sinter,24230.8,24187.3,41,48
BATCH-20260804-065,2026-08-04T07:38:00,2026-08-04T07:39:00,2026-08-04T07:39:30,A,H2,Coke,11533.9,11558.5,60,30
BATCH-20260804-066,2026-08-04T07:39:00,2026-08-04T07:40:03,2026-08-04T07:40:56,A,H3,Ore,23297.3,23289.7,63,53
BATCH-20260804-067,2026-08-04T07:39:00,2026-08-04T07:39:55,2026-08-04T07:40:15,A,H3,Limestone,11447.9,11377.6,55,20
BATCH-20260804-068,2026-08-04T07:52:00,2026-08-04T07:52:33,2026-08-04T07:53:32,A,H1,Ore,29688.5,29737.2,33,59
BATCH-20260804-069,2026-08-04T08:00:00,2026-08-04T08:00:46,2026-08-04T08:01:29,A,H3,Limestone,14387.3,14463.6,46,43
BATCH-20260804-070,2026-08-04T08:01:00,2026-08-04T08:02:17,2026-08-04T08:02:39,A,H2,Ore,19793.8,19760.0,77,22
BATCH-20260804-071,2026-08-04T08:02:00,2026-08-04T08:02:49,2026-08-04T08:03:22,A,H1,Sinter,22031.5,22043.9,49,33
BATCH-20260804-072,2026-08-04T08:05:00,2026-08-04T08:06:30,2026-08-04T08:07:00,A,H4,Pellet,20090.9,20119.5,90,30
BATCH-20260804-073,2026-08-04T08:09:00,2026-08-04T08:09:45,2026-08-04T08:10:42,A,H3,Coke,15446.2,15457.7,45,57
BATCH-20260804-074,2026-08-04T08:09:00,2026-08-04T08:09:57,2026-08-04T08:10:47,A,H1,Ore,29355.3,29391.8,57,50
BATCH-20260804-075,2026-08-04T08:11:00,2026-08-04T08:11:37,2026-08-04T08:12:30,A,H4,Pellet,17671.0,17782.6,37,53
BATCH-20260804-076,2026-08-04T08:13:00,2026-08-04T08:14:10,2026-08-04T08:14:42,A,H1,Pellet,17057.4,17048.9,70,32
BATCH-20260804-077,2026-08-04T08:14:00,2026-08-04T08:15:06,2026-08-04T08:15:58,A,H4,Limestone,13089.8,12972.6,66,52
BATCH-20260804-078,2026-08-04T08:14:00,2026-08-04T08:14:47,2026-08-04T08:15:10,A,H1,Pellet,14961.1,14873.6,47,23
BATCH-20260804-079,2026-08-04T08:19:00,2026-08-04T08:19:48,2026-08-04T08:20:39,A,H3,Sinter,16825.9,16852.8,48,51
BATCH-20260804-080,2026-08-04T08:26:00,2026-08-04T08:27:02,2026-08-04T08:27:24,A,H2,Limestone,13617.4,13566.1,62,22
BATCH-20260804-081,2026-08-04T08:32:00,2026-08-04T08:33:22,2026-08-04T08:34:14,A,H4,Pellet,12363.8,12391.9,82,52
BATCH-20260804-082,2026-08-04T08:38:00,2026-08-04T08:38:49,2026-08-04T08:39:48,A,H2,Limestone,15936.8,15881.6,49,59
BATCH-20260804-083,2026-08-04T08:46:00,2026-08-04T08:46:38,2026-08-04T08:47:31,A,H3,Sinter,22171.8,22125.4,38,53
BATCH-20260804-084,2026-08-04T08:52:00,2026-08-04T08:53:30,2026-08-04T08:54:21,A,H3,Limestone,15034.7,15009.9,90,51
BATCH-20260804-085,2026-08-04T08:53:00,2026-08-04T08:53:37,2026-08-04T08:54:35,A,H1,Limestone,11054.7,11025.4,37,58
BATCH-20260804-086,2026-08-04T09:15:00,2026-08-04T09:15:32,2026-08-04T09:16:31,A,H4,Coke,16257.4,16210.8,32,59
BATCH-20260804-087,2026-08-04T09:49:00,2026-08-04T09:49:42,2026-08-04T09:50:06,A,H4,Sinter,23026.9,23007.1,42,24
BATCH-20260804-088,2026-08-04T09:54:00,2026-08-04T09:54:34,2026-08-04T09:55:05,A,H1,Sinter,15257.5,15263.6,34,31
BATCH-20260804-089,2026-08-04T10:01:00,2026-08-04T10:02:30,2026-08-04T10:03:09,A,H4,Ore,28140.7,28127.8,90,39
BATCH-20260804-090,2026-08-04T10:03:00,2026-08-04T10:04:23,2026-08-04T10:04:46,A,H4,Sinter,18552.2,18597.5,83,23
BATCH-20260804-091,2026-08-04T10:12:00,2026-08-04T10:13:08,2026-08-04T10:13:48,A,H4,Pellet,14010.8,14055.2,68,40
BATCH-20260804-092,2026-08-04T10:53:00,2026-08-04T10:54:20,2026-08-04T10:54:52,A,H4,Limestone,14417.9,14294.3,80,32
BATCH-20260804-093,2026-08-04T11:11:00,2026-08-04T11:11:33,2026-08-04T11:12:00,A,H3,Coke,14184.5,14182.3,33,27
BATCH-20260804-094,2026-08-04T11:23:00,2026-08-04T11:24:19,2026-08-04T11:25:04,A,H4,Ore,23798.4,23821.3,79,45
BATCH-20260804-095,2026-08-04T11:50:00,2026-08-04T11:51:07,2026-08-04T11:51:35,A,H3,Sinter,19789.1,19783.2,67,28
BATCH-20260804-096,2026-08-04T11:59:00,2026-08-04T12:00:25,2026-08-04T12:01:21,A,H2,Pellet,13554.2,13532.4,85,56
BATCH-20260804-097,2026-08-04T12:07:00,2026-08-04T12:07:56,2026-08-04T12:08:49,A,H1,Ore,29417.2,29419.1,56,53
BATCH-20260804-098,2026-08-04T12:18:00,2026-08-04T12:19:13,2026-08-04T12:19:44,A,H2,Limestone,15253.8,15272.1,73,31
BATCH-20260804-099,2026-08-04T12:36:00,2026-08-04T12:37:24,2026-08-04T12:38:22,A,H4,Sinter,24236.1,24270.3,84,58
BATCH-20260804-100,2026-08-04T12:44:00,2026-08-04T12:44:40,2026-08-04T12:45:18,A,H3,Sinter,15060.2,15037.5,40,38
BATCH-20260804-101,2026-08-04T12:51:00,2026-08-04T12:51:37,2026-08-04T12:52:32,A,H2,Sinter,22774.4,22798.5,37,55
BATCH-20260804-102,2026-08-04T12:53:00,2026-08-04T12:54:15,2026-08-04T12:54:40,A,H3,Sinter,20136.8,20218.8,75,25
BATCH-20260804-103,2026-08-04T12:54:00,2026-08-04T12:55:09,2026-08-04T12:55:57,A,H3,Sinter,23377.6,23306.4,69,48
BATCH-20260804-104,2026-08-04T12:57:00,2026-08-04T12:57:40,2026-08-04T12:58:37,A,H3,Sinter,15976.7,15963.0,40,57
BATCH-20260804-105,2026-08-04T13:00:00,2026-08-04T13:01:27,2026-08-04T13:02:12,A,H3,Limestone,13262.6,13348.4,87,45
BATCH-20260804-106,2026-08-04T13:21:00,2026-08-04T13:21:34,2026-08-04T13:22:10,A,H4,Coke,16154.6,16124.0,34,36
BATCH-20260804-107,2026-08-04T13:44:00,2026-08-04T13:44:43,2026-08-04T13:45:16,A,H4,Pellet,12276.7,12278.3,43,33
BATCH-20260804-108,2026-08-04T13:51:00,2026-08-04T13:52:08,2026-08-04T13:52:52,A,H3,Pellet,13601.7,13574.5,68,44
BATCH-20260804-109,2026-08-04T14:01:00,2026-08-04T14:02:25,2026-08-04T14:02:49,B,H4,Coke,16408.1,16367.3,85,24
BATCH-20260804-110,2026-08-04T14:14:00,2026-08-04T14:15:04,2026-08-04T14:15:56,B,H4,Limestone,10212.1,10030.9,64,52
BATCH-20260804-111,2026-08-04T14:23:00,2026-08-04T14:23:44,2026-08-04T14:24:17,B,H1,Coke,17079.8,17036.7,44,33
BATCH-20260804-112,2026-08-04T14:28:00,2026-08-04T14:28:47,2026-08-04T14:29:42,B,H3,Ore,18965.1,18942.5,47,55
BATCH-20260804-113,2026-08-04T14:43:00,2026-08-04T14:43:58,2026-08-04T14:44:27,B,H1,Pellet,13073.5,13044.8,58,29
BATCH-20260804-114,2026-08-04T14:48:00,2026-08-04T14:48:34,2026-08-04T14:48:57,B,H2,Coke,14578.3,14645.1,34,23
BATCH-20260804-115,2026-08-04T14:50:00,2026-08-04T14:50:31,2026-08-04T14:50:57,B,H1,Sinter,16054.2,16076.1,31,26
BATCH-20260804-116,2026-08-04T14:51:00,2026-08-04T14:52:03,2026-08-04T14:52:57,B,H4,Ore,21804.5,21846.6,63,54
BATCH-20260804-117,2026-08-04T14:54:00,2026-08-04T14:54:47,2026-08-04T14:55:13,B,H3,Ore,21147.2,21112.8,47,26
BATCH-20260804-118,2026-08-04T15:00:00,2026-08-04T15:01:04,2026-08-04T15:01:37,B,H3,Coke,12772.9,12799.2,64,33
BATCH-20260804-119,2026-08-04T15:02:00,2026-08-04T15:02:54,2026-08-04T15:03:54,B,H3,Pellet,19912.2,19889.6,54,60
BATCH-20260804-120,2026-08-04T15:11:00,2026-08-04T15:11:59,2026-08-04T15:12:37,B,H1,Limestone,12846.2,13111.9,59,38
BATCH-20260804-121,2026-08-04T15:13:00,2026-08-04T15:14:28,2026-08-04T15:15:08,B,H4,Ore,21171.9,21254.5,88,40
BATCH-20260804-122,2026-08-04T15:13:00,2026-08-04T15:13:58,2026-08-04T15:14:56,B,H2,Ore,27954.3,27932.3,58,58
BATCH-20260804-123,2026-08-04T15:18:00,2026-08-04T15:19:29,2026-08-04T15:20:12,B,H4,Ore,27135.5,27150.6,89,43
BATCH-20260804-124,2026-08-04T15:27:00,2026-08-04T15:28:04,2026-08-04T15:28:24,B,H4,Pellet,20206.9,20237.8,64,20
BATCH-20260804-125,2026-08-04T15:27:00,2026-08-04T15:27:49,2026-08-04T15:28:22,B,H1,Pellet,12171.5,12229.7,49,33
BATCH-20260804-126,2026-08-04T15:35:00,2026-08-04T15:36:09,2026-08-04T15:37:07,B,H4,Pellet,18863.8,18905.5,69,58
BATCH-20260804-127,2026-08-04T15:38:00,2026-08-04T15:38:40,2026-08-04T15:39:40,B,H2,Limestone,15690.8,15516.3,40,60
BATCH-20260804-128,2026-08-04T15:44:00,2026-08-04T15:44:41,2026-08-04T15:45:19,B,H1,Coke,13992.3,14022.5,41,38
BATCH-20260804-129,2026-08-04T15:46:00,2026-08-04T15:47:01,2026-08-04T15:47:55,B,H3,Sinter,23776.5,23681.5,61,54
BATCH-20260804-130,2026-08-04T15:59:00,2026-08-04T16:00:15,2026-08-04T16:01:14,B,H4,Limestone,12349.1,12340.6,75,59
BATCH-20260804-131,2026-08-04T16:01:00,2026-08-04T16:01:36,2026-08-04T16:02:10,B,H1,Ore,21397.4,21350.2,36,34
BATCH-20260804-132,2026-08-04T16:04:00,2026-08-04T16:05:03,2026-08-04T16:06:00,B,H2,Coke,13082.0,13033.6,63,57
BATCH-20260804-133,2026-08-04T16:11:00,2026-08-04T16:12:15,2026-08-04T16:12:40,B,H4,Ore,24954.2,24975.8,75,25
BATCH-20260804-134,2026-08-04T16:11:00,2026-08-04T16:11:42,2026-08-04T16:12:20,B,H3,Ore,22492.6,22530.3,42,38
BATCH-20260804-135,2026-08-04T16:13:00,2026-08-04T16:14:20,2026-08-04T16:15:10,B,H2,Limestone,12909.9,12958.9,80,50
BATCH-20260804-136,2026-08-04T16:14:00,2026-08-04T16:14:53,2026-08-04T16:15:19,B,H4,Coke,11522.3,11559.3,53,26
BATCH-20260804-137,2026-08-04T16:19:00,2026-08-04T16:19:36,2026-08-04T16:20:09,B,H4,Coke,14726.2,14776.3,36,33
BATCH-20260804-138,2026-08-04T16:20:00,2026-08-04T16:21:01,2026-08-04T16:22:00,B,H2,Pellet,13603.5,13690.4,61,59
BATCH-20260804-139,2026-08-04T16:29:00,2026-08-04T16:29:54,2026-08-04T16:30:36,B,H1,Limestone,11193.5,11163.5,54,42
BATCH-20260804-140,2026-08-04T16:29:00,2026-08-04T16:30:30,2026-08-04T16:31:10,B,H4,Pellet,21446.9,21362.2,90,40
BATCH-20260804-141,2026-08-04T16:29:00,2026-08-04T16:30:13,2026-08-04T16:30:36,B,H3,Sinter,20911.1,20836.1,73,23
BATCH-20260804-142,2026-08-04T16:30:00,2026-08-04T16:31:21,2026-08-04T16:31:52,B,H4,Coke,11421.2,11428.6,81,31
BATCH-20260804-143,2026-08-04T16:35:00,2026-08-04T16:35:32,2026-08-04T16:36:09,B,H4,Coke,11469.7,11390.2,32,37
BATCH-20260804-144,2026-08-04T16:40:00,2026-08-04T16:40:57,2026-08-04T16:41:17,B,H3,Sinter,22227.5,22216.4,57,20
BATCH-20260804-145,2026-08-04T16:40:00,2026-08-04T16:40:34,2026-08-04T16:41:30,B,H4,Coke,12062.9,12116.4,34,56
BATCH-20260804-146,2026-08-04T17:15:00,2026-08-04T17:15:32,2026-08-04T17:16:01,B,H2,Sinter,23755.7,23831.3,32,29
BATCH-20260804-147,2026-08-04T17:23:00,2026-08-04T17:24:23,2026-08-04T17:25:03,B,H4,Sinter,17660.2,17658.3,83,40
BATCH-20260804-148,2026-08-04T17:33:00,2026-08-04T17:34:25,2026-08-04T17:34:46,B,H4,Coke,16963.4,16981.8,85,21
BATCH-20260804-149,2026-08-04T17:34:00,2026-08-04T17:34:35,2026-08-04T17:35:08,B,H3,Coke,11448.6,11520.8,35,33
BATCH-20260804-150,2026-08-04T17:36:00,2026-08-04T17:36:35,2026-08-04T17:37:06,B,H2,Pellet,18508.9,18507.1,35,31
BATCH-20260804-151,2026-08-04T17:36:00,2026-08-04T17:36:48,2026-08-04T17:37:19,B,H4,Pellet,13847.7,13883.7,48,31
BATCH-20260804-152,2026-08-04T17:36:00,2026-08-04T17:36:53,2026-08-04T17:37:21,B,H3,Limestone,13824.2,13902.1,53,28
BATCH-20260804-153,2026-08-04T17:38:00,2026-08-04T17:38:44,2026-08-04T17:39:09,B,H4,Ore,29012.6,29016.6,44,25
BATCH-20260804-154,2026-08-04T17:40:00,2026-08-04T17:40:52,2026-08-04T17:41:28,B,H4,Coke,14968.1,15005.9,52,36
BATCH-20260804-155,2026-08-04T17:47:00,2026-08-04T17:48:07,2026-08-04T17:48:43,B,H2,Pellet,21844.0,21848.3,67,36
BATCH-20260804-156,2026-08-04T17:56:00,2026-08-04T17:56:38,2026-08-04T17:56:59,B,H2,Sinter,15984.5,16014.8,38,21
BATCH-20260804-157,2026-08-04T18:08:00,2026-08-04T18:09:22,2026-08-04T18:09:47,B,H4,Sinter,20066.6,20095.6,82,25
BATCH-20260804-158,2026-08-04T18:13:00,2026-08-04T18:13:52,2026-08-04T18:14:23,B,H2,Pellet,20206.9,20192.9,52,31
BATCH-20260804-159,2026-08-04T18:15:00,2026-08-04T18:16:13,2026-08-04T18:16:40,B,H4,Pellet,19762.9,19839.8,73,27
BATCH-20260804-160,2026-08-04T18:18:00,2026-08-04T18:19:04,2026-08-04T18:20:01,B,H4,Coke,14508.9,14458.7,64,57
BATCH-20260804-161,2026-08-04T18:42:00,2026-08-04T18:43:04,2026-08-04T18:43:57,B,H1,Coke,16403.9,16369.4,64,53
BATCH-20260804-162,2026-08-04T19:00:00,2026-08-04T19:00:54,2026-08-04T19:01:46,B,H3,Ore,24163.8,24105.4,54,52
BATCH-20260804-163,2026-08-04T19:03:00,2026-08-04T19:04:10,2026-08-04T19:04:37,B,H3,Pellet,17937.3,17936.7,70,27
BATCH-20260804-164,2026-08-04T19:14:00,2026-08-04T19:15:04,2026-08-04T19:15:54,B,H1,Pellet,20351.3,20399.9,64,50
BATCH-20260804-165,2026-08-04T19:27:00,2026-08-04T19:27:30,2026-08-04T19:28:25,B,H1,Pellet,15906.7,15902.9,30,55
BATCH-20260804-166,2026-08-04T19:31:00,2026-08-04T19:31:39,2026-08-04T19:32:18,B,H3,Ore,22071.8,22093.3,39,39
BATCH-20260804-167,2026-08-04T19:44:00,2026-08-04T19:44:48,2026-08-04T19:45:18,B,H2,Coke,12836.0,12799.0,48,30
BATCH-20260804-168,2026-08-04T19:51:00,2026-08-04T19:52:17,2026-08-04T19:53:12,B,H2,Coke,16566.0,16556.3,77,55
BATCH-20260804-169,2026-08-04T19:52:00,2026-08-04T19:53:06,2026-08-04T19:53:46,B,H3,Sinter,17953.3,17989.8,66,40
BATCH-20260804-170,2026-08-04T19:59:00,2026-08-04T19:59:32,2026-08-04T20:00:07,B,H1,Pellet,13201.4,13168.3,32,35
BATCH-20260804-171,2026-08-04T20:14:00,2026-08-04T20:14:45,2026-08-04T20:15:08,B,H2,Sinter,16887.0,16877.9,45,23
BATCH-20260804-172,2026-08-04T20:16:00,2026-08-04T20:16:53,2026-08-04T20:17:18,B,H4,Coke,13661.6,13734.2,53,25
BATCH-20260804-173,2026-08-04T20:22:00,2026-08-04T20:23:05,2026-08-04T20:23:58,B,H3,Ore,23459.6,23442.1,65,53
BATCH-20260804-174,2026-08-04T20:34:00,2026-08-04T20:35:27,2026-08-04T20:36:22,B,H4,Coke,11590.2,11564.0,87,55
BATCH-20260804-175,2026-08-04T20:40:00,2026-08-04T20:40:46,2026-08-04T20:41:14,B,H4,Coke,16089.0,16078.9,46,28
BATCH-20260804-176,2026-08-04T20:44:00,2026-08-04T20:45:23,2026-08-04T20:46:13,B,H4,Ore,24506.6,24380.4,83,50
BATCH-20260804-177,2026-08-04T20:55:00,2026-08-04T20:55:48,2026-08-04T20:56:46,B,H2,Pellet,19003.6,18963.2,48,58
BATCH-20260804-178,2026-08-04T21:01:00,2026-08-04T21:01:40,2026-08-04T21:02:11,B,H4,Pellet,15984.7,16057.4,40,31
BATCH-20260804-179,2026-08-04T21:05:00,2026-08-04T21:05:37,2026-08-04T21:06:11,B,H2,Pellet,13768.1,13775.6,37,34
BATCH-20260804-180,2026-08-04T21:24:00,2026-08-04T21:25:15,2026-08-04T21:25:40,B,H4,Coke,10271.3,10274.6,75,25
BATCH-20260804-181,2026-08-04T21:33:00,2026-08-04T21:34:15,2026-08-04T21:35:02,B,H2,Coke,11129.2,11094.9,75,47
BATCH-20260804-182,2026-08-04T21:51:00,2026-08-04T21:52:08,2026-08-04T21:52:31,B,H4,Ore,20256.3,20226.2,68,23
BATCH-20260804-183,2026-08-04T21:58:00,2026-08-04T21:58:31,2026-08-04T21:59:30,B,H1,Coke,11195.1,11157.2,31,59
BATCH-20260804-184,2026-08-04T22:13:00,2026-08-04T22:14:04,2026-08-04T22:14:28,C,H1,Pellet,20693.0,20721.2,64,24
BATCH-20260804-185,2026-08-04T22:24:00,2026-08-04T22:24:32,2026-08-04T22:25:32,C,H1,Pellet,19542.9,19522.6,32,60
BATCH-20260804-186,2026-08-04T22:26:00,2026-08-04T22:27:11,2026-08-04T22:27:32,C,H4,Limestone,15291.6,15335.0,71,21
BATCH-20260804-187,2026-08-04T22:28:00,2026-08-04T22:28:56,2026-08-04T22:29:45,C,H1,Pellet,18557.6,18612.1,56,49
BATCH-20260804-188,2026-08-04T22:31:00,2026-08-04T22:32:20,2026-08-04T22:32:55,C,H2,Sinter,22643.5,22660.6,80,35
BATCH-20260804-189,2026-08-04T22:41:00,2026-08-04T22:42:25,2026-08-04T22:43:17,C,H1,Limestone,10017.3,10010.0,85,52
BATCH-20260804-190,2026-08-04T22:56:00,2026-08-04T22:56:35,2026-08-04T22:57:35,C,H3,Limestone,11253.5,11367.5,35,60
BATCH-20260804-191,2026-08-04T23:00:00,2026-08-04T23:00:44,2026-08-04T23:01:13,C,H2,Ore,25139.3,25108.5,44,29
BATCH-20260804-192,2026-08-04T23:11:00,2026-08-04T23:12:13,2026-08-04T23:13:02,C,H2,Coke,13900.6,13961.8,73,49
BATCH-20260804-193,2026-08-04T23:14:00,2026-08-04T23:15:12,2026-08-04T23:15:49,C,H3,Coke,15801.9,15815.5,72,37
BATCH-20260804-194,2026-08-04T23:20:00,2026-08-04T23:20:30,2026-08-04T23:21:20,C,H1,Coke,15234.6,15244.1,30,50
BATCH-20260804-195,2026-08-04T23:30:00,2026-08-04T23:30:51,2026-08-04T23:31:42,C,H3,Limestone,12070.7,12120.8,51,51
BATCH-20260804-196,2026-08-04T23:40:00,2026-08-04T23:41:22,2026-08-04T23:41:43,C,H2,Pellet,13849.8,13914.9,82,21
BATCH-20260804-197,2026-08-04T23:40:00,2026-08-04T23:41:09,2026-08-04T23:41:35,C,H4,Coke,17634.9,17660.0,69,26
BATCH-20260804-198,2026-08-04T23:40:00,2026-08-04T23:40:49,2026-08-04T23:41:11,C,H1,Limestone,15986.7,16005.9,49,22
BATCH-20260804-199,2026-08-04T23:55:00,2026-08-04T23:56:09,2026-08-04T23:56:45,C,H3,Pellet,20002.4,19962.2,69,36
BATCH-20260804-200,2026-08-04T23:56:00,2026-08-04T23:57:14,2026-08-04T23:57:38,C,H2,Ore,18961.4,18980.6,74,24
BATCH-20260805-001,2026-08-05T00:02:00,2026-08-05T00:03:22,2026-08-05T00:03:42,C,H1,Limestone,10663.1,10754.6,82,20
BATCH-20260805-002,2026-08-05T00:11:00,2026-08-05T00:11:43,2026-08-05T00:12:25,C,H2,Pellet,20750.1,20742.2,43,42
BATCH-20260805-003,2026-08-05T00:18:00,2026-08-05T00:19:19,2026-08-05T00:19:45,C,H2,Pellet,12892.7,12875.7,79,26
BATCH-20260805-004,2026-08-05T00:29:00,2026-08-05T00:30:10,2026-08-05T00:30:30,C,H3,Pellet,17796.6,17767.8,70,20
BATCH-20260805-005,2026-08-05T00:32:00,2026-08-05T00:32:54,2026-08-05T00:33:42,C,H3,Sinter,17369.9,17358.0,54,48
BATCH-20260805-006,2026-08-05T00:41:00,2026-08-05T00:42:26,2026-08-05T00:42:59,C,H3,Sinter,16386.5,16395.4,86,33
BATCH-20260805-007,2026-08-05T00:47:00,2026-08-05T00:47:31,2026-08-05T00:47:55,C,H4,Ore,24128.3,24074.5,31,24
BATCH-20260805-008,2026-08-05T00:59:00,2026-08-05T00:59:39,2026-08-05T01:00:29,C,H2,Ore,22129.3,22189.4,39,50
BATCH-20260805-009,2026-08-05T01:01:00,2026-08-05T01:01:34,2026-08-05T01:02:12,C,H1,Sinter,21138.8,21140.5,34,38
BATCH-20260805-010,2026-08-05T01:07:00,2026-08-05T01:07:51,2026-08-05T01:08:31,C,H4,Pellet,18948.8,18844.3,51,40
BATCH-20260805-011,2026-08-05T01:10:00,2026-08-05T01:11:00,2026-08-05T01:11:27,C,H3,Coke,12822.6,12842.0,60,27
BATCH-20260805-012,2026-08-05T01:18:00,2026-08-05T01:18:41,2026-08-05T01:19:37,C,H2,Limestone,15786.7,15808.6,41,56
BATCH-20260805-013,2026-08-05T01:28:00,2026-08-05T01:28:43,2026-08-05T01:29:09,C,H4,Coke,11753.5,11843.9,43,26
BATCH-20260805-014,2026-08-05T01:40:00,2026-08-05T01:40:30,2026-08-05T01:40:56,C,H3,Pellet,16394.8,16403.3,30,26
BATCH-20260805-015,2026-08-05T01:43:00,2026-08-05T01:44:26,2026-08-05T01:45:15,C,H1,Ore,18640.8,18694.1,86,49
BATCH-20260805-016,2026-08-05T01:46:00,2026-08-05T01:46:58,2026-08-05T01:47:51,C,H4,Pellet,14439.7,14410.7,58,53
BATCH-20260805-017,2026-08-05T01:48:00,2026-08-05T01:49:15,2026-08-05T01:49:53,C,H4,Ore,29911.3,29926.0,75,38
BATCH-20260805-018,2026-08-05T02:00:00,2026-08-05T02:00:31,2026-08-05T02:00:52,C,H4,Sinter,21168.3,21172.1,31,21
BATCH-20260805-019,2026-08-05T02:01:00,2026-08-05T02:01:33,2026-08-05T02:02:00,C,H3,Limestone,14734.5,14791.1,33,27
BATCH-20260805-020,2026-08-05T02:03:00,2026-08-05T02:03:37,2026-08-05T02:04:03,C,H3,Ore,27167.9,27134.5,37,26
BATCH-20260805-021,2026-08-05T02:03:00,2026-08-05T02:03:59,2026-08-05T02:04:36,C,H1,Ore,29575.5,29631.9,59,37
BATCH-20260805-022,2026-08-05T02:38:00,2026-08-05T02:38:32,2026-08-05T02:39:17,C,H1,Limestone,10970.5,10930.4,32,45
BATCH-20260805-023,2026-08-05T02:45:00,2026-08-05T02:45:42,2026-08-05T02:46:31,C,H4,Coke,14339.6,14319.0,42,49
BATCH-20260805-024,2026-08-05T02:52:00,2026-08-05T02:53:27,2026-08-05T02:53:55,C,H3,Ore,23963.8,24032.8,87,28
BATCH-20260805-025,2026-08-05T02:58:00,2026-08-05T02:59:14,2026-08-05T03:00:03,C,H2,Ore,27030.5,27024.9,74,49
BATCH-20260805-026,2026-08-05T03:01:00,2026-08-05T03:01:44,2026-08-05T03:02:22,C,H4,Ore,22036.4,21993.5,44,38
BATCH-20260805-027,2026-08-05T03:11:00,2026-08-05T03:12:00,2026-08-05T03:12:40,C,H2,Ore,18171.5,18237.0,60,40
BATCH-20260805-028,2026-08-05T03:14:00,2026-08-05T03:14:58,2026-08-05T03:15:30,C,H1,Pellet,15822.6,15884.5,58,32
BATCH-20260805-029,2026-08-05T03:23:00,2026-08-05T03:24:24,2026-08-05T03:25:21,C,H2,Limestone,15199.2,15150.2,84,57
BATCH-20260805-030,2026-08-05T03:32:00,2026-08-05T03:32:52,2026-08-05T03:33:45,C,H1,Coke,17172.3,17152.9,52,53
BATCH-20260805-031,2026-08-05T03:43:00,2026-08-05T03:44:17,2026-08-05T03:44:45,C,H4,Coke,12406.9,12432.2,77,28
BATCH-20260805-032,2026-08-05T03:52:00,2026-08-05T03:53:29,2026-08-05T03:53:51,C,H2,Limestone,12162.3,12231.9,89,22
BATCH-20260805-033,2026-08-05T03:53:00,2026-08-05T03:53:54,2026-08-05T03:54:51,C,H2,Limestone,14531.7,14463.2,54,57
BATCH-20260805-034,2026-08-05T03:54:00,2026-08-05T03:54:47,2026-08-05T03:55:33,C,H4,Pellet,20376.2,20372.0,47,46
BATCH-20260805-035,2026-08-05T04:03:00,2026-08-05T04:04:25,2026-08-05T04:05:00,C,H4,Ore,21723.0,21734.4,85,35
BATCH-20260805-036,2026-08-05T04:06:00,2026-08-05T04:07:24,2026-08-05T04:08:21,C,H1,Ore,21944.4,21950.2,84,57
BATCH-20260805-037,2026-08-05T04:15:00,2026-08-05T04:16:21,2026-08-05T04:16:46,C,H3,Limestone,14438.8,14415.2,81,25
BATCH-20260805-038,2026-08-05T04:19:00,2026-08-05T04:20:12,2026-08-05T04:20:56,C,H3,Sinter,15099.6,15122.2,72,44
BATCH-20260805-039,2026-08-05T04:19:00,2026-08-05T04:19:31,2026-08-05T04:20:23,C,H1,Pellet,15011.8,15001.2,31,52
BATCH-20260805-040,2026-08-05T04:25:00,2026-08-05T04:25:55,2026-08-05T04:26:23,C,H1,Limestone,11360.9,11432.7,55,28
BATCH-20260805-041,2026-08-05T04:29:00,2026-08-05T04:30:10,2026-08-05T04:30:40,C,H2,Coke,17871.5,17831.2,70,30
BATCH-20260805-042,2026-08-05T04:38:00,2026-08-05T04:39:01,2026-08-05T04:39:42,C,H1,Coke,15522.6,15512.3,61,41
BATCH-20260805-043,2026-08-05T04:40:00,2026-08-05T04:41:18,2026-08-05T04:42:09,C,H4,Ore,20152.1,20151.1,78,51
BATCH-20260805-044,2026-08-05T04:47:00,2026-08-05T04:47:32,2026-08-05T04:48:17,C,H3,Coke,16493.9,16580.2,32,45
BATCH-20260805-045,2026-08-05T05:01:00,2026-08-05T05:02:11,2026-08-05T05:02:43,C,H3,Limestone,12385.7,12393.0,71,32
BATCH-20260805-046,2026-08-05T05:01:00,2026-08-05T05:01:44,2026-08-05T05:02:36,C,H2,Sinter,22834.3,22875.9,44,52
BATCH-20260805-047,2026-08-05T05:10:00,2026-08-05T05:10:40,2026-08-05T05:11:28,C,H4,Sinter,23395.8,23426.1,40,48
BATCH-20260805-048,2026-08-05T05:14:00,2026-08-05T05:14:45,2026-08-05T05:15:26,C,H4,Ore,27613.3,27606.4,45,41
BATCH-20260805-049,2026-08-05T05:24:00,2026-08-05T05:25:00,2026-08-05T05:25:23,C,H4,Sinter,22569.4,22542.5,60,23
BATCH-20260805-050,2026-08-05T05:28:00,2026-08-05T05:28:55,2026-08-05T05:29:45,C,H1,Sinter,20282.2,20361.1,55,50
BATCH-20260805-051,2026-08-05T05:40:00,2026-08-05T05:41:27,2026-08-05T05:42:18,C,H4,Ore,28881.0,28854.7,87,51
BATCH-20260805-052,2026-08-05T05:42:00,2026-08-05T05:42:39,2026-08-05T05:43:12,C,H2,Limestone,13518.8,13596.4,39,33
BATCH-20260805-053,2026-08-05T05:50:00,2026-08-05T05:50:39,2026-08-05T05:51:20,C,H3,Sinter,15890.9,15932.2,39,41
BATCH-20260805-054,2026-08-05T06:19:00,2026-08-05T06:20:14,2026-08-05T06:20:47,A,H4,Ore,28929.4,28946.7,74,33
BATCH-20260805-055,2026-08-05T06:22:00,2026-08-05T06:22:32,2026-08-05T06:23:05,A,H4,Sinter,17486.6,17574.7,32,33
BATCH-20260805-056,2026-08-05T06:27:00,2026-08-05T06:27:43,2026-08-05T06:28:34,A,H4,Sinter,17107.2,17091.5,43,51
BATCH-20260805-057,2026-08-05T06:34:00,2026-08-05T06:34:30,2026-08-05T06:35:18,A,H2,Sinter,15729.7,15753.3,30,48
BATCH-20260805-058,2026-08-05T06:35:00,2026-08-05T06:35:49,2026-08-05T06:36:37,A,H2,Coke,16463.3,16461.7,49,48
BATCH-20260805-059,2026-08-05T06:43:00,2026-08-05T06:44:26,2026-08-05T06:45:22,A,H1,Pellet,12644.1,12703.4,86,56
BATCH-20260805-060,2026-08-05T06:43:00,2026-08-05T06:43:47,2026-08-05T06:44:23,A,H1,Sinter,20181.4,20123.4,47,36
BATCH-20260805-061,2026-08-05T06:50:00,2026-08-05T06:51:12,2026-08-05T06:51:35,A,H3,Coke,10544.2,10505.1,72,23
BATCH-20260805-062,2026-08-05T07:02:00,2026-08-05T07:03:01,2026-08-05T07:03:28,A,H4,Ore,25332.5,25350.8,61,27
BATCH-20260805-063,2026-08-05T07:04:00,2026-08-05T07:05:00,2026-08-05T07:05:51,A,H2,Pellet,19894.3,19597.4,60,51
BATCH-20260805-064,2026-08-05T07:06:00,2026-08-05T07:07:21,2026-08-05T07:08:03,A,H2,Limestone,10120.0,10179.8,81,42
BATCH-20260805-065,2026-08-05T07:12:00,2026-08-05T07:12:50,2026-08-05T07:13:41,A,H2,Coke,16718.1,16773.6,50,51
BATCH-20260805-066,2026-08-05T07:16:00,2026-08-05T07:17:07,2026-08-05T07:17:36,A,H1,Limestone,10573.9,10572.2,67,29
BATCH-20260805-067,2026-08-05T07:17:00,2026-08-05T07:17:34,2026-08-05T07:18:17,A,H2,Coke,11603.9,11567.6,34,43
BATCH-20260805-068,2026-08-05T07:38:00,2026-08-05T07:39:12,2026-08-05T07:39:59,A,H1,Ore,26315.6,26292.4,72,47
BATCH-20260805-069,2026-08-05T08:01:00,2026-08-05T08:01:50,2026-08-05T08:02:46,A,H3,Pellet,16472.5,16464.6,50,56
BATCH-20260805-070,2026-08-05T08:03:00,2026-08-05T08:03:50,2026-08-05T08:04:49,A,H3,Ore,29290.8,29337.5,50,59
BATCH-20260805-071,2026-08-05T08:14:00,2026-08-05T08:15:28,2026-08-05T08:16:26,A,H4,Pellet,17707.8,17682.1,88,58
BATCH-20260805-072,2026-08-05T08:27:00,2026-08-05T08:27:52,2026-08-05T08:28:32,A,H1,Coke,13480.2,13399.2,52,40
BATCH-20260805-073,2026-08-05T08:29:00,2026-08-05T08:29:38,2026-08-05T08:30:01,A,H2,Coke,11459.4,11562.4,38,23
BATCH-20260805-074,2026-08-05T08:52:00,2026-08-05T08:53:30,2026-08-05T08:53:58,A,H4,Limestone,12235.3,12268.0,90,28
BATCH-20260805-075,2026-08-05T08:55:00,2026-08-05T08:55:34,2026-08-05T08:56:02,A,H4,Coke,11991.6,11957.5,34,28
BATCH-20260805-076,2026-08-05T09:06:00,2026-08-05T09:07:01,2026-08-05T09:07:53,A,H3,Ore,27911.0,28049.6,61,52
BATCH-20260805-077,2026-08-05T09:16:00,2026-08-05T09:16:46,2026-08-05T09:17:46,A,H1,Ore,25649.9,25678.8,46,60
BATCH-20260805-078,2026-08-05T09:21:00,2026-08-05T09:22:26,2026-08-05T09:23:13,A,H2,Pellet,19419.0,19459.6,86,47
BATCH-20260805-079,2026-08-05T09:24:00,2026-08-05T09:25:16,2026-08-05T09:26:06,A,H1,Ore,22287.5,22265.3,76,50
BATCH-20260805-080,2026-08-05T09:26:00,2026-08-05T09:26:39,2026-08-05T09:27:37,A,H2,Sinter,18406.3,18469.3,39,58
BATCH-20260805-081,2026-08-05T09:27:00,2026-08-05T09:28:30,2026-08-05T09:29:08,A,H1,Ore,26660.7,26731.9,90,38
BATCH-20260805-082,2026-08-05T09:32:00,2026-08-05T09:32:56,2026-08-05T09:33:45,A,H2,Pellet,16051.1,16102.4,56,49
BATCH-20260805-083,2026-08-05T09:36:00,2026-08-05T09:37:21,2026-08-05T09:37:59,A,H2,Limestone,12882.9,12853.3,81,38
BATCH-20260805-084,2026-08-05T09:38:00,2026-08-05T09:38:38,2026-08-05T09:39:34,A,H4,Ore,19523.3,19574.5,38,56
BATCH-20260805-085,2026-08-05T10:02:00,2026-08-05T10:03:25,2026-08-05T10:04:09,A,H3,Ore,20833.2,20798.0,85,44
BATCH-20260805-086,2026-08-05T10:06:00,2026-08-05T10:06:44,2026-08-05T10:07:22,A,H3,Pellet,14736.1,14797.2,44,38
BATCH-20260805-087,2026-08-05T10:09:00,2026-08-05T10:10:15,2026-08-05T10:10:49,A,H2,Coke,16875.4,16813.8,75,34
BATCH-20260805-088,2026-08-05T10:30:00,2026-08-05T10:30:35,2026-08-05T10:31:20,A,H2,Sinter,22993.5,22956.5,35,45
BATCH-20260805-089,2026-08-05T10:38:00,2026-08-05T10:38:45,2026-08-05T10:39:07,A,H4,Pellet,20694.6,20702.1,45,22
BATCH-20260805-090,2026-08-05T10:48:00,2026-08-05T10:48:32,2026-08-05T10:48:55,A,H1,Pellet,12928.8,12869.5,32,23
BATCH-20260805-091,2026-08-05T10:53:00,2026-08-05T10:53:33,2026-08-05T10:54:02,A,H3,Coke,13519.0,13530.5,33,29
BATCH-20260805-092,2026-08-05T10:57:00,2026-08-05T10:58:26,2026-08-05T10:58:53,A,H4,Limestone,13949.6,13993.8,86,27
BATCH-20260805-093,2026-08-05T11:03:00,2026-08-05T11:03:39,2026-08-05T11:04:01,A,H4,Coke,13895.3,13950.0,39,22
BATCH-20260805-094,2026-08-05T11:08:00,2026-08-05T11:09:18,2026-08-05T11:09:47,A,H4,Pellet,18897.1,18894.9,78,29
BATCH-20260805-095,2026-08-05T11:09:00,2026-08-05T11:10:12,2026-08-05T11:10:55,A,H2,Sinter,21549.9,21538.1,72,43
BATCH-20260805-096,2026-08-05T11:14:00,2026-08-05T11:14:46,2026-08-05T11:15:32,A,H2,Limestone,14817.4,14855.8,46,46
BATCH-20260805-097,2026-08-05T11:24:00,2026-08-05T11:25:24,2026-08-05T11:26:18,A,H4,Limestone,13586.1,13526.7,84,54
BATCH-20260805-098,2026-08-05T11:25:00,2026-08-05T11:25:36,2026-08-05T11:26:34,A,H2,Coke,13647.8,13732.4,36,58
BATCH-20260805-099,2026-08-05T11:32:00,2026-08-05T11:32:55,2026-08-05T11:33:54,A,H3,Pellet,21718.4,21741.8,55,59
BATCH-20260805-100,2026-08-05T11:32:00,2026-08-05T11:33:04,2026-08-05T11:33:42,A,H4,Sinter,19791.2,19803.9,64,38
BATCH-20260805-101,2026-08-05T11:49:00,2026-08-05T11:50:20,2026-08-05T11:51:10,A,H1,Pellet,12476.1,12517.4,80,50
BATCH-20260805-102,2026-08-05T11:50:00,2026-08-05T11:50:57,2026-08-05T11:51:44,A,H4,Sinter,15949.1,15920.7,57,47
BATCH-20260805-103,2026-08-05T11:53:00,2026-08-05T11:53:30,2026-08-05T11:54:17,A,H4,Ore,27080.8,27087.0,30,47
BATCH-20260805-104,2026-08-05T11:58:00,2026-08-05T11:58:32,2026-08-05T11:58:58,A,H3,Pellet,18461.9,18455.0,32,26
BATCH-20260805-105,2026-08-05T12:04:00,2026-08-05T12:04:51,2026-08-05T12:05:24,A,H1,Sinter,20272.0,20263.2,51,33
BATCH-20260805-106,2026-08-05T12:09:00,2026-08-05T12:09:49,2026-08-05T12:10:31,A,H2,Sinter,18058.1,17998.0,49,42
BATCH-20260805-107,2026-08-05T12:21:00,2026-08-05T12:22:10,2026-08-05T12:22:31,A,H4,Limestone,11217.6,11355.9,70,21
BATCH-20260805-108,2026-08-05T12:27:00,2026-08-05T12:28:16,2026-08-05T12:28:56,A,H4,Sinter,17115.6,17190.5,76,40
BATCH-20260805-109,2026-08-05T12:43:00,2026-08-05T12:43:32,2026-08-05T12:44:28,A,H3,Coke,11992.2,11917.3,32,56
BATCH-20260805-110,2026-08-05T12:52:00,2026-08-05T12:52:35,2026-08-05T12:53:15,A,H2,Coke,17126.2,17202.0,35,40
BATCH-20260805-111,2026-08-05T12:56:00,2026-08-05T12:57:30,2026-08-05T12:58:24,A,H2,Pellet,21010.4,21100.4,90,54
BATCH-20260805-112,2026-08-05T13:21:00,2026-08-05T13:21:39,2026-08-05T13:22:26,A,H4,Ore,28068.0,28054.9,39,47
BATCH-20260805-113,2026-08-05T13:28:00,2026-08-05T13:29:08,2026-08-05T13:29:51,A,H1,Pellet,15842.2,15845.3,68,43
BATCH-20260805-114,2026-08-05T13:49:00,2026-08-05T13:49:49,2026-08-05T13:50:16,A,H1,Limestone,12428.4,12429.3,49,27
BATCH-20260805-115,2026-08-05T13:53:00,2026-08-05T13:54:10,2026-08-05T13:54:34,A,H3,Ore,26012.8,26081.2,70,24
BATCH-20260805-116,2026-08-05T13:57:00,2026-08-05T13:58:18,2026-08-05T13:58:38,A,H4,Sinter,21456.4,21432.9,78,20
BATCH-20260805-117,2026-08-05T14:01:00,2026-08-05T14:02:10,2026-08-05T14:03:02,B,H2,Coke,15206.0,15228.5,70,52
BATCH-20260805-118,2026-08-05T14:04:00,2026-08-05T14:04:37,2026-08-05T14:05:24,B,H3,Ore,26765.2,26734.0,37,47
BATCH-20260805-119,2026-08-05T14:29:00,2026-08-05T14:29:38,2026-08-05T14:30:12,B,H1,Ore,23817.1,23737.8,38,34
BATCH-20260805-120,2026-08-05T14:30:00,2026-08-05T14:31:23,2026-08-05T14:32:11,B,H2,Ore,19325.8,19241.3,83,48
BATCH-20260805-121,2026-08-05T14:31:00,2026-08-05T14:31:40,2026-08-05T14:32:35,B,H4,Sinter,16170.5,16182.5,40,55
BATCH-20260805-122,2026-08-05T14:46:00,2026-08-05T14:46:59,2026-08-05T14:47:21,B,H4,Ore,23410.6,23350.8,59,22
BATCH-20260805-123,2026-08-05T14:49:00,2026-08-05T14:49:32,2026-08-05T14:50:11,B,H1,Limestone,12190.2,12120.9,32,39
BATCH-20260805-124,2026-08-05T14:54:00,2026-08-05T14:54:32,2026-08-05T14:55:14,B,H2,Sinter,18513.5,18437.4,32,42
BATCH-20260805-125,2026-08-05T15:10:00,2026-08-05T15:10:37,2026-08-05T15:11:18,B,H2,Ore,25212.2,24645.4,37,41
BATCH-20260805-126,2026-08-05T15:14:00,2026-08-05T15:15:02,2026-08-05T15:15:31,B,H4,Sinter,18950.7,19013.4,62,29
BATCH-20260805-127,2026-08-05T15:15:00,2026-08-05T15:16:14,2026-08-05T15:16:57,B,H2,Limestone,12820.9,12809.0,74,43
BATCH-20260805-128,2026-08-05T15:15:00,2026-08-05T15:15:55,2026-08-05T15:16:32,B,H3,Sinter,15618.5,15683.8,55,37
BATCH-20260805-129,2026-08-05T15:18:00,2026-08-05T15:19:15,2026-08-05T15:19:53,B,H4,Pellet,15717.7,15753.2,75,38
BATCH-20260805-130,2026-08-05T15:32:00,2026-08-05T15:33:20,2026-08-05T15:33:58,B,H2,Pellet,16210.3,16228.8,80,38
BATCH-20260805-131,2026-08-05T15:49:00,2026-08-05T15:50:08,2026-08-05T15:50:44,B,H1,Limestone,13144.4,13137.7,68,36
BATCH-20260805-132,2026-08-05T15:52:00,2026-08-05T15:52:52,2026-08-05T15:53:46,B,H3,Sinter,15871.3,15884.0,52,54
BATCH-20260805-133,2026-08-05T15:59:00,2026-08-05T15:59:59,2026-08-05T16:00:38,B,H4,Coke,14234.6,14245.7,59,39
BATCH-20260805-134,2026-08-05T16:06:00,2026-08-05T16:06:32,2026-08-05T16:07:16,B,H1,Ore,26535.7,26550.2,32,44
BATCH-20260805-135,2026-08-05T16:21:00,2026-08-05T16:21:57,2026-08-05T16:22:38,B,H4,Coke,10336.5,10366.0,57,41
BATCH-20260805-136,2026-08-05T16:50:00,2026-08-05T16:50:42,2026-08-05T16:51:30,B,H2,Limestone,10767.3,10733.9,42,48
BATCH-20260805-137,2026-08-05T17:02:00,2026-08-05T17:03:09,2026-08-05T17:03:37,B,H4,Limestone,15222.7,15246.1,69,28
BATCH-20260805-138,2026-08-05T17:25:00,2026-08-05T17:25:32,2026-08-05T17:26:05,B,H3,Ore,18311.7,18359.8,32,33
BATCH-20260805-139,2026-08-05T17:39:00,2026-08-05T17:40:15,2026-08-05T17:40:59,B,H4,Limestone,12291.5,12207.5,75,44
BATCH-20260805-140,2026-08-05T17:43:00,2026-08-05T17:43:53,2026-08-05T17:44:45,B,H4,Limestone,13868.4,13879.9,53,52
BATCH-20260805-141,2026-08-05T17:54:00,2026-08-05T17:54:52,2026-08-05T17:55:41,B,H4,Sinter,17705.3,17693.3,52,49
BATCH-20260805-142,2026-08-05T18:09:00,2026-08-05T18:10:17,2026-08-05T18:11:14,B,H3,Coke,16469.6,16561.9,77,57
BATCH-20260805-143,2026-08-05T18:12:00,2026-08-05T18:13:00,2026-08-05T18:13:31,B,H4,Pellet,17522.0,17619.1,60,31
BATCH-20260805-144,2026-08-05T18:20:00,2026-08-05T18:21:06,2026-08-05T18:21:44,B,H1,Sinter,16620.3,16617.8,66,38
BATCH-20260805-145,2026-08-05T18:21:00,2026-08-05T18:22:30,2026-08-05T18:23:22,B,H2,Coke,15367.1,15307.7,90,52
BATCH-20260805-146,2026-08-05T18:23:00,2026-08-05T18:23:41,2026-08-05T18:24:04,B,H3,Coke,16215.7,16182.0,41,23
BATCH-20260805-147,2026-08-05T18:27:00,2026-08-05T18:27:42,2026-08-05T18:28:03,B,H1,Pellet,19412.8,19363.4,42,21
BATCH-20260805-148,2026-08-05T18:31:00,2026-08-05T18:32:21,2026-08-05T18:32:43,B,H4,Pellet,21476.5,21378.2,81,22
BATCH-20260805-149,2026-08-05T18:35:00,2026-08-05T18:36:18,2026-08-05T18:36:50,B,H4,Sinter,22795.0,22855.6,78,32
BATCH-20260805-150,2026-08-05T18:56:00,2026-08-05T18:57:11,2026-08-05T18:58:05,B,H3,Sinter,16244.5,16238.1,71,54
BATCH-20260805-151,2026-08-05T19:09:00,2026-08-05T19:09:46,2026-08-05T19:10:24,B,H4,Ore,20210.1,20371.3,46,38
BATCH-20260805-152,2026-08-05T19:13:00,2026-08-05T19:13:42,2026-08-05T19:14:29,B,H4,Limestone,10018.6,10038.4,42,47
BATCH-20260805-153,2026-08-05T19:15:00,2026-08-05T19:16:24,2026-08-05T19:16:58,B,H3,Coke,15311.1,15328.1,84,34
BATCH-20260805-154,2026-08-05T19:20:00,2026-08-05T19:21:09,2026-08-05T19:22:01,B,H1,Limestone,15370.5,15322.3,69,52
BATCH-20260805-155,2026-08-05T19:22:00,2026-08-05T19:22:54,2026-08-05T19:23:23,B,H4,Ore,21557.0,21626.3,54,29
BATCH-20260805-156,2026-08-05T19:26:00,2026-08-05T19:27:22,2026-08-05T19:27:59,B,H1,Ore,29797.0,29718.7,82,37
BATCH-20260805-157,2026-08-05T19:31:00,2026-08-05T19:32:19,2026-08-05T19:33:07,B,H2,Limestone,13950.6,13855.4,79,48
BATCH-20260805-158,2026-08-05T19:35:00,2026-08-05T19:35:52,2026-08-05T19:36:12,B,H3,Limestone,15111.5,15056.9,52,20
BATCH-20260805-159,2026-08-05T19:38:00,2026-08-05T19:38:35,2026-08-05T19:39:16,B,H2,Limestone,10043.0,10014.9,35,41
BATCH-20260805-160,2026-08-05T19:45:00,2026-08-05T19:46:25,2026-08-05T19:46:47,B,H2,Pellet,18517.5,18577.1,85,22
BATCH-20260805-161,2026-08-05T19:45:00,2026-08-05T19:45:59,2026-08-05T19:46:48,B,H3,Coke,12804.8,12809.4,59,49
BATCH-20260805-162,2026-08-05T19:47:00,2026-08-05T19:47:33,2026-08-05T19:48:20,B,H4,Coke,15484.6,15521.0,33,47
BATCH-20260805-163,2026-08-05T19:52:00,2026-08-05T19:52:53,2026-08-05T19:53:19,B,H4,Coke,16355.4,16336.9,53,26
BATCH-20260805-164,2026-08-05T19:54:00,2026-08-05T19:55:17,2026-08-05T19:55:40,B,H3,Pellet,21288.0,21320.2,77,23
BATCH-20260805-165,2026-08-05T19:55:00,2026-08-05T19:56:25,2026-08-05T19:57:06,B,H1,Coke,14682.2,14696.5,85,41
BATCH-20260805-166,2026-08-05T20:08:00,2026-08-05T20:09:24,2026-08-05T20:09:46,B,H4,Limestone,14917.5,14853.7,84,22
BATCH-20260805-167,2026-08-05T20:16:00,2026-08-05T20:16:38,2026-08-05T20:17:20,B,H3,Sinter,17131.0,17123.9,38,42
BATCH-20260805-168,2026-08-05T20:24:00,2026-08-05T20:24:54,2026-08-05T20:25:25,B,H4,Limestone,12204.9,12220.7,54,31
BATCH-20260805-169,2026-08-05T20:27:00,2026-08-05T20:27:53,2026-08-05T20:28:48,B,H2,Coke,10161.1,10200.2,53,55
BATCH-20260805-170,2026-08-05T20:27:00,2026-08-05T20:28:21,2026-08-05T20:28:49,B,H4,Pellet,20330.6,20326.0,81,28
BATCH-20260805-171,2026-08-05T20:39:00,2026-08-05T20:39:51,2026-08-05T20:40:47,B,H4,Limestone,12065.9,12087.6,51,56
BATCH-20260805-172,2026-08-05T20:44:00,2026-08-05T20:45:22,2026-08-05T20:45:58,B,H4,Sinter,22730.2,22725.9,82,36
BATCH-20260805-173,2026-08-05T20:54:00,2026-08-05T20:55:24,2026-08-05T20:55:48,B,H1,Coke,17385.9,17463.2,84,24
BATCH-20260805-174,2026-08-05T21:06:00,2026-08-05T21:06:40,2026-08-05T21:07:18,B,H2,Ore,18391.5,18473.3,40,38
BATCH-20260805-175,2026-08-05T21:09:00,2026-08-05T21:09:30,2026-08-05T21:10:18,B,H4,Limestone,12045.3,11997.7,30,48
BATCH-20260805-176,2026-08-05T21:20:00,2026-08-05T21:21:12,2026-08-05T21:21:35,B,H3,Sinter,23861.2,23876.9,72,23
BATCH-20260805-177,2026-08-05T21:40:00,2026-08-05T21:40:32,2026-08-05T21:41:31,B,H3,Sinter,24835.1,24842.9,32,59
BATCH-20260805-178,2026-08-05T21:42:00,2026-08-05T21:42:58,2026-08-05T21:43:18,B,H3,Coke,13417.3,13144.1,58,20
BATCH-20260805-179,2026-08-05T21:44:00,2026-08-05T21:44:33,2026-08-05T21:45:33,B,H2,Ore,20894.0,20904.0,33,60
BATCH-20260805-180,2026-08-05T21:44:00,2026-08-05T21:45:17,2026-08-05T21:46:14,B,H1,Ore,24544.0,24568.0,77,57
BATCH-20260805-181,2026-08-05T21:45:00,2026-08-05T21:45:39,2026-08-05T21:46:29,B,H3,Pellet,12630.1,12668.3,39,50
BATCH-20260805-182,2026-08-05T21:59:00,2026-08-05T22:00:11,2026-08-05T22:00:40,B,H1,Coke,10321.4,10283.5,71,29
BATCH-20260805-183,2026-08-05T22:10:00,2026-08-05T22:11:14,2026-08-05T22:11:46,C,H2,Limestone,15278.0,15293.3,74,32
BATCH-20260805-184,2026-08-05T22:13:00,2026-08-05T22:14:27,2026-08-05T22:15:13,C,H2,Pellet,19762.9,19762.4,87,46
BATCH-20260805-185,2026-08-05T22:23:00,2026-08-05T22:23:51,2026-08-05T22:24:25,C,H4,Ore,26196.2,26228.9,51,34
BATCH-20260805-186,2026-08-05T22:41:00,2026-08-05T22:41:55,2026-08-05T22:42:23,C,H1,Pellet,18911.9,18866.3,55,28
BATCH-20260805-187,2026-08-05T22:47:00,2026-08-05T22:47:42,2026-08-05T22:48:15,C,H2,Ore,22165.3,22146.4,42,33
BATCH-20260805-188,2026-08-05T22:49:00,2026-08-05T22:49:57,2026-08-05T22:50:39,C,H4,Limestone,10010.8,9993.4,57,42
BATCH-20260805-189,2026-08-05T22:52:00,2026-08-05T22:52:44,2026-08-05T22:53:28,C,H2,Limestone,11315.7,11279.0,44,44
BATCH-20260805-190,2026-08-05T22:53:00,2026-08-05T22:54:00,2026-08-05T22:54:46,C,H4,Ore,29717.0,29757.4,60,46
BATCH-20260805-191,2026-08-05T23:08:00,2026-08-05T23:09:28,2026-08-05T23:10:11,C,H1,Pellet,20781.8,20737.4,88,43
BATCH-20260805-192,2026-08-05T23:09:00,2026-08-05T23:10:22,2026-08-05T23:11:22,C,H3,Sinter,21480.2,21390.1,82,60
BATCH-20260805-193,2026-08-05T23:22:00,2026-08-05T23:23:04,2026-08-05T23:23:45,C,H3,Sinter,21723.8,21798.2,64,41
BATCH-20260805-194,2026-08-05T23:30:00,2026-08-05T23:31:27,2026-08-05T23:32:08,C,H3,Coke,11491.3,11487.1,87,41
BATCH-20260805-195,2026-08-05T23:34:00,2026-08-05T23:34:46,2026-08-05T23:35:39,C,H1,Coke,17096.1,17070.6,46,53
BATCH-20260805-196,2026-08-05T23:40:00,2026-08-05T23:41:17,2026-08-05T23:41:46,C,H1,Coke,15713.8,15746.6,77,29
BATCH-20260805-197,2026-08-05T23:43:00,2026-08-05T23:44:01,2026-08-05T23:44:28,C,H2,Pellet,19328.2,19292.0,61,27
BATCH-20260805-198,2026-08-05T23:47:00,2026-08-05T23:48:27,2026-08-05T23:49:08,C,H2,Limestone,13566.2,13540.7,87,41
BATCH-20260805-199,2026-08-05T23:51:00,2026-08-05T23:52:13,2026-08-05T23:53:00,C,H4,Coke,14949.2,14933.8,73,47
BATCH-20260805-200,2026-08-05T23:55:00,2026-08-05T23:56:09,2026-08-05T23:56:55,C,H2,Pellet,16883.9,16922.9,69,46
BATCH-20260806-001,2026-08-06T00:00:00,2026-08-06T00:01:24,2026-08-06T00:01:56,C,H1,Pellet,16591.3,16554.3,84,32
BATCH-20260806-002,2026-08-06T00:08:00,2026-08-06T00:09:04,2026-08-06T00:09:29,C,H2,Sinter,21747.3,21733.4,64,25
BATCH-20260806-003,2026-08-06T00:14:00,2026-08-06T00:14:37,2026-08-06T00:15:24,C,H2,Pellet,17942.6,17924.6,37,47
BATCH-20260806-004,2026-08-06T00:18:00,2026-08-06T00:19:07,2026-08-06T00:19:35,C,H1,Pellet,21665.9,21689.1,67,28
BATCH-20260806-005,2026-08-06T00:36:00,2026-08-06T00:37:02,2026-08-06T00:37:32,C,H1,Sinter,16028.3,15923.0,62,30
BATCH-20260806-006,2026-08-06T00:37:00,2026-08-06T00:37:39,2026-08-06T00:38:17,C,H4,Coke,14826.9,14855.2,39,38
BATCH-20260806-007,2026-08-06T00:44:00,2026-08-06T00:44:56,2026-08-06T00:45:30,C,H2,Sinter,15451.1,15528.3,56,34
BATCH-20260806-008,2026-08-06T00:52:00,2026-08-06T00:53:21,2026-08-06T00:53:53,C,H2,Coke,11900.0,12041.6,81,32
BATCH-20260806-009,2026-08-06T00:53:00,2026-08-06T00:53:51,2026-08-06T00:54:20,C,H3,Limestone,14759.8,14713.1,51,29
BATCH-20260806-010,2026-08-06T00:56:00,2026-08-06T00:57:28,2026-08-06T00:58:22,C,H3,Sinter,19145.2,19190.7,88,54
BATCH-20260806-011,2026-08-06T01:09:00,2026-08-06T01:09:36,2026-08-06T01:10:07,C,H1,Ore,28519.4,28567.7,36,31
BATCH-20260806-012,2026-08-06T01:20:00,2026-08-06T01:20:31,2026-08-06T01:21:06,C,H3,Ore,24429.3,24399.0,31,35
BATCH-20260806-013,2026-08-06T01:29:00,2026-08-06T01:30:00,2026-08-06T01:30:24,C,H1,Pellet,13968.9,13931.0,60,24
BATCH-20260806-014,2026-08-06T01:30:00,2026-08-06T01:30:45,2026-08-06T01:31:34,C,H2,Ore,22490.2,22453.1,45,49
BATCH-20260806-015,2026-08-06T01:30:00,2026-08-06T01:30:59,2026-08-06T01:31:52,C,H4,Coke,13824.0,13807.6,59,53
BATCH-20260806-016,2026-08-06T02:00:00,2026-08-06T02:00:47,2026-08-06T02:01:46,C,H3,Ore,22761.2,22760.0,47,59
BATCH-20260806-017,2026-08-06T02:12:00,2026-08-06T02:13:24,2026-08-06T02:14:20,C,H2,Coke,14045.9,14066.9,84,56
BATCH-20260806-018,2026-08-06T02:17:00,2026-08-06T02:18:24,2026-08-06T02:18:55,C,H1,Coke,16241.4,16242.4,84,31
BATCH-20260806-019,2026-08-06T02:21:00,2026-08-06T02:22:20,2026-08-06T02:23:02,C,H4,Pellet,13155.5,13213.0,80,42
BATCH-20260806-020,2026-08-06T02:22:00,2026-08-06T02:23:30,2026-08-06T02:24:07,C,H2,Pellet,19405.2,19309.3,90,37
BATCH-20260806-021,2026-08-06T02:24:00,2026-08-06T02:24:59,2026-08-06T02:25:44,C,H2,Limestone,14834.9,14856.7,59,45
BATCH-20260806-022,2026-08-06T02:31:00,2026-08-06T02:31:35,2026-08-06T02:32:15,C,H3,Pellet,21267.4,21284.5,35,40
BATCH-20260806-023,2026-08-06T02:35:00,2026-08-06T02:35:42,2026-08-06T02:36:03,C,H4,Coke,17462.0,17437.4,42,21
BATCH-20260806-024,2026-08-06T02:42:00,2026-08-06T02:42:47,2026-08-06T02:43:12,C,H2,Pellet,15593.1,15615.9,47,25
BATCH-20260806-025,2026-08-06T03:10:00,2026-08-06T03:11:22,2026-08-06T03:11:47,C,H2,Limestone,15489.7,15515.5,82,25
BATCH-20260806-026,2026-08-06T03:23:00,2026-08-06T03:24:17,2026-08-06T03:24:38,C,H3,Ore,24108.1,24112.8,77,21
BATCH-20260806-027,2026-08-06T03:23:00,2026-08-06T03:23:57,2026-08-06T03:24:48,C,H4,Pellet,21289.3,21361.6,57,51
BATCH-20260806-028,2026-08-06T03:24:00,2026-08-06T03:25:09,2026-08-06T03:26:06,C,H3,Limestone,14703.1,14753.7,69,57
BATCH-20260806-029,2026-08-06T03:28:00,2026-08-06T03:28:47,2026-08-06T03:29:46,C,H3,Coke,11453.5,11456.0,47,59
BATCH-20260806-030,2026-08-06T03:34:00,2026-08-06T03:35:00,2026-08-06T03:35:36,C,H3,Sinter,23425.8,23436.6,60,36
BATCH-20260806-031,2026-08-06T03:50:00,2026-08-06T03:51:06,2026-08-06T03:52:05,C,H3,Coke,12329.7,12387.1,66,59
BATCH-20260806-032,2026-08-06T04:08:00,2026-08-06T04:08:56,2026-08-06T04:09:40,C,H2,Sinter,17043.8,17004.1,56,44
BATCH-20260806-033,2026-08-06T04:11:00,2026-08-06T04:11:40,2026-08-06T04:12:13,C,H3,Coke,17920.5,17911.1,40,33
BATCH-20260806-034,2026-08-06T04:12:00,2026-08-06T04:12:42,2026-08-06T04:13:07,C,H1,Pellet,12283.9,12280.6,42,25
BATCH-20260806-035,2026-08-06T04:16:00,2026-08-06T04:17:22,2026-08-06T04:18:02,C,H2,Coke,17881.5,17828.0,82,40
BATCH-20260806-036,2026-08-06T04:19:00,2026-08-06T04:20:01,2026-08-06T04:20:27,C,H4,Ore,18163.6,18116.2,61,26
BATCH-20260806-037,2026-08-06T04:39:00,2026-08-06T04:39:47,2026-08-06T04:40:14,C,H4,Pellet,12489.6,12512.2,47,27
BATCH-20260806-038,2026-08-06T04:45:00,2026-08-06T04:46:15,2026-08-06T04:46:47,C,H3,Limestone,13721.1,13794.1,75,32
BATCH-20260806-039,2026-08-06T04:45:00,2026-08-06T04:45:56,2026-08-06T04:46:49,C,H2,Ore,27236.4,27230.1,56,53
BATCH-20260806-040,2026-08-06T04:45:00,2026-08-06T04:45:51,2026-08-06T04:46:38,C,H4,Pellet,19773.6,19686.5,51,47
BATCH-20260806-041,2026-08-06T05:02:00,2026-08-06T05:03:22,2026-08-06T05:03:55,C,H2,Pellet,15204.6,15190.7,82,33
BATCH-20260806-042,2026-08-06T05:04:00,2026-08-06T05:04:36,2026-08-06T05:05:20,C,H2,Coke,16379.3,16461.1,36,44
BATCH-20260806-043,2026-08-06T05:11:00,2026-08-06T05:11:43,2026-08-06T05:12:23,C,H1,Pellet,21215.4,21824.0,43,40
BATCH-20260806-044,2026-08-06T05:17:00,2026-08-06T05:17:59,2026-08-06T05:18:38,C,H4,Pellet,18271.0,18270.9,59,39
BATCH-20260806-045,2026-08-06T05:31:00,2026-08-06T05:32:24,2026-08-06T05:33:12,C,H2,Pellet,12414.4,12188.4,84,48
BATCH-20260806-046,2026-08-06T05:36:00,2026-08-06T05:36:51,2026-08-06T05:37:31,C,H2,Pellet,20082.0,20032.8,51,40
BATCH-20260806-047,2026-08-06T05:40:00,2026-08-06T05:41:20,2026-08-06T05:41:50,C,H4,Pellet,21977.0,21952.4,80,30
BATCH-20260806-048,2026-08-06T05:51:00,2026-08-06T05:52:02,2026-08-06T05:52:48,C,H2,Limestone,15331.9,15279.9,62,46
BATCH-20260806-049,2026-08-06T05:52:00,2026-08-06T05:53:08,2026-08-06T05:54:01,C,H1,Ore,19301.3,19317.6,68,53
BATCH-20260806-050,2026-08-06T05:54:00,2026-08-06T05:54:36,2026-08-06T05:55:29,C,H3,Pellet,20052.8,20126.6,36,53
BATCH-20260806-051,2026-08-06T06:20:00,2026-08-06T06:20:39,2026-08-06T06:21:36,A,H3,Sinter,20170.8,20138.0,39,57
BATCH-20260806-052,2026-08-06T06:38:00,2026-08-06T06:39:26,2026-08-06T06:40:26,A,H1,Coke,14418.0,14403.5,86,60
BATCH-20260806-053,2026-08-06T06:50:00,2026-08-06T06:50:56,2026-08-06T06:51:47,A,H1,Limestone,12490.7,12468.8,56,51
BATCH-20260806-054,2026-08-06T06:59:00,2026-08-06T07:00:24,2026-08-06T07:01:05,A,H1,Ore,22990.2,22976.3,84,41
BATCH-20260806-055,2026-08-06T07:01:00,2026-08-06T07:01:59,2026-08-06T07:02:39,A,H3,Pellet,15058.1,15048.8,59,40
BATCH-20260806-056,2026-08-06T07:11:00,2026-08-06T07:12:24,2026-08-06T07:13:18,A,H1,Limestone,14264.8,14309.1,84,54
BATCH-20260806-057,2026-08-06T07:13:00,2026-08-06T07:13:56,2026-08-06T07:14:47,A,H4,Ore,26298.8,26303.5,56,51
BATCH-20260806-058,2026-08-06T07:23:00,2026-08-06T07:24:16,2026-08-06T07:24:38,A,H3,Pellet,15758.0,15758.4,76,22
BATCH-20260806-059,2026-08-06T07:42:00,2026-08-06T07:43:00,2026-08-06T07:43:41,A,H2,Ore,21630.7,21561.3,60,41
BATCH-20260806-060,2026-08-06T07:52:00,2026-08-06T07:52:47,2026-08-06T07:53:09,A,H2,Limestone,11428.2,11493.2,47,22
BATCH-20260806-061,2026-08-06T07:52:00,2026-08-06T07:53:14,2026-08-06T07:53:45,A,H1,Pellet,20727.3,20757.6,74,31
BATCH-20260806-062,2026-08-06T08:02:00,2026-08-06T08:02:33,2026-08-06T08:03:22,A,H4,Sinter,19144.3,19162.8,33,49
BATCH-20260806-063,2026-08-06T08:13:00,2026-08-06T08:13:48,2026-08-06T08:14:08,A,H3,Ore,22468.6,22436.5,48,20
BATCH-20260806-064,2026-08-06T08:16:00,2026-08-06T08:17:10,2026-08-06T08:17:38,A,H2,Pellet,21280.8,21308.0,70,28
BATCH-20260806-065,2026-08-06T08:29:00,2026-08-06T08:30:29,2026-08-06T08:31:02,A,H1,Limestone,12287.8,12276.2,89,33
BATCH-20260806-066,2026-08-06T08:32:00,2026-08-06T08:32:30,2026-08-06T08:33:28,A,H3,Pellet,16791.3,16711.7,30,58
BATCH-20260806-067,2026-08-06T08:35:00,2026-08-06T08:35:35,2026-08-06T08:36:17,A,H3,Pellet,20673.1,20590.7,35,42
BATCH-20260806-068,2026-08-06T08:37:00,2026-08-06T08:38:13,2026-08-06T08:39:11,A,H3,Ore,19054.0,18978.2,73,58
BATCH-20260806-069,2026-08-06T08:38:00,2026-08-06T08:39:05,2026-08-06T08:39:32,A,H1,Sinter,23204.0,23196.0,65,27
BATCH-20260806-070,2026-08-06T08:45:00,2026-08-06T08:45:43,2026-08-06T08:46:25,A,H1,Limestone,11537.1,11518.6,43,42
BATCH-20260806-071,2026-08-06T08:47:00,2026-08-06T08:47:37,2026-08-06T08:48:19,A,H4,Coke,15794.2,15782.3,37,42
BATCH-20260806-072,2026-08-06T08:52:00,2026-08-06T08:53:30,2026-08-06T08:54:12,A,H3,Coke,15868.1,15903.0,90,42
BATCH-20260806-073,2026-08-06T08:56:00,2026-08-06T08:57:00,2026-08-06T08:57:26,A,H1,Limestone,14774.4,14806.0,60,26
BATCH-20260806-074,2026-08-06T09:11:00,2026-08-06T09:11:52,2026-08-06T09:12:50,A,H2,Sinter,20165.4,20148.8,52,58
BATCH-20260806-075,2026-08-06T09:21:00,2026-08-06T09:21:38,2026-08-06T09:22:13,A,H1,Limestone,15716.9,15726.4,38,35
BATCH-20260806-076,2026-08-06T09:25:00,2026-08-06T09:26:09,2026-08-06T09:26:44,A,H4,Coke,14096.7,14125.5,69,35
BATCH-20260806-077,2026-08-06T09:29:00,2026-08-06T09:29:48,2026-08-06T09:30:10,A,H4,Pellet,12405.4,12349.7,48,22
BATCH-20260806-078,2026-08-06T09:32:00,2026-08-06T09:33:26,2026-08-06T09:34:10,A,H4,Pellet,21023.4,20957.0,86,44
BATCH-20260806-079,2026-08-06T09:34:00,2026-08-06T09:34:59,2026-08-06T09:35:36,A,H3,Pellet,15586.3,15568.0,59,37
BATCH-20260806-080,2026-08-06T09:52:00,2026-08-06T09:53:02,2026-08-06T09:53:33,A,H1,Limestone,10223.5,10353.3,62,31
BATCH-20260806-081,2026-08-06T09:52:00,2026-08-06T09:53:24,2026-08-06T09:54:04,A,H4,Pellet,13093.0,13143.4,84,40
BATCH-20260806-082,2026-08-06T09:53:00,2026-08-06T09:54:28,2026-08-06T09:55:23,A,H4,Limestone,13437.8,13420.3,88,55
BATCH-20260806-083,2026-08-06T10:08:00,2026-08-06T10:08:41,2026-08-06T10:09:39,A,H2,Coke,12947.5,12882.7,41,58
BATCH-20260806-084,2026-08-06T10:28:00,2026-08-06T10:29:30,2026-08-06T10:30:18,A,H2,Coke,12462.0,12412.8,90,48
BATCH-20260806-085,2026-08-06T10:32:00,2026-08-06T10:33:10,2026-08-06T10:33:31,A,H2,Ore,22756.2,22763.6,70,21
BATCH-20260806-086,2026-08-06T10:43:00,2026-08-06T10:43:32,2026-08-06T10:44:15,A,H2,Coke,12547.8,12634.4,32,43
BATCH-20260806-087,2026-08-06T10:45:00,2026-08-06T10:46:28,2026-08-06T10:46:53,A,H4,Limestone,12933.1,12926.6,88,25
BATCH-20260806-088,2026-08-06T10:52:00,2026-08-06T10:53:23,2026-08-06T10:53:47,A,H1,Coke,11035.7,10946.4,83,24
BATCH-20260806-089,2026-08-06T10:59:00,2026-08-06T10:59:53,2026-08-06T11:00:23,A,H1,Limestone,13490.9,13549.4,53,30
BATCH-20260806-090,2026-08-06T10:59:00,2026-08-06T11:00:30,2026-08-06T11:01:21,A,H1,Pellet,14280.0,14316.8,90,51
BATCH-20260806-091,2026-08-06T11:10:00,2026-08-06T11:10:44,2026-08-06T11:11:35,A,H1,Limestone,13558.8,13528.1,44,51
BATCH-20260806-092,2026-08-06T11:18:00,2026-08-06T11:18:46,2026-08-06T11:19:23,A,H3,Pellet,14616.1,14620.2,46,37
BATCH-20260806-093,2026-08-06T11:45:00,2026-08-06T11:46:28,2026-08-06T11:46:58,A,H1,Ore,25799.3,25784.1,88,30
BATCH-20260806-094,2026-08-06T11:48:00,2026-08-06T11:48:57,2026-08-06T11:49:31,A,H3,Sinter,21078.1,21009.3,57,34
BATCH-20260806-095,2026-08-06T11:58:00,2026-08-06T11:59:23,2026-08-06T12:00:07,A,H2,Pellet,18274.2,18352.5,83,44
BATCH-20260806-096,2026-08-06T12:09:00,2026-08-06T12:10:11,2026-08-06T12:10:31,A,H3,Sinter,15295.5,15260.7,71,20
BATCH-20260806-097,2026-08-06T12:16:00,2026-08-06T12:17:03,2026-08-06T12:17:51,A,H1,Limestone,13694.5,13666.7,63,48
BATCH-20260806-098,2026-08-06T12:39:00,2026-08-06T12:40:13,2026-08-06T12:41:02,A,H2,Sinter,23304.6,23193.7,73,49
BATCH-20260806-099,2026-08-06T12:40:00,2026-08-06T12:41:29,2026-08-06T12:41:53,A,H4,Coke,10266.0,10212.3,89,24
BATCH-20260806-100,2026-08-06T12:46:00,2026-08-06T12:46:32,2026-08-06T12:46:58,A,H4,Coke,12449.1,12437.1,32,26
BATCH-20260806-101,2026-08-06T13:07:00,2026-08-06T13:07:45,2026-08-06T13:08:41,A,H1,Ore,28071.3,28007.1,45,56
BATCH-20260806-102,2026-08-06T13:10:00,2026-08-06T13:10:45,2026-08-06T13:11:23,A,H4,Pellet,19321.1,19352.3,45,38
BATCH-20260806-103,2026-08-06T13:13:00,2026-08-06T13:14:24,2026-08-06T13:15:09,A,H1,Pellet,21999.2,21967.7,84,45
BATCH-20260806-104,2026-08-06T13:26:00,2026-08-06T13:26:37,2026-08-06T13:27:11,A,H2,Limestone,15540.4,15457.6,37,34
BATCH-20260806-105,2026-08-06T13:30:00,2026-08-06T13:31:03,2026-08-06T13:31:27,A,H3,Pellet,21083.1,21123.1,63,24
BATCH-20260806-106,2026-08-06T13:36:00,2026-08-06T13:36:31,2026-08-06T13:37:07,A,H4,Coke,12513.7,12582.8,31,36
BATCH-20260806-107,2026-08-06T13:42:00,2026-08-06T13:43:03,2026-08-06T13:43:35,A,H3,Sinter,21636.0,21556.6,63,32
BATCH-20260806-108,2026-08-06T13:49:00,2026-08-06T13:49:45,2026-08-06T13:50:14,A,H4,Limestone,13440.5,13388.9,45,29
BATCH-20260806-109,2026-08-06T13:53:00,2026-08-06T13:53:32,2026-08-06T13:53:52,A,H2,Coke,17233.7,17272.2,32,20
BATCH-20260806-110,2026-08-06T13:55:00,2026-08-06T13:55:48,2026-08-06T13:56:27,A,H2,Limestone,10454.8,10436.2,48,39
BATCH-20260806-111,2026-08-06T14:05:00,2026-08-06T14:05:32,2026-08-06T14:06:32,B,H2,Sinter,17790.3,17810.5,32,60
BATCH-20260806-112,2026-08-06T14:41:00,2026-08-06T14:41:44,2026-08-06T14:42:33,B,H3,Sinter,22817.2,22835.7,44,49
BATCH-20260806-113,2026-08-06T14:48:00,2026-08-06T14:48:59,2026-08-06T14:49:57,B,H4,Limestone,13590.2,13646.4,59,58
BATCH-20260806-114,2026-08-06T14:54:00,2026-08-06T14:55:30,2026-08-06T14:56:23,B,H2,Sinter,20138.8,20227.5,90,53
BATCH-20260806-115,2026-08-06T14:55:00,2026-08-06T14:56:21,2026-08-06T14:56:43,B,H1,Limestone,10636.2,10424.2,81,22
BATCH-20260806-116,2026-08-06T15:07:00,2026-08-06T15:08:15,2026-08-06T15:08:47,B,H4,Sinter,20841.6,20917.4,75,32
BATCH-20260806-117,2026-08-06T15:09:00,2026-08-06T15:10:28,2026-08-06T15:11:12,B,H4,Limestone,13076.7,13010.2,88,44
BATCH-20260806-118,2026-08-06T15:11:00,2026-08-06T15:11:47,2026-08-06T15:12:45,B,H4,Limestone,15482.7,15412.0,47,58
BATCH-20260806-119,2026-08-06T15:17:00,2026-08-06T15:17:54,2026-08-06T15:18:27,B,H4,Ore,25229.7,25239.5,54,33
BATCH-20260806-120,2026-08-06T15:19:00,2026-08-06T15:19:44,2026-08-06T15:20:08,B,H3,Sinter,16459.9,16470.5,44,24
BATCH-20260806-121,2026-08-06T15:20:00,2026-08-06T15:20:30,2026-08-06T15:20:58,B,H3,Sinter,18113.5,18116.1,30,28
BATCH-20260806-122,2026-08-06T15:22:00,2026-08-06T15:23:17,2026-08-06T15:23:46,B,H4,Pellet,13217.4,13124.2,77,29
BATCH-20260806-123,2026-08-06T15:32:00,2026-08-06T15:33:25,2026-08-06T15:34:16,B,H2,Ore,18911.4,18869.0,85,51
BATCH-20260806-124,2026-08-06T15:42:00,2026-08-06T15:43:25,2026-08-06T15:44:23,B,H2,Sinter,20229.7,20252.9,85,58
BATCH-20260806-125,2026-08-06T15:45:00,2026-08-06T15:45:42,2026-08-06T15:46:21,B,H1,Pellet,15459.1,15392.2,42,39
BATCH-20260806-126,2026-08-06T15:56:00,2026-08-06T15:56:43,2026-08-06T15:57:18,B,H2,Sinter,17004.6,16985.0,43,35
BATCH-20260806-127,2026-08-06T16:07:00,2026-08-06T16:08:29,2026-08-06T16:09:13,B,H3,Ore,21746.2,21793.0,89,44
BATCH-20260806-128,2026-08-06T16:08:00,2026-08-06T16:08:32,2026-08-06T16:08:59,B,H3,Pellet,12359.0,12350.4,32,27
BATCH-20260806-129,2026-08-06T16:20:00,2026-08-06T16:20:31,2026-08-06T16:20:57,B,H3,Pellet,13829.0,13862.7,31,26
BATCH-20260806-130,2026-08-06T16:24:00,2026-08-06T16:25:29,2026-08-06T16:26:29,B,H2,Coke,16996.7,16995.3,89,60
BATCH-20260806-131,2026-08-06T16:32:00,2026-08-06T16:33:10,2026-08-06T16:34:01,B,H3,Pellet,12635.6,12690.5,70,51
BATCH-20260806-132,2026-08-06T16:38:00,2026-08-06T16:39:15,2026-08-06T16:39:57,B,H1,Sinter,15390.9,15427.4,75,42
BATCH-20260806-133,2026-08-06T16:41:00,2026-08-06T16:42:26,2026-08-06T16:42:50,B,H1,Sinter,17540.5,17480.6,86,24
BATCH-20260806-134,2026-08-06T16:41:00,2026-08-06T16:41:30,2026-08-06T16:42:21,B,H3,Pellet,18055.8,18011.0,30,51
BATCH-20260806-135,2026-08-06T16:42:00,2026-08-06T16:42:57,2026-08-06T16:43:57,B,H2,Limestone,12978.1,12878.3,57,60
BATCH-20260806-136,2026-08-06T16:44:00,2026-08-06T16:44:40,2026-08-06T16:45:39,B,H2,Ore,18261.0,18269.4,40,59
BATCH-20260806-137,2026-08-06T17:00:00,2026-08-06T17:01:28,2026-08-06T17:02:07,B,H3,Pellet,14752.2,14826.7,88,39
BATCH-20260806-138,2026-08-06T17:03:00,2026-08-06T17:03:46,2026-08-06T17:04:25,B,H1,Sinter,18995.4,18972.7,46,39
BATCH-20260806-139,2026-08-06T17:05:00,2026-08-06T17:06:06,2026-08-06T17:07:01,B,H2,Limestone,11169.5,11126.3,66,55
BATCH-20260806-140,2026-08-06T17:05:00,2026-08-06T17:06:07,2026-08-06T17:06:32,B,H4,Ore,25438.2,25427.2,67,25
BATCH-20260806-141,2026-08-06T17:08:00,2026-08-06T17:09:27,2026-08-06T17:10:27,B,H3,Pellet,16641.2,16731.4,87,60
BATCH-20260806-142,2026-08-06T17:09:00,2026-08-06T17:10:13,2026-08-06T17:10:55,B,H3,Pellet,20394.1,20428.0,73,42
BATCH-20260806-143,2026-08-06T17:14:00,2026-08-06T17:14:35,2026-08-06T17:15:16,B,H1,Coke,11940.1,11973.2,35,41
BATCH-20260806-144,2026-08-06T17:18:00,2026-08-06T17:19:06,2026-08-06T17:19:42,B,H2,Coke,10247.4,10280.4,66,36
BATCH-20260806-145,2026-08-06T17:20:00,2026-08-06T17:20:46,2026-08-06T17:21:15,B,H1,Coke,17246.7,17177.3,46,29
BATCH-20260806-146,2026-08-06T17:20:00,2026-08-06T17:21:28,2026-08-06T17:22:04,B,H4,Limestone,14560.7,14481.1,88,36
BATCH-20260806-147,2026-08-06T17:24:00,2026-08-06T17:24:55,2026-08-06T17:25:30,B,H4,Ore,27595.9,27596.2,55,35
BATCH-20260806-148,2026-08-06T17:24:00,2026-08-06T17:24:37,2026-08-06T17:25:12,B,H3,Ore,20113.2,20093.6,37,35
BATCH-20260806-149,2026-08-06T17:25:00,2026-08-06T17:25:59,2026-08-06T17:26:23,B,H2,Ore,26203.4,26128.9,59,24
BATCH-20260806-150,2026-08-06T17:30:00,2026-08-06T17:31:30,2026-08-06T17:32:27,B,H3,Limestone,11626.3,11637.5,90,57
BATCH-20260806-151,2026-08-06T17:38:00,2026-08-06T17:39:04,2026-08-06T17:39:47,B,H2,Pellet,17378.1,17344.0,64,43
BATCH-20260806-152,2026-08-06T17:45:00,2026-08-06T17:46:02,2026-08-06T17:46:22,B,H1,Ore,22702.0,22715.8,62,20
BATCH-20260806-153,2026-08-06T17:48:00,2026-08-06T17:49:19,2026-08-06T17:50:17,B,H3,Pellet,21886.1,21875.9,79,58
BATCH-20260806-154,2026-08-06T17:51:00,2026-08-06T17:51:40,2026-08-06T17:52:05,B,H3,Coke,17486.9,17568.4,40,25
BATCH-20260806-155,2026-08-06T17:53:00,2026-08-06T17:54:25,2026-08-06T17:55:23,B,H3,Sinter,20654.7,20599.0,85,58
BATCH-20260806-156,2026-08-06T17:57:00,2026-08-06T17:57:34,2026-08-06T17:58:01,B,H2,Coke,11690.5,11691.1,34,27
BATCH-20260806-157,2026-08-06T17:57:00,2026-08-06T17:58:03,2026-08-06T17:58:47,B,H2,Limestone,15030.3,14943.9,63,44
BATCH-20260806-158,2026-08-06T17:59:00,2026-08-06T18:00:07,2026-08-06T18:00:51,B,H2,Pellet,20773.5,20784.9,67,44
BATCH-20260806-159,2026-08-06T18:12:00,2026-08-06T18:12:51,2026-08-06T18:13:23,B,H1,Coke,16729.4,16691.9,51,32
BATCH-20260806-160,2026-08-06T18:12:00,2026-08-06T18:12:36,2026-08-06T18:13:03,B,H2,Limestone,11388.5,11443.0,36,27
BATCH-20260806-161,2026-08-06T18:13:00,2026-08-06T18:13:34,2026-08-06T18:14:11,B,H3,Limestone,10710.8,10712.6,34,37
BATCH-20260806-162,2026-08-06T18:19:00,2026-08-06T18:20:05,2026-08-06T18:21:02,B,H4,Sinter,19184.3,19263.2,65,57
BATCH-20260806-163,2026-08-06T18:19:00,2026-08-06T18:19:44,2026-08-06T18:20:44,B,H1,Coke,12007.7,12018.6,44,60
BATCH-20260806-164,2026-08-06T18:29:00,2026-08-06T18:30:00,2026-08-06T18:30:54,B,H1,Ore,19450.3,19427.6,60,54
BATCH-20260806-165,2026-08-06T18:51:00,2026-08-06T18:51:37,2026-08-06T18:52:37,B,H2,Coke,16847.1,16823.0,37,60
BATCH-20260806-166,2026-08-06T19:02:00,2026-08-06T19:03:09,2026-08-06T19:03:53,B,H2,Sinter,15696.5,15779.1,69,44
BATCH-20260806-167,2026-08-06T19:16:00,2026-08-06T19:16:42,2026-08-06T19:17:36,B,H3,Ore,23310.3,23444.8,42,54
BATCH-20260806-168,2026-08-06T19:17:00,2026-08-06T19:18:12,2026-08-06T19:18:47,B,H1,Pellet,18444.2,18508.4,72,35
BATCH-20260806-169,2026-08-06T19:32:00,2026-08-06T19:33:24,2026-08-06T19:34:14,B,H1,Ore,26311.4,26305.8,84,50
BATCH-20260806-170,2026-08-06T19:37:00,2026-08-06T19:37:40,2026-08-06T19:38:38,B,H4,Coke,11327.3,11331.4,40,58
BATCH-20260806-171,2026-08-06T19:41:00,2026-08-06T19:42:18,2026-08-06T19:43:15,B,H2,Ore,26721.3,26647.1,78,57
BATCH-20260806-172,2026-08-06T20:09:00,2026-08-06T20:10:24,2026-08-06T20:10:46,B,H1,Sinter,15494.3,15522.8,84,22
BATCH-20260806-173,2026-08-06T20:14:00,2026-08-06T20:14:53,2026-08-06T20:15:26,B,H1,Sinter,15245.4,15299.8,53,33
BATCH-20260806-174,2026-08-06T20:17:00,2026-08-06T20:17:35,2026-08-06T20:18:27,B,H4,Coke,10579.8,10507.3,35,52
BATCH-20260806-175,2026-08-06T20:39:00,2026-08-06T20:39:38,2026-08-06T20:40:15,B,H4,Ore,19923.3,19960.3,38,37
BATCH-20260806-176,2026-08-06T20:45:00,2026-08-06T20:46:00,2026-08-06T20:46:28,B,H1,Ore,22395.4,22407.7,60,28
BATCH-20260806-177,2026-08-06T20:51:00,2026-08-06T20:52:14,2026-08-06T20:53:05,B,H3,Limestone,15126.7,15054.0,74,51
BATCH-20260806-178,2026-08-06T20:53:00,2026-08-06T20:54:08,2026-08-06T20:54:51,B,H4,Coke,15045.5,15076.6,68,43
BATCH-20260806-179,2026-08-06T21:01:00,2026-08-06T21:01:35,2026-08-06T21:02:02,B,H2,Coke,14679.6,14725.8,35,27
BATCH-20260806-180,2026-08-06T21:01:00,2026-08-06T21:01:53,2026-08-06T21:02:22,B,H3,Limestone,14753.7,14731.0,53,29
BATCH-20260806-181,2026-08-06T21:11:00,2026-08-06T21:11:56,2026-08-06T21:12:22,B,H1,Limestone,11574.8,11528.6,56,26
BATCH-20260806-182,2026-08-06T21:29:00,2026-08-06T21:29:54,2026-08-06T21:30:33,B,H4,Coke,11349.3,11246.5,54,39
BATCH-20260806-183,2026-08-06T21:31:00,2026-08-06T21:32:00,2026-08-06T21:32:49,B,H2,Sinter,23111.5,23054.7,60,49
BATCH-20260806-184,2026-08-06T21:43:00,2026-08-06T21:44:15,2026-08-06T21:45:05,B,H1,Sinter,19246.8,19230.8,75,50
BATCH-20260806-185,2026-08-06T21:52:00,2026-08-06T21:53:15,2026-08-06T21:54:07,B,H3,Limestone,11829.7,11846.2,75,52
BATCH-20260806-186,2026-08-06T21:57:00,2026-08-06T21:58:24,2026-08-06T21:59:12,B,H2,Coke,14174.7,14150.1,84,48
BATCH-20260806-187,2026-08-06T22:14:00,2026-08-06T22:15:10,2026-08-06T22:15:46,C,H3,Ore,21719.9,21742.5,70,36
BATCH-20260806-188,2026-08-06T22:20:00,2026-08-06T22:21:18,2026-08-06T22:21:58,C,H3,Limestone,11676.3,11589.0,78,40
BATCH-20260806-189,2026-08-06T22:20:00,2026-08-06T22:20:54,2026-08-06T22:21:23,C,H2,Sinter,17103.9,17079.1,54,29
BATCH-20260806-190,2026-08-06T22:42:00,2026-08-06T22:43:08,2026-08-06T22:44:04,C,H3,Limestone,11518.3,11553.4,68,56
BATCH-20260806-191,2026-08-06T22:44:00,2026-08-06T22:44:43,2026-08-06T22:45:35,C,H2,Coke,17169.0,17133.0,43,52
BATCH-20260806-192,2026-08-06T22:55:00,2026-08-06T22:55:38,2026-08-06T22:56:25,C,H3,Sinter,16624.6,16600.6,38,47
BATCH-20260806-193,2026-08-06T22:56:00,2026-08-06T22:56:33,2026-08-06T22:57:12,C,H4,Pellet,16116.3,16078.8,33,39
BATCH-20260806-194,2026-08-06T23:05:00,2026-08-06T23:05:42,2026-08-06T23:06:17,C,H3,Ore,19657.5,19677.3,42,35
BATCH-20260806-195,2026-08-06T23:05:00,2026-08-06T23:05:53,2026-08-06T23:06:30,C,H1,Sinter,17402.5,17370.3,53,37
BATCH-20260806-196,2026-08-06T23:12:00,2026-08-06T23:12:51,2026-08-06T23:13:37,C,H2,Ore,24382.8,24470.7,51,46
BATCH-20260806-197,2026-08-06T23:15:00,2026-08-06T23:15:52,2026-08-06T23:16:14,C,H2,Ore,28360.2,28345.0,52,22
BATCH-20260806-198,2026-08-06T23:15:00,2026-08-06T23:16:24,2026-08-06T23:16:51,C,H4,Pellet,21954.3,21977.4,84,27
BATCH-20260806-199,2026-08-06T23:23:00,2026-08-06T23:24:12,2026-08-06T23:25:01,C,H1,Limestone,10868.4,10871.1,72,49
BATCH-20260806-200,2026-08-06T23:50:00,2026-08-06T23:51:24,2026-08-06T23:51:50,C,H2,Sinter,16022.3,16007.0,84,26
BATCH-20260807-001,2026-08-07T00:02:00,2026-08-07T00:02:48,2026-08-07T00:03:27,C,H3,Limestone,10262.4,10264.7,48,39
BATCH-20260807-002,2026-08-07T00:03:00,2026-08-07T00:04:21,2026-08-07T00:04:55,C,H3,Pellet,16301.2,16331.3,81,34
BATCH-20260807-003,2026-08-07T00:04:00,2026-08-07T00:05:24,2026-08-07T00:06:11,C,H1,Coke,15129.0,15088.8,84,47
BATCH-20260807-004,2026-08-07T00:14:00,2026-08-07T00:14:56,2026-08-07T00:15:45,C,H3,Pellet,20124.6,20056.7,56,49
BATCH-20260807-005,2026-08-07T00:26:00,2026-08-07T00:26:49,2026-08-07T00:27:24,C,H4,Pellet,12202.2,12164.0,49,35
BATCH-20260807-006,2026-08-07T00:29:00,2026-08-07T00:29:56,2026-08-07T00:30:18,C,H4,Limestone,14509.5,14538.0,56,22
BATCH-20260807-007,2026-08-07T00:30:00,2026-08-07T00:31:05,2026-08-07T00:31:38,C,H4,Limestone,10366.8,10447.5,65,33
BATCH-20260807-008,2026-08-07T00:44:00,2026-08-07T00:44:54,2026-08-07T00:45:48,C,H1,Coke,17352.9,17277.9,54,54
BATCH-20260807-009,2026-08-07T01:06:00,2026-08-07T01:06:45,2026-08-07T01:07:31,C,H3,Sinter,23660.1,23656.6,45,46
BATCH-20260807-010,2026-08-07T01:19:00,2026-08-07T01:19:36,2026-08-07T01:20:34,C,H1,Pellet,13792.2,13810.3,36,58
BATCH-20260807-011,2026-08-07T01:22:00,2026-08-07T01:22:44,2026-08-07T01:23:33,C,H4,Pellet,19147.0,19106.1,44,49
BATCH-20260807-012,2026-08-07T01:29:00,2026-08-07T01:29:59,2026-08-07T01:30:46,C,H4,Ore,25000.4,25003.0,59,47
BATCH-20260807-013,2026-08-07T01:34:00,2026-08-07T01:35:17,2026-08-07T01:35:56,C,H4,Sinter,15302.2,15211.5,77,39
BATCH-20260807-014,2026-08-07T01:36:00,2026-08-07T01:37:19,2026-08-07T01:37:41,C,H3,Coke,13404.3,13415.9,79,22
BATCH-20260807-015,2026-08-07T01:43:00,2026-08-07T01:43:53,2026-08-07T01:44:15,C,H4,Pellet,12829.6,12909.4,53,22
BATCH-20260807-016,2026-08-07T01:43:00,2026-08-07T01:43:35,2026-08-07T01:44:08,C,H3,Sinter,15234.1,15231.3,35,33
BATCH-20260807-017,2026-08-07T01:49:00,2026-08-07T01:49:57,2026-08-07T01:50:41,C,H1,Limestone,11651.2,11644.6,57,44
BATCH-20260807-018,2026-08-07T02:06:00,2026-08-07T02:07:19,2026-08-07T02:07:51,C,H2,Sinter,17628.0,18058.9,79,32
BATCH-20260807-019,2026-08-07T02:06:00,2026-08-07T02:07:19,2026-08-07T02:07:54,C,H1,Pellet,17217.8,17192.5,79,35
BATCH-20260807-020,2026-08-07T02:08:00,2026-08-07T02:08:47,2026-08-07T02:09:33,C,H4,Sinter,19785.7,19838.1,47,46
BATCH-20260807-021,2026-08-07T02:09:00,2026-08-07T02:10:04,2026-08-07T02:10:46,C,H1,Sinter,18313.0,18236.0,64,42
BATCH-20260807-022,2026-08-07T02:09:00,2026-08-07T02:09:36,2026-08-07T02:10:05,C,H2,Sinter,18464.6,18539.9,36,29
BATCH-20260807-023,2026-08-07T02:24:00,2026-08-07T02:25:00,2026-08-07T02:25:52,C,H2,Sinter,23188.6,23244.8,60,52
BATCH-20260807-024,2026-08-07T02:29:00,2026-08-07T02:30:06,2026-08-07T02:31:03,C,H1,Coke,13407.1,13418.8,66,57
BATCH-20260807-025,2026-08-07T02:30:00,2026-08-07T02:31:07,2026-08-07T02:32:06,C,H1,Sinter,16663.6,16664.7,67,59
BATCH-20260807-026,2026-08-07T02:34:00,2026-08-07T02:34:43,2026-08-07T02:35:25,C,H4,Pellet,13182.1,13118.8,43,42
BATCH-20260807-027,2026-08-07T02:36:00,2026-08-07T02:36:31,2026-08-07T02:36:55,C,H4,Sinter,16493.0,16569.4,31,24
BATCH-20260807-028,2026-08-07T02:38:00,2026-08-07T02:38:39,2026-08-07T02:39:30,C,H2,Sinter,21041.0,21019.7,39,51
BATCH-20260807-029,2026-08-07T02:44:00,2026-08-07T02:44:47,2026-08-07T02:45:38,C,H2,Sinter,21859.0,21885.5,47,51
BATCH-20260807-030,2026-08-07T02:49:00,2026-08-07T02:50:21,2026-08-07T02:51:10,C,H3,Ore,27583.6,27578.0,81,49
BATCH-20260807-031,2026-08-07T02:50:00,2026-08-07T02:50:53,2026-08-07T02:51:42,C,H1,Ore,23444.8,23422.3,53,49
BATCH-20260807-032,2026-08-07T02:51:00,2026-08-07T02:52:18,2026-08-07T02:52:51,C,H3,Ore,26887.9,26237.7,78,33
BATCH-20260807-033,2026-08-07T02:52:00,2026-08-07T02:52:50,2026-08-07T02:53:32,C,H3,Pellet,18420.6,18396.5,50,42
BATCH-20260807-034,2026-08-07T02:52:00,2026-08-07T02:52:59,2026-08-07T02:53:33,C,H4,Ore,20877.4,20853.5,59,34
BATCH-20260807-035,2026-08-07T02:57:00,2026-08-07T02:58:00,2026-08-07T02:58:49,C,H1,Coke,17589.0,17637.5,60,49
BATCH-20260807-036,2026-08-07T02:59:00,2026-08-07T02:59:58,2026-08-07T03:00:56,C,H3,Pellet,19327.7,19331.6,58,58
BATCH-20260807-037,2026-08-07T03:11:00,2026-08-07T03:12:19,2026-08-07T03:12:46,C,H4,Sinter,24826.3,24822.5,79,27
BATCH-20260807-038,2026-08-07T03:12:00,2026-08-07T03:13:16,2026-08-07T03:14:03,C,H2,Pellet,19226.8,19235.0,76,47
BATCH-20260807-039,2026-08-07T03:24:00,2026-08-07T03:24:49,2026-08-07T03:25:38,C,H1,Sinter,19746.4,19744.3,49,49
BATCH-20260807-040,2026-08-07T03:24:00,2026-08-07T03:24:34,2026-08-07T03:25:32,C,H4,Pellet,18408.4,18454.0,34,58
BATCH-20260807-041,2026-08-07T03:27:00,2026-08-07T03:27:33,2026-08-07T03:28:33,C,H2,Pellet,16453.7,16414.7,33,60
BATCH-20260807-042,2026-08-07T03:39:00,2026-08-07T03:39:58,2026-08-07T03:40:35,C,H1,Sinter,20701.8,20718.4,58,37
BATCH-20260807-043,2026-08-07T03:45:00,2026-08-07T03:46:06,2026-08-07T03:46:58,C,H2,Sinter,21490.1,21522.1,66,52
BATCH-20260807-044,2026-08-07T03:47:00,2026-08-07T03:47:32,2026-08-07T03:47:56,C,H4,Pellet,16670.9,16748.4,32,24
BATCH-20260807-045,2026-08-07T04:00:00,2026-08-07T04:01:25,2026-08-07T04:02:00,C,H2,Coke,10667.1,10620.1,85,35
BATCH-20260807-046,2026-08-07T04:03:00,2026-08-07T04:03:39,2026-08-07T04:04:06,C,H2,Pellet,13137.5,13121.6,39,27
BATCH-20260807-047,2026-08-07T04:11:00,2026-08-07T04:11:43,2026-08-07T04:12:30,C,H2,Coke,15891.5,15819.5,43,47
BATCH-20260807-048,2026-08-07T04:11:00,2026-08-07T04:11:56,2026-08-07T04:12:36,C,H1,Ore,26993.1,26966.8,56,40
BATCH-20260807-049,2026-08-07T04:19:00,2026-08-07T04:19:52,2026-08-07T04:20:32,C,H4,Pellet,16591.4,16612.3,52,40
BATCH-20260807-050,2026-08-07T04:20:00,2026-08-07T04:20:51,2026-08-07T04:21:47,C,H1,Limestone,12889.8,12899.3,51,56
BATCH-20260807-051,2026-08-07T04:21:00,2026-08-07T04:21:31,2026-08-07T04:21:56,C,H4,Coke,11753.4,11718.4,31,25
BATCH-20260807-052,2026-08-07T04:22:00,2026-08-07T04:22:31,2026-08-07T04:23:11,C,H2,Sinter,24408.9,24260.7,31,40
BATCH-20260807-053,2026-08-07T04:24:00,2026-08-07T04:24:52,2026-08-07T04:25:27,C,H4,Limestone,10654.8,10729.7,52,35
BATCH-20260807-054,2026-08-07T04:33:00,2026-08-07T04:34:17,2026-08-07T04:34:57,C,H2,Pellet,12752.7,12652.8,77,40
BATCH-20260807-055,2026-08-07T04:42:00,2026-08-07T04:42:52,2026-08-07T04:43:20,C,H4,Ore,27768.1,27757.6,52,28
BATCH-20260807-056,2026-08-07T04:52:00,2026-08-07T04:53:03,2026-08-07T04:54:01,C,H4,Sinter,23399.3,23329.9,63,58
BATCH-20260807-057,2026-08-07T04:56:00,2026-08-07T04:57:14,2026-08-07T04:57:43,C,H1,Pellet,18175.0,18172.0,74,29
BATCH-20260807-058,2026-08-07T05:03:00,2026-08-07T05:04:12,2026-08-07T05:05:03,C,H2,Coke,13649.3,13611.7,72,51
BATCH-20260807-059,2026-08-07T05:15:00,2026-08-07T05:16:03,2026-08-07T05:17:00,C,H3,Sinter,24880.1,24879.1,63,57
BATCH-20260807-060,2026-08-07T05:16:00,2026-08-07T05:17:16,2026-08-07T05:17:52,C,H1,Pellet,16854.3,16894.0,76,36
BATCH-20260807-061,2026-08-07T05:16:00,2026-08-07T05:17:23,2026-08-07T05:18:09,C,H2,Pellet,20208.3,20175.3,83,46
BATCH-20260807-062,2026-08-07T05:18:00,2026-08-07T05:19:05,2026-08-07T05:20:01,C,H4,Limestone,12101.4,12018.6,65,56
BATCH-20260807-063,2026-08-07T05:20:00,2026-08-07T05:21:26,2026-08-07T05:22:03,C,H1,Ore,26653.8,26690.4,86,37
BATCH-20260807-064,2026-08-07T05:29:00,2026-08-07T05:29:47,2026-08-07T05:30:39,C,H4,Coke,14867.0,14964.5,47,52
BATCH-20260807-065,2026-08-07T05:30:00,2026-08-07T05:30:33,2026-08-07T05:31:28,C,H2,Coke,13577.5,13561.5,33,55
BATCH-20260807-066,2026-08-07T05:36:00,2026-08-07T05:36:43,2026-08-07T05:37:11,C,H1,Limestone,10008.5,10012.8,43,28
BATCH-20260807-067,2026-08-07T05:36:00,2026-08-07T05:36:40,2026-08-07T05:37:18,C,H4,Pellet,12259.1,12353.1,40,38
BATCH-20260807-068,2026-08-07T05:40:00,2026-08-07T05:40:30,2026-08-07T05:41:23,C,H4,Limestone,12054.3,12058.9,30,53
BATCH-20260807-069,2026-08-07T05:42:00,2026-08-07T05:43:13,2026-08-07T05:43:46,C,H4,Ore,24177.3,24161.5,73,33
BATCH-20260807-070,2026-08-07T06:06:00,2026-08-07T06:06:40,2026-08-07T06:07:18,A,H3,Sinter,20457.6,20408.4,40,38
BATCH-20260807-071,2026-08-07T06:07:00,2026-08-07T06:08:16,2026-08-07T06:09:14,A,H2,Pellet,16996.1,17066.9,76,58
BATCH-20260807-072,2026-08-07T06:09:00,2026-08-07T06:09:40,2026-08-07T06:10:17,A,H2,Limestone,12560.5,12590.3,40,37
BATCH-20260807-073,2026-08-07T06:15:00,2026-08-07T06:16:28,2026-08-07T06:16:52,A,H3,Pellet,16434.3,16394.7,88,24
BATCH-20260807-074,2026-08-07T06:26:00,2026-08-07T06:27:16,2026-08-07T06:28:01,A,H1,Coke,15742.8,15691.6,76,45
BATCH-20260807-075,2026-08-07T07:19:00,2026-08-07T07:19:58,2026-08-07T07:20:24,A,H3,Sinter,18743.7,18791.0,58,26
BATCH-20260807-076,2026-08-07T07:20:00,2026-08-07T07:20:58,2026-08-07T07:21:55,A,H4,Sinter,20323.2,20255.7,58,57
BATCH-20260807-077,2026-08-07T07:37:00,2026-08-07T07:37:31,2026-08-07T07:38:13,A,H4,Ore,22150.4,22142.1,31,42
BATCH-20260807-078,2026-08-07T07:45:00,2026-08-07T07:46:29,2026-08-07T07:47:28,A,H3,Limestone,15137.9,15135.1,89,59
BATCH-20260807-079,2026-08-07T07:47:00,2026-08-07T07:47:42,2026-08-07T07:48:03,A,H3,Limestone,11356.0,11314.0,42,21
BATCH-20260807-080,2026-08-07T07:47:00,2026-08-07T07:48:12,2026-08-07T07:48:40,A,H1,Limestone,14715.4,14654.3,72,28
BATCH-20260807-081,2026-08-07T07:48:00,2026-08-07T07:48:35,2026-08-07T07:49:04,A,H1,Pellet,17621.5,17617.0,35,29
BATCH-20260807-082,2026-08-07T07:48:00,2026-08-07T07:49:28,2026-08-07T07:50:22,A,H3,Pellet,21484.9,21492.8,88,54
BATCH-20260807-083,2026-08-07T07:53:00,2026-08-07T07:53:49,2026-08-07T07:54:49,A,H3,Sinter,22516.4,22483.0,49,60
BATCH-20260807-084,2026-08-07T07:55:00,2026-08-07T07:55:30,2026-08-07T07:56:08,A,H2,Limestone,14074.2,14107.1,30,38
BATCH-20260807-085,2026-08-07T08:04:00,2026-08-07T08:04:35,2026-08-07T08:05:23,A,H2,Limestone,10599.9,10618.7,35,48
BATCH-20260807-086,2026-08-07T08:29:00,2026-08-07T08:29:59,2026-08-07T08:30:52,A,H3,Limestone,13767.5,13829.9,59,53
BATCH-20260807-087,2026-08-07T08:33:00,2026-08-07T08:33:35,2026-08-07T08:34:34,A,H3,Coke,14374.1,14420.8,35,59
BATCH-20260807-088,2026-08-07T08:38:00,2026-08-07T08:38:38,2026-08-07T08:39:30,A,H1,Coke,13000.6,13047.2,38,52
BATCH-20260807-089,2026-08-07T08:38:00,2026-08-07T08:38:55,2026-08-07T08:39:19,A,H1,Sinter,19808.3,19764.2,55,24
BATCH-20260807-090,2026-08-07T08:40:00,2026-08-07T08:40:55,2026-08-07T08:41:38,A,H2,Coke,14070.1,14105.6,55,43
BATCH-20260807-091,2026-08-07T08:51:00,2026-08-07T08:51:59,2026-08-07T08:52:55,A,H3,Limestone,12967.5,13019.7,59,56
BATCH-20260807-092,2026-08-07T09:08:00,2026-08-07T09:09:03,2026-08-07T09:09:53,A,H2,Sinter,15469.2,15443.5,63,50
BATCH-20260807-093,2026-08-07T09:11:00,2026-08-07T09:12:00,2026-08-07T09:12:59,A,H3,Coke,15971.8,16049.6,60,59
BATCH-20260807-094,2026-08-07T09:15:00,2026-08-07T09:16:12,2026-08-07T09:17:01,A,H2,Coke,11389.9,11365.6,72,49
BATCH-20260807-095,2026-08-07T09:18:00,2026-08-07T09:18:31,2026-08-07T09:19:11,A,H2,Limestone,15078.4,15161.2,31,40
BATCH-20260807-096,2026-08-07T09:28:00,2026-08-07T09:29:09,2026-08-07T09:29:39,A,H3,Limestone,13520.2,13594.3,69,30
BATCH-20260807-097,2026-08-07T09:45:00,2026-08-07T09:45:49,2026-08-07T09:46:44,A,H1,Coke,10185.5,10348.8,49,55
BATCH-20260807-098,2026-08-07T09:55:00,2026-08-07T09:55:54,2026-08-07T09:56:42,A,H1,Limestone,10325.8,10337.0,54,48
BATCH-20260807-099,2026-08-07T10:00:00,2026-08-07T10:01:24,2026-08-07T10:01:51,A,H4,Pellet,20198.3,20194.7,84,27
BATCH-20260807-100,2026-08-07T10:06:00,2026-08-07T10:06:57,2026-08-07T10:07:33,A,H3,Ore,28446.2,28480.5,57,36
BATCH-20260807-101,2026-08-07T10:08:00,2026-08-07T10:09:08,2026-08-07T10:10:07,A,H1,Pellet,16098.8,16065.6,68,59
BATCH-20260807-102,2026-08-07T10:11:00,2026-08-07T10:11:35,2026-08-07T10:12:17,A,H1,Pellet,19964.4,19875.6,35,42
BATCH-20260807-103,2026-08-07T10:18:00,2026-08-07T10:18:39,2026-08-07T10:19:00,A,H3,Coke,17672.4,17648.7,39,21
BATCH-20260807-104,2026-08-07T10:33:00,2026-08-07T10:34:16,2026-08-07T10:34:36,A,H2,Coke,13504.9,13455.8,76,20
BATCH-20260807-105,2026-08-07T10:34:00,2026-08-07T10:34:44,2026-08-07T10:35:34,A,H3,Ore,20364.0,20341.7,44,50
BATCH-20260807-106,2026-08-07T10:42:00,2026-08-07T10:43:25,2026-08-07T10:44:19,A,H1,Pellet,19921.8,19930.0,85,54
BATCH-20260807-107,2026-08-07T10:42:00,2026-08-07T10:43:25,2026-08-07T10:44:13,A,H2,Sinter,23578.7,23614.9,85,48
BATCH-20260807-108,2026-08-07T11:04:00,2026-08-07T11:05:12,2026-08-07T11:06:07,A,H2,Ore,23233.5,23263.9,72,55
BATCH-20260807-109,2026-08-07T11:06:00,2026-08-07T11:07:03,2026-08-07T11:07:38,A,H2,Ore,28064.2,28042.9,63,35
BATCH-20260807-110,2026-08-07T11:45:00,2026-08-07T11:46:14,2026-08-07T11:47:06,A,H3,Limestone,13543.1,13524.1,74,52
BATCH-20260807-111,2026-08-07T11:52:00,2026-08-07T11:52:58,2026-08-07T11:53:38,A,H3,Limestone,15942.3,16007.4,58,40
BATCH-20260807-112,2026-08-07T11:56:00,2026-08-07T11:56:31,2026-08-07T11:57:01,A,H2,Sinter,21890.1,21877.6,31,30
BATCH-20260807-113,2026-08-07T12:07:00,2026-08-07T12:08:04,2026-08-07T12:08:48,A,H4,Coke,16412.1,16432.5,64,44
BATCH-20260807-114,2026-08-07T12:16:00,2026-08-07T12:16:48,2026-08-07T12:17:40,A,H4,Sinter,16220.1,16253.7,48,52
BATCH-20260807-115,2026-08-07T12:20:00,2026-08-07T12:21:10,2026-08-07T12:21:44,A,H4,Sinter,17747.8,17758.5,70,34
BATCH-20260807-116,2026-08-07T12:25:00,2026-08-07T12:26:18,2026-08-07T12:26:57,A,H2,Coke,17147.2,16912.2,78,39
BATCH-20260807-117,2026-08-07T12:25:00,2026-08-07T12:25:43,2026-08-07T12:26:14,A,H4,Sinter,20410.6,20431.7,43,31
BATCH-20260807-118,2026-08-07T12:26:00,2026-08-07T12:26:31,2026-08-07T12:26:54,A,H2,Limestone,13278.3,13212.5,31,23
BATCH-20260807-119,2026-08-07T12:35:00,2026-08-07T12:36:08,2026-08-07T12:36:32,A,H4,Limestone,13766.9,13981.2,68,24
BATCH-20260807-120,2026-08-07T12:49:00,2026-08-07T12:49:38,2026-08-07T12:50:13,A,H2,Sinter,21995.5,21926.5,38,35
BATCH-20260807-121,2026-08-07T12:49:00,2026-08-07T12:49:31,2026-08-07T12:49:55,A,H2,Sinter,21939.6,21983.0,31,24
BATCH-20260807-122,2026-08-07T13:04:00,2026-08-07T13:05:04,2026-08-07T13:05:41,A,H4,Limestone,14016.0,13947.0,64,37
BATCH-20260807-123,2026-08-07T13:22:00,2026-08-07T13:22:57,2026-08-07T13:23:42,A,H2,Coke,10219.2,10274.0,57,45
BATCH-20260807-124,2026-08-07T13:28:00,2026-08-07T13:29:12,2026-08-07T13:29:51,A,H2,Limestone,11108.4,11263.3,72,39
BATCH-20260807-125,2026-08-07T13:31:00,2026-08-07T13:31:31,2026-08-07T13:31:57,A,H1,Limestone,10895.2,10887.6,31,26
BATCH-20260807-126,2026-08-07T13:42:00,2026-08-07T13:43:22,2026-08-07T13:43:42,A,H2,Sinter,24454.7,24468.2,82,20
BATCH-20260807-127,2026-08-07T13:52:00,2026-08-07T13:52:30,2026-08-07T13:53:16,A,H3,Sinter,15784.4,15785.0,30,46
BATCH-20260807-128,2026-08-07T14:20:00,2026-08-07T14:21:04,2026-08-07T14:22:00,B,H4,Ore,29173.3,29201.1,64,56
BATCH-20260807-129,2026-08-07T14:22:00,2026-08-07T14:23:24,2026-08-07T14:23:56,B,H1,Pellet,12727.4,12702.1,84,32
BATCH-20260807-130,2026-08-07T14:26:00,2026-08-07T14:27:19,2026-08-07T14:27:43,B,H4,Ore,22857.4,22806.7,79,24
BATCH-20260807-131,2026-08-07T14:28:00,2026-08-07T14:29:11,2026-08-07T14:29:32,B,H1,Ore,20809.9,20764.1,71,21
BATCH-20260807-132,2026-08-07T14:28:00,2026-08-07T14:29:23,2026-08-07T14:29:54,B,H3,Limestone,13731.2,13716.9,83,31
BATCH-20260807-133,2026-08-07T14:38:00,2026-08-07T14:38:58,2026-08-07T14:39:54,B,H2,Limestone,15213.4,15277.5,58,56
BATCH-20260807-134,2026-08-07T14:57:00,2026-08-07T14:58:07,2026-08-07T14:58:42,B,H1,Sinter,23596.9,23581.7,67,35
BATCH-20260807-135,2026-08-07T15:09:00,2026-08-07T15:09:32,2026-08-07T15:10:08,B,H4,Ore,28622.2,28695.0,32,36
BATCH-20260807-136,2026-08-07T15:10:00,2026-08-07T15:10:50,2026-08-07T15:11:44,B,H1,Ore,29519.2,29508.8,50,54
BATCH-20260807-137,2026-08-07T15:11:00,2026-08-07T15:11:46,2026-08-07T15:12:44,B,H4,Ore,22283.9,22276.2,46,58
BATCH-20260807-138,2026-08-07T15:12:00,2026-08-07T15:13:04,2026-08-07T15:13:41,B,H3,Pellet,13108.1,13039.7,64,37
BATCH-20260807-139,2026-08-07T15:23:00,2026-08-07T15:24:04,2026-08-07T15:24:34,B,H2,Limestone,15834.7,15839.9,64,30
BATCH-20260807-140,2026-08-07T15:27:00,2026-08-07T15:27:46,2026-08-07T15:28:37,B,H1,Pellet,16842.4,16799.2,46,51
BATCH-20260807-141,2026-08-07T15:30:00,2026-08-07T15:30:51,2026-08-07T15:31:19,B,H2,Sinter,19753.6,19776.1,51,28
BATCH-20260807-142,2026-08-07T15:30:00,2026-08-07T15:30:41,2026-08-07T15:31:24,B,H4,Ore,22210.5,22103.2,41,43
BATCH-20260807-143,2026-08-07T15:42:00,2026-08-07T15:43:24,2026-08-07T15:44:21,B,H2,Coke,17832.8,17873.1,84,57
BATCH-20260807-144,2026-08-07T15:45:00,2026-08-07T15:46:21,2026-08-07T15:47:02,B,H3,Sinter,19366.6,19384.4,81,41
BATCH-20260807-145,2026-08-07T15:54:00,2026-08-07T15:55:29,2026-08-07T15:56:15,B,H3,Limestone,14062.4,14059.8,89,46
BATCH-20260807-146,2026-08-07T16:14:00,2026-08-07T16:14:32,2026-08-07T16:15:00,B,H3,Limestone,15463.7,15458.2,32,28
BATCH-20260807-147,2026-08-07T16:17:00,2026-08-07T16:18:09,2026-08-07T16:19:01,B,H1,Sinter,18203.6,18310.2,69,52
BATCH-20260807-148,2026-08-07T16:33:00,2026-08-07T16:34:12,2026-08-07T16:34:33,B,H1,Limestone,15600.2,15559.6,72,21
BATCH-20260807-149,2026-08-07T16:36:00,2026-08-07T16:37:06,2026-08-07T16:37:44,B,H2,Ore,19039.0,18981.7,66,38
BATCH-20260807-150,2026-08-07T16:38:00,2026-08-07T16:38:54,2026-08-07T16:39:19,B,H1,Sinter,18870.4,18922.2,54,25
BATCH-20260807-151,2026-08-07T16:38:00,2026-08-07T16:38:46,2026-08-07T16:39:39,B,H4,Sinter,17201.1,17147.4,46,53
BATCH-20260807-152,2026-08-07T16:41:00,2026-08-07T16:41:49,2026-08-07T16:42:11,B,H3,Limestone,11194.8,11177.8,49,22
BATCH-20260807-153,2026-08-07T16:45:00,2026-08-07T16:46:01,2026-08-07T16:46:36,B,H2,Coke,16151.5,16185.1,61,35
BATCH-20260807-154,2026-08-07T16:52:00,2026-08-07T16:53:13,2026-08-07T16:54:07,B,H1,Ore,25422.8,25453.0,73,54
BATCH-20260807-155,2026-08-07T16:59:00,2026-08-07T16:59:52,2026-08-07T17:00:20,B,H3,Coke,10298.5,10354.3,52,28
BATCH-20260807-156,2026-08-07T17:11:00,2026-08-07T17:12:23,2026-08-07T17:13:21,B,H3,Pellet,19505.1,19515.9,83,58
BATCH-20260807-157,2026-08-07T17:13:00,2026-08-07T17:14:02,2026-08-07T17:14:55,B,H4,Pellet,14944.6,14972.7,62,53
BATCH-20260807-158,2026-08-07T17:18:00,2026-08-07T17:19:25,2026-08-07T17:20:01,B,H3,Ore,22235.0,22337.1,85,36
BATCH-20260807-159,2026-08-07T17:47:00,2026-08-07T17:48:23,2026-08-07T17:49:18,B,H3,Pellet,20831.4,20805.0,83,55
BATCH-20260807-160,2026-08-07T17:53:00,2026-08-07T17:53:30,2026-08-07T17:54:05,B,H4,Pellet,14360.7,14315.6,30,35
BATCH-20260807-161,2026-08-07T17:55:00,2026-08-07T17:56:03,2026-08-07T17:56:35,B,H3,Coke,10981.1,11001.7,63,32
BATCH-20260807-162,2026-08-07T17:56:00,2026-08-07T17:57:15,2026-08-07T17:58:00,B,H2,Sinter,21213.8,21207.1,75,45
BATCH-20260807-163,2026-08-07T18:13:00,2026-08-07T18:14:07,2026-08-07T18:14:56,B,H3,Ore,24202.2,24085.7,67,49
BATCH-20260807-164,2026-08-07T18:16:00,2026-08-07T18:16:48,2026-08-07T18:17:35,B,H3,Sinter,22169.8,22164.7,48,47
BATCH-20260807-165,2026-08-07T18:33:00,2026-08-07T18:33:37,2026-08-07T18:34:37,B,H3,Ore,26827.4,26781.3,37,60
BATCH-20260807-166,2026-08-07T18:40:00,2026-08-07T18:40:38,2026-08-07T18:41:09,B,H2,Limestone,12213.5,12210.9,38,31
BATCH-20260807-167,2026-08-07T19:23:00,2026-08-07T19:24:28,2026-08-07T19:25:12,B,H1,Pellet,18138.5,18156.6,88,44
BATCH-20260807-168,2026-08-07T19:31:00,2026-08-07T19:32:17,2026-08-07T19:32:46,B,H2,Ore,25092.5,25146.6,77,29
BATCH-20260807-169,2026-08-07T19:33:00,2026-08-07T19:34:21,2026-08-07T19:34:41,B,H2,Sinter,15289.9,15255.8,81,20
BATCH-20260807-170,2026-08-07T19:39:00,2026-08-07T19:39:56,2026-08-07T19:40:53,B,H3,Pellet,19654.8,19695.9,56,57
BATCH-20260807-171,2026-08-07T19:46:00,2026-08-07T19:47:23,2026-08-07T19:47:58,B,H1,Pellet,19353.4,19393.8,83,35
BATCH-20260807-172,2026-08-07T20:03:00,2026-08-07T20:03:34,2026-08-07T20:04:15,B,H2,Pellet,16875.5,16889.7,34,41
BATCH-20260807-173,2026-08-07T20:12:00,2026-08-07T20:13:14,2026-08-07T20:14:05,B,H1,Ore,21661.6,21758.0,74,51
BATCH-20260807-174,2026-08-07T20:12:00,2026-08-07T20:13:25,2026-08-07T20:13:57,B,H2,Limestone,11034.7,10931.8,85,32
BATCH-20260807-175,2026-08-07T20:34:00,2026-08-07T20:34:37,2026-08-07T20:35:36,B,H4,Ore,24318.0,24214.5,37,59
BATCH-20260807-176,2026-08-07T20:42:00,2026-08-07T20:42:35,2026-08-07T20:43:34,B,H3,Pellet,13125.6,13170.9,35,59
BATCH-20260807-177,2026-08-07T20:43:00,2026-08-07T20:43:51,2026-08-07T20:44:35,B,H2,Ore,28006.4,28009.7,51,44
BATCH-20260807-178,2026-08-07T20:50:00,2026-08-07T20:50:35,2026-08-07T20:51:13,B,H2,Limestone,12143.7,12174.0,35,38
BATCH-20260807-179,2026-08-07T20:58:00,2026-08-07T20:59:15,2026-08-07T21:00:10,B,H3,Limestone,11230.3,11227.7,75,55
BATCH-20260807-180,2026-08-07T21:23:00,2026-08-07T21:24:06,2026-08-07T21:24:56,B,H3,Sinter,17583.0,17594.8,66,50
BATCH-20260807-181,2026-08-07T21:31:00,2026-08-07T21:32:10,2026-08-07T21:32:47,B,H4,Coke,10041.6,10085.3,70,37
BATCH-20260807-182,2026-08-07T21:34:00,2026-08-07T21:34:36,2026-08-07T21:35:10,B,H3,Limestone,15267.4,15316.8,36,34
BATCH-20260807-183,2026-08-07T21:50:00,2026-08-07T21:51:07,2026-08-07T21:52:03,B,H2,Ore,26741.5,26745.5,67,56
BATCH-20260807-184,2026-08-07T21:52:00,2026-08-07T21:52:51,2026-08-07T21:53:12,B,H2,Coke,10483.4,10467.0,51,21
BATCH-20260807-185,2026-08-07T21:58:00,2026-08-07T21:59:16,2026-08-07T22:00:15,B,H4,Ore,24894.0,24892.9,76,59
BATCH-20260807-186,2026-08-07T22:01:00,2026-08-07T22:02:02,2026-08-07T22:02:37,C,H2,Coke,17476.5,17494.0,62,35
BATCH-20260807-187,2026-08-07T22:05:00,2026-08-07T22:06:20,2026-08-07T22:07:11,C,H4,Ore,27223.5,27212.2,80,51
BATCH-20260807-188,2026-08-07T22:10:00,2026-08-07T22:11:15,2026-08-07T22:12:14,C,H1,Coke,14987.0,15039.8,75,59
BATCH-20260807-189,2026-08-07T22:14:00,2026-08-07T22:15:15,2026-08-07T22:15:40,C,H3,Limestone,12414.1,12518.2,75,25
BATCH-20260807-190,2026-08-07T22:22:00,2026-08-07T22:22:47,2026-08-07T22:23:17,C,H3,Coke,13730.8,13743.8,47,30
BATCH-20260807-191,2026-08-07T22:24:00,2026-08-07T22:24:31,2026-08-07T22:25:23,C,H1,Pellet,20985.3,20968.6,31,52
BATCH-20260807-192,2026-08-07T22:41:00,2026-08-07T22:42:28,2026-08-07T22:43:04,C,H3,Coke,17371.2,17345.4,88,36
BATCH-20260807-193,2026-08-07T22:42:00,2026-08-07T22:43:16,2026-08-07T22:43:45,C,H4,Pellet,16426.4,16343.4,76,29
BATCH-20260807-194,2026-08-07T22:46:00,2026-08-07T22:47:02,2026-08-07T22:47:51,C,H3,Sinter,20476.7,20580.1,62,49
BATCH-20260807-195,2026-08-07T22:49:00,2026-08-07T22:49:42,2026-08-07T22:50:42,C,H2,Coke,17579.1,17569.9,42,60
BATCH-20260807-196,2026-08-07T22:56:00,2026-08-07T22:56:39,2026-08-07T22:57:26,C,H3,Limestone,13606.7,13657.6,39,47
BATCH-20260807-197,2026-08-07T23:15:00,2026-08-07T23:15:40,2026-08-07T23:16:16,C,H1,Coke,10893.4,11086.2,40,36
BATCH-20260807-198,2026-08-07T23:27:00,2026-08-07T23:28:02,2026-08-07T23:28:46,C,H1,Ore,22664.1,22671.2,62,44
BATCH-20260807-199,2026-08-07T23:30:00,2026-08-07T23:30:46,2026-08-07T23:31:30,C,H1,Pellet,20051.6,19982.6,46,44
BATCH-20260807-200,2026-08-07T23:57:00,2026-08-07T23:57:48,2026-08-07T23:58:26,C,H3,Sinter,22018.9,22036.5,48,38
BATCH-20260808-001,2026-08-08T00:00:00,2026-08-08T00:00:39,2026-08-08T00:01:10,C,H1,Pellet,21667.9,21669.3,39,31
BATCH-20260808-002,2026-08-08T00:18:00,2026-08-08T00:18:52,2026-08-08T00:19:41,C,H3,Pellet,12728.1,12703.6,52,49
BATCH-20260808-003,2026-08-08T00:53:00,2026-08-08T00:54:11,2026-08-08T00:54:57,C,H1,Coke,14533.8,14634.2,71,46
BATCH-20260808-004,2026-08-08T00:57:00,2026-08-08T00:58:13,2026-08-08T00:58:34,C,H1,Coke,12546.5,12510.7,73,21
BATCH-20260808-005,2026-08-08T01:13:00,2026-08-08T01:13:49,2026-08-08T01:14:18,C,H3,Pellet,21873.1,21923.7,49,29
BATCH-20260808-006,2026-08-08T01:15:00,2026-08-08T01:16:13,2026-08-08T01:16:52,C,H2,Pellet,16263.0,16362.7,73,39
BATCH-20260808-007,2026-08-08T01:22:00,2026-08-08T01:23:14,2026-08-08T01:23:34,C,H1,Coke,16682.4,16571.5,74,20
BATCH-20260808-008,2026-08-08T01:26:00,2026-08-08T01:27:29,2026-08-08T01:28:24,C,H3,Pellet,14902.0,14938.0,89,55
BATCH-20260808-009,2026-08-08T01:44:00,2026-08-08T01:44:48,2026-08-08T01:45:29,C,H4,Coke,10699.5,10637.6,48,41
BATCH-20260808-010,2026-08-08T01:44:00,2026-08-08T01:45:17,2026-08-08T01:46:07,C,H2,Coke,17851.0,17866.9,77,50
BATCH-20260808-011,2026-08-08T02:03:00,2026-08-08T02:03:33,2026-08-08T02:04:02,C,H3,Ore,18050.1,18048.2,33,29
BATCH-20260808-012,2026-08-08T02:15:00,2026-08-08T02:16:03,2026-08-08T02:16:55,C,H2,Limestone,15563.9,15115.6,63,52
BATCH-20260808-013,2026-08-08T02:26:00,2026-08-08T02:27:16,2026-08-08T02:27:41,C,H4,Limestone,12324.5,12320.0,76,25
BATCH-20260808-014,2026-08-08T02:27:00,2026-08-08T02:28:22,2026-08-08T02:29:16,C,H4,Sinter,21033.2,21027.4,82,54
BATCH-20260808-015,2026-08-08T02:29:00,2026-08-08T02:29:52,2026-08-08T02:30:16,C,H3,Pellet,16665.5,16638.0,52,24
BATCH-20260808-016,2026-08-08T02:36:00,2026-08-08T02:37:22,2026-08-08T02:38:14,C,H3,Pellet,19086.0,19133.7,82,52
BATCH-20260808-017,2026-08-08T02:45:00,2026-08-08T02:45:46,2026-08-08T02:46:42,C,H1,Sinter,18607.0,18540.8,46,56
BATCH-20260808-018,2026-08-08T02:46:00,2026-08-08T02:46:45,2026-08-08T02:47:19,C,H1,Pellet,21039.7,21025.8,45,34
BATCH-20260808-019,2026-08-08T02:51:00,2026-08-08T02:52:09,2026-08-08T02:53:02,C,H3,Limestone,15084.0,15174.4,69,53
BATCH-20260808-020,2026-08-08T02:57:00,2026-08-08T02:57:56,2026-08-08T02:58:51,C,H1,Coke,15653.1,15706.2,56,55
BATCH-20260808-021,2026-08-08T03:06:00,2026-08-08T03:06:46,2026-08-08T03:07:36,C,H2,Pellet,16075.6,16028.2,46,50
BATCH-20260808-022,2026-08-08T03:08:00,2026-08-08T03:08:55,2026-08-08T03:09:43,C,H1,Pellet,16085.5,16098.4,55,48
BATCH-20260808-023,2026-08-08T03:23:00,2026-08-08T03:23:39,2026-08-08T03:24:25,C,H4,Limestone,13032.0,13235.9,39,46
BATCH-20260808-024,2026-08-08T03:27:00,2026-08-08T03:28:13,2026-08-08T03:28:56,C,H2,Sinter,18361.7,18380.8,73,43
BATCH-20260808-025,2026-08-08T03:28:00,2026-08-08T03:28:37,2026-08-08T03:29:01,C,H4,Sinter,24445.9,24401.0,37,24
BATCH-20260808-026,2026-08-08T03:36:00,2026-08-08T03:36:39,2026-08-08T03:37:39,C,H1,Pellet,21713.4,21657.9,39,60
BATCH-20260808-027,2026-08-08T03:40:00,2026-08-08T03:41:04,2026-08-08T03:41:45,C,H1,Ore,19624.4,19617.6,64,41
BATCH-20260808-028,2026-08-08T03:43:00,2026-08-08T03:43:46,2026-08-08T03:44:18,C,H3,Pellet,12966.6,12976.4,46,32
BATCH-20260808-029,2026-08-08T03:43:00,2026-08-08T03:43:42,2026-08-08T03:44:22,C,H1,Coke,13498.3,13472.0,42,40
BATCH-20260808-030,2026-08-08T03:53:00,2026-08-08T03:53:39,2026-08-08T03:54:15,C,H1,Ore,20993.5,21062.6,39,36
BATCH-20260808-031,2026-08-08T04:03:00,2026-08-08T04:03:45,2026-08-08T04:04:18,C,H3,Ore,23348.3,23439.6,45,33
BATCH-20260808-032,2026-08-08T04:08:00,2026-08-08T04:08:36,2026-08-08T04:09:11,C,H2,Coke,15495.0,15469.8,36,35
BATCH-20260808-033,2026-08-08T04:08:00,2026-08-08T04:09:15,2026-08-08T04:09:44,C,H2,Coke,15244.1,15214.6,75,29
BATCH-20260808-034,2026-08-08T04:23:00,2026-08-08T04:24:02,2026-08-08T04:24:55,C,H4,Pellet,16406.2,16336.1,62,53
BATCH-20260808-035,2026-08-08T04:24:00,2026-08-08T04:24:59,2026-08-08T04:25:36,C,H2,Sinter,22505.8,22452.5,59,37
BATCH-20260808-036,2026-08-08T04:30:00,2026-08-08T04:31:13,2026-08-08T04:31:34,C,H4,Sinter,21715.1,21771.8,73,21
BATCH-20260808-037,2026-08-08T04:48:00,2026-08-08T04:49:20,2026-08-08T04:50:14,C,H4,Ore,21863.0,21858.4,80,54
BATCH-20260808-038,2026-08-08T04:54:00,2026-08-08T04:54:55,2026-08-08T04:55:55,C,H2,Pellet,15494.5,15560.1,55,60
BATCH-20260808-039,2026-08-08T05:06:00,2026-08-08T05:06:59,2026-08-08T05:07:35,C,H2,Pellet,18136.9,18124.7,59,36
BATCH-20260808-040,2026-08-08T05:07:00,2026-08-08T05:07:55,2026-08-08T05:08:37,C,H3,Ore,28574.8,28543.0,55,42
BATCH-20260808-041,2026-08-08T05:12:00,2026-08-08T05:13:18,2026-08-08T05:13:44,C,H2,Ore,24348.6,24431.0,78,26
BATCH-20260808-042,2026-08-08T05:15:00,2026-08-08T05:15:38,2026-08-08T05:16:08,C,H3,Sinter,17522.1,17535.8,38,30
BATCH-20260808-043,2026-08-08T05:22:00,2026-08-08T05:23:07,2026-08-08T05:23:34,C,H2,Sinter,17521.1,17488.4,67,27
BATCH-20260808-044,2026-08-08T05:25:00,2026-08-08T05:25:58,2026-08-08T05:26:50,C,H1,Limestone,12191.8,12241.7,58,52
BATCH-20260808-045,2026-08-08T05:26:00,2026-08-08T05:26:39,2026-08-08T05:27:01,C,H2,Sinter,21002.6,21002.7,39,22
BATCH-20260808-046,2026-08-08T05:41:00,2026-08-08T05:42:03,2026-08-08T05:42:59,C,H3,Sinter,18236.1,18208.8,63,56
BATCH-20260808-047,2026-08-08T05:45:00,2026-08-08T05:45:42,2026-08-08T05:46:37,C,H4,Ore,27078.1,27182.2,42,55
BATCH-20260808-048,2026-08-08T05:51:00,2026-08-08T05:52:09,2026-08-08T05:52:47,C,H3,Ore,24058.3,24091.8,69,38
BATCH-20260808-049,2026-08-08T05:51:00,2026-08-08T05:51:47,2026-08-08T05:52:07,C,H3,Limestone,15613.6,15595.6,47,20
BATCH-20260808-050,2026-08-08T06:10:00,2026-08-08T06:10:40,2026-08-08T06:11:00,A,H4,Sinter,21682.0,21704.6,40,20
BATCH-20260808-051,2026-08-08T06:21:00,2026-08-08T06:22:25,2026-08-08T06:23:07,A,H1,Pellet,14134.5,14150.0,85,42
BATCH-20260808-052,2026-08-08T06:24:00,2026-08-08T06:25:30,2026-08-08T06:26:11,A,H1,Pellet,21453.1,21457.8,90,41
BATCH-20260808-053,2026-08-08T06:34:00,2026-08-08T06:35:10,2026-08-08T06:35:31,A,H1,Coke,12640.9,12636.2,70,21
BATCH-20260808-054,2026-08-08T06:38:00,2026-08-08T06:39:19,2026-08-08T06:39:45,A,H3,Pellet,20284.2,20261.7,79,26
BATCH-20260808-055,2026-08-08T06:42:00,2026-08-08T06:43:25,2026-08-08T06:43:45,A,H4,Pellet,21279.8,21313.7,85,20
BATCH-20260808-056,2026-08-08T06:48:00,2026-08-08T06:48:44,2026-08-08T06:49:10,A,H1,Limestone,15168.2,15155.0,44,26
BATCH-20260808-057,2026-08-08T06:52:00,2026-08-08T06:52:55,2026-08-08T06:53:39,A,H3,Pellet,14759.5,14804.8,55,44
BATCH-20260808-058,2026-08-08T06:52:00,2026-08-08T06:52:34,2026-08-08T06:53:21,A,H4,Limestone,14947.8,14956.5,34,47
BATCH-20260808-059,2026-08-08T06:53:00,2026-08-08T06:53:44,2026-08-08T06:54:33,A,H2,Limestone,14298.7,14202.9,44,49
BATCH-20260808-060,2026-08-08T07:01:00,2026-08-08T07:02:01,2026-08-08T07:02:37,A,H4,Limestone,15341.0,15245.4,61,36
BATCH-20260808-061,2026-08-08T07:20:00,2026-08-08T07:21:05,2026-08-08T07:21:43,A,H2,Coke,12687.1,12638.1,65,38
BATCH-20260808-062,2026-08-08T07:34:00,2026-08-08T07:35:11,2026-08-08T07:35:51,A,H2,Limestone,15743.8,15792.0,71,40
BATCH-20260808-063,2026-08-08T07:36:00,2026-08-08T07:37:08,2026-08-08T07:37:29,A,H2,Sinter,23964.6,23940.2,68,21
BATCH-20260808-064,2026-08-08T07:37:00,2026-08-08T07:38:05,2026-08-08T07:38:43,A,H1,Limestone,14433.6,14438.7,65,38
BATCH-20260808-065,2026-08-08T08:01:00,2026-08-08T08:02:05,2026-08-08T08:02:46,A,H3,Coke,16547.9,16452.1,65,41
BATCH-20260808-066,2026-08-08T08:07:00,2026-08-08T08:08:30,2026-08-08T08:09:25,A,H1,Limestone,15893.1,15926.0,90,55
BATCH-20260808-067,2026-08-08T08:14:00,2026-08-08T08:14:32,2026-08-08T08:15:22,A,H1,Coke,13952.6,13911.3,32,50
BATCH-20260808-068,2026-08-08T08:16:00,2026-08-08T08:16:57,2026-08-08T08:17:39,A,H4,Limestone,13268.9,13243.9,57,42
BATCH-20260808-069,2026-08-08T08:28:00,2026-08-08T08:28:31,2026-08-08T08:28:58,A,H3,Coke,10032.9,10005.0,31,27
BATCH-20260808-070,2026-08-08T08:36:00,2026-08-08T08:37:24,2026-08-08T08:38:03,A,H3,Pellet,16045.2,16042.1,84,39
BATCH-20260808-071,2026-08-08T08:40:00,2026-08-08T08:40:30,2026-08-08T08:40:55,A,H3,Coke,12382.8,12400.9,30,25
BATCH-20260808-072,2026-08-08T08:43:00,2026-08-08T08:43:58,2026-08-08T08:44:46,A,H4,Pellet,13534.6,13570.2,58,48
BATCH-20260808-073,2026-08-08T08:43:00,2026-08-08T08:43:36,2026-08-08T08:44:36,A,H1,Ore,22878.1,22865.5,36,60
BATCH-20260808-074,2026-08-08T08:48:00,2026-08-08T08:49:20,2026-08-08T08:49:47,A,H3,Coke,10141.1,10175.4,80,27
BATCH-20260808-075,2026-08-08T08:52:00,2026-08-08T08:52:45,2026-08-08T08:53:42,A,H2,Coke,13870.0,13900.5,45,57
BATCH-20260808-076,2026-08-08T09:08:00,2026-08-08T09:09:08,2026-08-08T09:09:35,A,H2,Ore,29154.0,29177.1,68,27
BATCH-20260808-077,2026-08-08T09:12:00,2026-08-08T09:13:18,2026-08-08T09:13:51,A,H1,Pellet,14625.1,14569.8,78,33
BATCH-20260808-078,2026-08-08T09:28:00,2026-08-08T09:29:10,2026-08-08T09:29:44,A,H4,Sinter,16381.3,16327.9,70,34
BATCH-20260808-079,2026-08-08T09:37:00,2026-08-08T09:38:15,2026-08-08T09:38:38,A,H2,Sinter,20332.4,20704.6,75,23
BATCH-20260808-080,2026-08-08T09:39:00,2026-08-08T09:39:31,2026-08-08T09:40:15,A,H4,Pellet,12948.1,13027.9,31,44
BATCH-20260808-081,2026-08-08T09:41:00,2026-08-08T09:42:19,2026-08-08T09:43:13,A,H3,Limestone,14662.8,14674.4,79,54
BATCH-20260808-082,2026-08-08T09:56:00,2026-08-08T09:57:07,2026-08-08T09:57:41,A,H1,Coke,14095.6,14066.8,67,34
BATCH-20260808-083,2026-08-08T09:57:00,2026-08-08T09:58:07,2026-08-08T09:58:56,A,H2,Ore,25659.2,25527.5,67,49
BATCH-20260808-084,2026-08-08T10:09:00,2026-08-08T10:09:47,2026-08-08T10:10:34,A,H1,Coke,12622.0,12552.4,47,47
BATCH-20260808-085,2026-08-08T10:10:00,2026-08-08T10:11:22,2026-08-08T10:11:53,A,H1,Pellet,18300.9,18256.7,82,31
BATCH-20260808-086,2026-08-08T10:10:00,2026-08-08T10:10:53,2026-08-08T10:11:19,A,H1,Limestone,15652.5,15755.3,53,26
BATCH-20260808-087,2026-08-08T10:32:00,2026-08-08T10:33:27,2026-08-08T10:33:49,A,H1,Ore,20746.0,20715.9,87,22
BATCH-20260808-088,2026-08-08T10:33:00,2026-08-08T10:33:47,2026-08-08T10:34:23,A,H4,Ore,18585.9,18702.7,47,36
BATCH-20260808-089,2026-08-08T10:41:00,2026-08-08T10:42:30,2026-08-08T10:43:11,A,H3,Coke,13032.2,13042.1,90,41
BATCH-20260808-090,2026-08-08T10:51:00,2026-08-08T10:52:24,2026-08-08T10:52:55,A,H2,Ore,20767.6,20811.8,84,31
BATCH-20260808-091,2026-08-08T10:52:00,2026-08-08T10:53:11,2026-08-08T10:53:55,A,H3,Sinter,21276.2,21231.9,71,44
BATCH-20260808-092,2026-08-08T11:18:00,2026-08-08T11:19:08,2026-08-08T11:19:52,A,H3,Coke,12695.2,12729.2,68,44
BATCH-20260808-093,2026-08-08T11:26:00,2026-08-08T11:26:44,2026-08-08T11:27:11,A,H3,Limestone,13957.9,13980.8,44,27
BATCH-20260808-094,2026-08-08T11:38:00,2026-08-08T11:38:39,2026-08-08T11:39:32,A,H3,Sinter,17389.9,17424.0,39,53
BATCH-20260808-095,2026-08-08T11:38:00,2026-08-08T11:39:30,2026-08-08T11:40:18,A,H3,Ore,21198.6,21243.6,90,48
BATCH-20260808-096,2026-08-08T11:50:00,2026-08-08T11:50:54,2026-08-08T11:51:36,A,H4,Coke,10172.9,10231.1,54,42
BATCH-20260808-097,2026-08-08T11:53:00,2026-08-08T11:53:52,2026-08-08T11:54:38,A,H4,Pellet,21470.8,21489.3,52,46
BATCH-20260808-098,2026-08-08T11:54:00,2026-08-08T11:54:41,2026-08-08T11:55:11,A,H2,Limestone,10401.5,10407.9,41,30
BATCH-20260808-099,2026-08-08T12:06:00,2026-08-08T12:07:12,2026-08-08T12:07:59,A,H4,Ore,19055.7,19050.5,72,47
BATCH-20260808-100,2026-08-08T12:10:00,2026-08-08T12:10:53,2026-08-08T12:11:44,A,H3,Pellet,20968.6,20995.2,53,51
BATCH-20260808-101,2026-08-08T12:25:00,2026-08-08T12:25:55,2026-08-08T12:26:54,A,H4,Pellet,12158.6,12166.4,55,59
BATCH-20260808-102,2026-08-08T12:35:00,2026-08-08T12:36:06,2026-08-08T12:37:05,A,H1,Sinter,16145.4,16110.0,66,59
BATCH-20260808-103,2026-08-08T12:48:00,2026-08-08T12:49:25,2026-08-08T12:50:14,A,H1,Limestone,11799.3,11686.4,85,49
BATCH-20260808-104,2026-08-08T12:48:00,2026-08-08T12:49:14,2026-08-08T12:49:56,A,H1,Coke,11397.7,11442.6,74,42
BATCH-20260808-105,2026-08-08T12:49:00,2026-08-08T12:49:56,2026-08-08T12:50:45,A,H4,Limestone,11925.2,11961.5,56,49
BATCH-20260808-106,2026-08-08T12:55:00,2026-08-08T12:56:26,2026-08-08T12:57:16,A,H4,Sinter,23712.8,23669.8,86,50
BATCH-20260808-107,2026-08-08T12:55:00,2026-08-08T12:56:10,2026-08-08T12:57:08,A,H2,Pellet,20602.8,20617.8,70,58
BATCH-20260808-108,2026-08-08T13:00:00,2026-08-08T13:01:29,2026-08-08T13:02:19,A,H2,Sinter,17545.9,17510.6,89,50
BATCH-20260808-109,2026-08-08T13:02:00,2026-08-08T13:02:54,2026-08-08T13:03:28,A,H3,Ore,27597.8,27588.6,54,34
BATCH-20260808-110,2026-08-08T13:05:00,2026-08-08T13:06:04,2026-08-08T13:06:48,A,H2,Limestone,11412.8,11450.6,64,44
BATCH-20260808-111,2026-08-08T13:25:00,2026-08-08T13:25:37,2026-08-08T13:26:14,A,H4,Sinter,23953.6,23955.5,37,37
BATCH-20260808-112,2026-08-08T13:29:00,2026-08-08T13:30:14,2026-08-08T13:30:43,A,H1,Pellet,12146.1,12181.7,74,29
BATCH-20260808-113,2026-08-08T13:41:00,2026-08-08T13:42:12,2026-08-08T13:42:38,A,H2,Pellet,19090.2,19065.3,72,26
BATCH-20260808-114,2026-08-08T13:47:00,2026-08-08T13:48:26,2026-08-08T13:49:12,A,H1,Sinter,19683.4,19694.8,86,46
BATCH-20260808-115,2026-08-08T13:51:00,2026-08-08T13:51:34,2026-08-08T13:52:22,A,H4,Sinter,17436.6,17495.5,34,48
BATCH-20260808-116,2026-08-08T13:58:00,2026-08-08T13:58:40,2026-08-08T13:59:32,A,H1,Limestone,11816.7,11771.2,40,52
BATCH-20260808-117,2026-08-08T14:03:00,2026-08-08T14:04:18,2026-08-08T14:05:16,B,H3,Pellet,16341.5,16256.5,78,58
BATCH-20260808-118,2026-08-08T14:10:00,2026-08-08T14:11:28,2026-08-08T14:12:07,B,H4,Sinter,21505.9,21572.4,88,39
BATCH-20260808-119,2026-08-08T14:18:00,2026-08-08T14:19:13,2026-08-08T14:20:09,B,H2,Limestone,12065.4,12017.5,73,56
BATCH-20260808-120,2026-08-08T14:19:00,2026-08-08T14:20:18,2026-08-08T14:20:59,B,H2,Pellet,18061.1,18131.4,78,41
BATCH-20260808-121,2026-08-08T14:23:00,2026-08-08T14:24:23,2026-08-08T14:25:19,B,H3,Sinter,20311.6,20345.4,83,56
BATCH-20260808-122,2026-08-08T14:41:00,2026-08-08T14:41:56,2026-08-08T14:42:32,B,H2,Ore,23544.0,23587.4,56,36
BATCH-20260808-123,2026-08-08T14:41:00,2026-08-08T14:42:00,2026-08-08T14:42:23,B,H1,Coke,13150.6,13046.7,60,23
BATCH-20260808-124,2026-08-08T14:51:00,2026-08-08T14:51:35,2026-08-08T14:52:16,B,H1,Ore,25270.1,25275.6,35,41
BATCH-20260808-125,2026-08-08T14:52:00,2026-08-08T14:53:05,2026-08-08T14:53:26,B,H1,Limestone,10648.1,10574.3,65,21
BATCH-20260808-126,2026-08-08T15:04:00,2026-08-08T15:05:27,2026-08-08T15:05:52,B,H1,Pellet,19001.9,19022.9,87,25
BATCH-20260808-127,2026-08-08T15:07:00,2026-08-08T15:07:49,2026-08-08T15:08:22,B,H1,Limestone,15624.3,15593.9,49,33
BATCH-20260808-128,2026-08-08T15:13:00,2026-08-08T15:14:05,2026-08-08T15:14:31,B,H1,Pellet,20375.2,20364.8,65,26
BATCH-20260808-129,2026-08-08T15:24:00,2026-08-08T15:25:13,2026-08-08T15:25:44,B,H4,Sinter,21374.8,21390.0,73,31
BATCH-20260808-130,2026-08-08T15:25:00,2026-08-08T15:26:06,2026-08-08T15:26:58,B,H2,Sinter,17366.4,17414.7,66,52
BATCH-20260808-131,2026-08-08T15:36:00,2026-08-08T15:36:57,2026-08-08T15:37:25,B,H1,Coke,15508.0,15554.7,57,28
BATCH-20260808-132,2026-08-08T15:38:00,2026-08-08T15:39:29,2026-08-08T15:40:11,B,H1,Sinter,16320.0,16320.7,89,42
BATCH-20260808-133,2026-08-08T15:40:00,2026-08-08T15:41:14,2026-08-08T15:41:53,B,H1,Limestone,12035.0,12012.0,74,39
BATCH-20260808-134,2026-08-08T15:51:00,2026-08-08T15:51:56,2026-08-08T15:52:51,B,H1,Pellet,19484.1,19490.3,56,55
BATCH-20260808-135,2026-08-08T15:51:00,2026-08-08T15:52:22,2026-08-08T15:52:55,B,H1,Limestone,12259.3,12187.3,82,33
BATCH-20260808-136,2026-08-08T16:32:00,2026-08-08T16:32:42,2026-08-08T16:33:37,B,H2,Ore,22713.3,22721.6,42,55
BATCH-20260808-137,2026-08-08T16:43:00,2026-08-08T16:43:54,2026-08-08T16:44:52,B,H3,Limestone,12623.7,12649.7,54,58
BATCH-20260808-138,2026-08-08T16:49:00,2026-08-08T16:49:35,2026-08-08T16:50:33,B,H4,Sinter,23436.4,23508.6,35,58
BATCH-20260808-139,2026-08-08T16:50:00,2026-08-08T16:50:55,2026-08-08T16:51:41,B,H1,Ore,22673.3,22656.8,55,46
BATCH-20260808-140,2026-08-08T16:52:00,2026-08-08T16:53:06,2026-08-08T16:53:57,B,H4,Coke,11001.1,10994.2,66,51
BATCH-20260808-141,2026-08-08T16:58:00,2026-08-08T16:58:59,2026-08-08T16:59:28,B,H4,Sinter,20316.5,20350.9,59,29
BATCH-20260808-142,2026-08-08T16:59:00,2026-08-08T16:59:51,2026-08-08T17:00:17,B,H3,Coke,12325.1,12252.9,51,26
BATCH-20260808-143,2026-08-08T17:07:00,2026-08-08T17:07:57,2026-08-08T17:08:55,B,H4,Ore,24385.3,24308.0,57,58
BATCH-20260808-144,2026-08-08T17:13:00,2026-08-08T17:14:18,2026-08-08T17:15:08,B,H3,Ore,25299.5,25271.6,78,50
BATCH-20260808-145,2026-08-08T17:13:00,2026-08-08T17:13:32,2026-08-08T17:14:21,B,H2,Ore,25360.5,25339.9,32,49
BATCH-20260808-146,2026-08-08T17:15:00,2026-08-08T17:16:15,2026-08-08T17:17:06,B,H3,Pellet,16521.5,16554.7,75,51
BATCH-20260808-147,2026-08-08T17:23:00,2026-08-08T17:23:44,2026-08-08T17:24:18,B,H1,Limestone,14735.6,14715.8,44,34
BATCH-20260808-148,2026-08-08T17:45:00,2026-08-08T17:46:22,2026-08-08T17:47:20,B,H3,Pellet,13983.4,13988.8,82,58
BATCH-20260808-149,2026-08-08T17:49:00,2026-08-08T17:49:59,2026-08-08T17:50:34,B,H4,Limestone,14562.0,14555.8,59,35
BATCH-20260808-150,2026-08-08T17:50:00,2026-08-08T17:51:06,2026-08-08T17:51:42,B,H2,Pellet,17625.6,17623.6,66,36
BATCH-20260808-151,2026-08-08T17:55:00,2026-08-08T17:55:55,2026-08-08T17:56:55,B,H1,Ore,19386.3,19406.3,55,60
BATCH-20260808-152,2026-08-08T17:56:00,2026-08-08T17:56:50,2026-08-08T17:57:37,B,H1,Limestone,14565.7,14555.3,50,47
BATCH-20260808-153,2026-08-08T18:00:00,2026-08-08T18:01:15,2026-08-08T18:02:09,B,H4,Limestone,15292.1,15327.2,75,54
BATCH-20260808-154,2026-08-08T18:04:00,2026-08-08T18:05:29,2026-08-08T18:06:00,B,H1,Limestone,15143.4,15140.0,89,31
BATCH-20260808-155,2026-08-08T18:07:00,2026-08-08T18:07:30,2026-08-08T18:08:17,B,H2,Limestone,11509.6,11547.7,30,47
BATCH-20260808-156,2026-08-08T18:15:00,2026-08-08T18:16:06,2026-08-08T18:16:51,B,H1,Limestone,11006.5,10987.3,66,45
BATCH-20260808-157,2026-08-08T18:22:00,2026-08-08T18:23:28,2026-08-08T18:24:19,B,H1,Limestone,10779.0,10717.2,88,51
BATCH-20260808-158,2026-08-08T18:25:00,2026-08-08T18:25:30,2026-08-08T18:26:21,B,H1,Pellet,14964.9,14936.4,30,51
BATCH-20260808-159,2026-08-08T18:30:00,2026-08-08T18:30:52,2026-08-08T18:31:44,B,H4,Limestone,13270.8,13320.6,52,52
BATCH-20260808-160,2026-08-08T18:34:00,2026-08-08T18:35:18,2026-08-08T18:35:48,B,H1,Sinter,20225.1,20268.7,78,30
BATCH-20260808-161,2026-08-08T18:38:00,2026-08-08T18:38:59,2026-08-08T18:39:29,B,H1,Ore,28024.8,28050.9,59,30
BATCH-20260808-162,2026-08-08T18:38:00,2026-08-08T18:38:44,2026-08-08T18:39:42,B,H3,Limestone,14563.2,14582.8,44,58
BATCH-20260808-163,2026-08-08T18:45:00,2026-08-08T18:45:52,2026-08-08T18:46:13,B,H1,Limestone,10903.1,10842.8,52,21
BATCH-20260808-164,2026-08-08T19:01:00,2026-08-08T19:02:16,2026-08-08T19:02:40,B,H2,Sinter,22167.9,22188.1,76,24
BATCH-20260808-165,2026-08-08T19:24:00,2026-08-08T19:24:42,2026-08-08T19:25:16,B,H2,Ore,28461.8,28493.3,42,34
BATCH-20260808-166,2026-08-08T19:25:00,2026-08-08T19:26:25,2026-08-08T19:27:24,B,H3,Pellet,19358.0,19480.9,85,59
BATCH-20260808-167,2026-08-08T19:36:00,2026-08-08T19:37:00,2026-08-08T19:37:58,B,H1,Pellet,16695.1,16654.7,60,58
BATCH-20260808-168,2026-08-08T19:40:00,2026-08-08T19:41:21,2026-08-08T19:41:52,B,H2,Sinter,21050.8,21064.2,81,31
BATCH-20260808-169,2026-08-08T19:54:00,2026-08-08T19:55:20,2026-08-08T19:55:42,B,H4,Limestone,12280.6,12389.2,80,22
BATCH-20260808-170,2026-08-08T20:03:00,2026-08-08T20:04:02,2026-08-08T20:04:53,B,H4,Coke,16606.1,16611.5,62,51
BATCH-20260808-171,2026-08-08T20:13:00,2026-08-08T20:13:43,2026-08-08T20:14:37,B,H2,Ore,18141.0,18216.5,43,54
BATCH-20260808-172,2026-08-08T20:16:00,2026-08-08T20:16:54,2026-08-08T20:17:39,B,H1,Limestone,14021.5,14079.0,54,45
BATCH-20260808-173,2026-08-08T20:18:00,2026-08-08T20:18:48,2026-08-08T20:19:20,B,H2,Coke,14873.9,14828.6,48,32
BATCH-20260808-174,2026-08-08T20:20:00,2026-08-08T20:21:22,2026-08-08T20:22:20,B,H1,Pellet,16452.5,16404.3,82,58
BATCH-20260808-175,2026-08-08T20:27:00,2026-08-08T20:28:27,2026-08-08T20:28:57,B,H2,Ore,27781.2,27754.7,87,30
BATCH-20260808-176,2026-08-08T20:34:00,2026-08-08T20:34:54,2026-08-08T20:35:38,B,H1,Pellet,21165.9,21197.6,54,44
BATCH-20260808-177,2026-08-08T20:40:00,2026-08-08T20:41:16,2026-08-08T20:42:03,B,H3,Coke,10215.2,10181.3,76,47
BATCH-20260808-178,2026-08-08T20:41:00,2026-08-08T20:41:35,2026-08-08T20:42:06,B,H2,Limestone,11292.3,11211.6,35,31
BATCH-20260808-179,2026-08-08T20:42:00,2026-08-08T20:43:01,2026-08-08T20:43:57,B,H3,Coke,15524.9,15500.4,61,56
BATCH-20260808-180,2026-08-08T20:53:00,2026-08-08T20:54:27,2026-08-08T20:54:53,B,H3,Coke,11067.8,11077.0,87,26
BATCH-20260808-181,2026-08-08T21:05:00,2026-08-08T21:05:59,2026-08-08T21:06:39,B,H3,Ore,24208.0,24244.4,59,40
BATCH-20260808-182,2026-08-08T21:08:00,2026-08-08T21:09:24,2026-08-08T21:10:17,B,H2,Pellet,12426.1,12434.0,84,53
BATCH-20260808-183,2026-08-08T21:16:00,2026-08-08T21:17:04,2026-08-08T21:17:39,B,H3,Ore,24623.1,24593.1,64,35
BATCH-20260808-184,2026-08-08T21:22:00,2026-08-08T21:23:08,2026-08-08T21:23:28,B,H3,Coke,10113.6,10133.4,68,20
BATCH-20260808-185,2026-08-08T21:27:00,2026-08-08T21:27:51,2026-08-08T21:28:48,B,H1,Limestone,15414.0,15359.8,51,57
BATCH-20260808-186,2026-08-08T21:31:00,2026-08-08T21:32:19,2026-08-08T21:32:55,B,H4,Limestone,13073.4,13111.2,79,36
BATCH-20260808-187,2026-08-08T21:34:00,2026-08-08T21:35:20,2026-08-08T21:35:51,B,H1,Coke,13733.0,13793.8,80,31
BATCH-20260808-188,2026-08-08T21:57:00,2026-08-08T21:58:02,2026-08-08T21:58:49,B,H1,Pellet,16272.7,16332.9,62,47
BATCH-20260808-189,2026-08-08T22:04:00,2026-08-08T22:04:59,2026-08-08T22:05:56,C,H1,Limestone,10029.2,9931.3,59,57
BATCH-20260808-190,2026-08-08T22:14:00,2026-08-08T22:15:30,2026-08-08T22:16:08,C,H3,Ore,22331.9,22266.5,90,38
BATCH-20260808-191,2026-08-08T22:16:00,2026-08-08T22:17:16,2026-08-08T22:18:01,C,H3,Ore,22683.6,22684.8,76,45
BATCH-20260808-192,2026-08-08T22:21:00,2026-08-08T22:22:01,2026-08-08T22:22:21,C,H1,Ore,22512.3,22498.0,61,20
BATCH-20260808-193,2026-08-08T22:24:00,2026-08-08T22:25:12,2026-08-08T22:25:41,C,H4,Pellet,18115.4,18214.2,72,29
BATCH-20260808-194,2026-08-08T22:33:00,2026-08-08T22:33:49,2026-08-08T22:34:38,C,H4,Coke,11795.1,11799.8,49,49
BATCH-20260808-195,2026-08-08T23:02:00,2026-08-08T23:02:51,2026-08-08T23:03:38,C,H2,Ore,29148.7,29205.0,51,47
BATCH-20260808-196,2026-08-08T23:04:00,2026-08-08T23:05:00,2026-08-08T23:05:31,C,H1,Ore,25003.6,24974.5,60,31
BATCH-20260808-197,2026-08-08T23:04:00,2026-08-08T23:04:36,2026-08-08T23:05:36,C,H3,Pellet,16262.1,16303.8,36,60
BATCH-20260808-198,2026-08-08T23:10:00,2026-08-08T23:11:11,2026-08-08T23:12:01,C,H2,Sinter,24031.1,23989.9,71,50
BATCH-20260808-199,2026-08-08T23:12:00,2026-08-08T23:12:48,2026-08-08T23:13:11,C,H1,Limestone,11193.1,11124.3,48,23
BATCH-20260808-200,2026-08-08T23:38:00,2026-08-08T23:39:19,2026-08-08T23:40:09,C,H4,Ore,19907.4,19888.0,79,50
BATCH-20260809-001,2026-08-09T00:05:00,2026-08-09T00:06:06,2026-08-09T00:06:30,C,H3,Limestone,15978.9,16131.0,66,24
BATCH-20260809-002,2026-08-09T00:07:00,2026-08-09T00:07:59,2026-08-09T00:08:28,C,H2,Coke,15741.8,15763.0,59,29
BATCH-20260809-003,2026-08-09T00:14:00,2026-08-09T00:15:12,2026-08-09T00:15:54,C,H4,Pellet,17988.8,18011.1,72,42
BATCH-20260809-004,2026-08-09T00:21:00,2026-08-09T00:21:45,2026-08-09T00:22:27,C,H1,Ore,22275.8,22307.1,45,42
BATCH-20260809-005,2026-08-09T00:31:00,2026-08-09T00:31:35,2026-08-09T00:32:30,C,H4,Ore,23895.5,23940.1,35,55
BATCH-20260809-006,2026-08-09T00:39:00,2026-08-09T00:39:35,2026-08-09T00:40:24,C,H2,Limestone,15286.1,15290.7,35,49
BATCH-20260809-007,2026-08-09T00:42:00,2026-08-09T00:42:55,2026-08-09T00:43:41,C,H1,Pellet,16285.9,16195.2,55,46
BATCH-20260809-008,2026-08-09T00:48:00,2026-08-09T00:49:06,2026-08-09T00:50:03,C,H4,Limestone,13471.4,13513.1,66,57
BATCH-20260809-009,2026-08-09T01:22:00,2026-08-09T01:22:33,2026-08-09T01:22:56,C,H4,Limestone,15209.0,15245.0,33,23
BATCH-20260809-010,2026-08-09T01:30:00,2026-08-09T01:31:22,2026-08-09T01:31:42,C,H3,Pellet,13536.6,13534.9,82,20
BATCH-20260809-011,2026-08-09T01:41:00,2026-08-09T01:42:04,2026-08-09T01:42:36,C,H4,Ore,26742.0,26705.1,64,32
BATCH-20260809-012,2026-08-09T02:12:00,2026-08-09T02:13:07,2026-08-09T02:13:45,C,H2,Pellet,14147.3,14196.5,67,38
BATCH-20260809-013,2026-08-09T02:27:00,2026-08-09T02:28:13,2026-08-09T02:28:51,C,H4,Coke,13475.6,13441.1,73,38
BATCH-20260809-014,2026-08-09T02:34:00,2026-08-09T02:35:00,2026-08-09T02:35:46,C,H1,Pellet,17252.0,17301.4,60,46
BATCH-20260809-015,2026-08-09T02:43:00,2026-08-09T02:44:17,2026-08-09T02:45:09,C,H3,Ore,21391.4,21390.7,77,52
BATCH-20260809-016,2026-08-09T02:43:00,2026-08-09T02:44:21,2026-08-09T02:45:08,C,H2,Limestone,10255.7,10166.1,81,47
BATCH-20260809-017,2026-08-09T02:49:00,2026-08-09T02:50:21,2026-08-09T02:51:17,C,H3,Limestone,14090.3,14108.0,81,56
BATCH-20260809-018,2026-08-09T02:56:00,2026-08-09T02:57:06,2026-08-09T02:57:53,C,H4,Limestone,11691.6,11712.8,66,47
BATCH-20260809-019,2026-08-09T03:05:00,2026-08-09T03:05:47,2026-08-09T03:06:42,C,H4,Limestone,12442.5,12430.9,47,55
BATCH-20260809-020,2026-08-09T03:11:00,2026-08-09T03:11:34,2026-08-09T03:12:09,C,H3,Ore,25379.1,25297.3,34,35
BATCH-20260809-021,2026-08-09T03:16:00,2026-08-09T03:17:20,2026-08-09T03:17:48,C,H4,Limestone,10972.1,10981.2,80,28
BATCH-20260809-022,2026-08-09T03:17:00,2026-08-09T03:17:48,2026-08-09T03:18:21,C,H3,Sinter,23592.9,23554.9,48,33
BATCH-20260809-023,2026-08-09T03:22:00,2026-08-09T03:22:30,2026-08-09T03:23:12,C,H4,Sinter,23925.8,23880.4,30,42
BATCH-20260809-024,2026-08-09T03:30:00,2026-08-09T03:30:52,2026-08-09T03:31:44,C,H3,Coke,16777.8,16760.0,52,52
BATCH-20260809-025,2026-08-09T03:32:00,2026-08-09T03:32:54,2026-08-09T03:33:45,C,H2,Ore,25587.9,25507.1,54,51
BATCH-20260809-026,2026-08-09T03:48:00,2026-08-09T03:49:26,2026-08-09T03:50:13,C,H1,Pellet,16199.9,16254.7,86,47
BATCH-20260809-027,2026-08-09T03:48:00,2026-08-09T03:48:39,2026-08-09T03:49:04,C,H2,Pellet,16485.7,16446.5,39,25
BATCH-20260809-028,2026-08-09T03:49:00,2026-08-09T03:50:14,2026-08-09T03:51:09,C,H3,Ore,24753.3,24776.2,74,55
BATCH-20260809-029,2026-08-09T03:54:00,2026-08-09T03:54:45,2026-08-09T03:55:16,C,H3,Pellet,17355.9,17380.5,45,31
BATCH-20260809-030,2026-08-09T03:56:00,2026-08-09T03:57:29,2026-08-09T03:57:54,C,H3,Ore,21249.6,21159.1,89,25
BATCH-20260809-031,2026-08-09T04:03:00,2026-08-09T04:04:08,2026-08-09T04:04:32,C,H1,Ore,26801.0,26723.9,68,24
BATCH-20260809-032,2026-08-09T04:26:00,2026-08-09T04:26:44,2026-08-09T04:27:31,C,H1,Limestone,13205.7,13280.5,44,47
BATCH-20260809-033,2026-08-09T04:28:00,2026-08-09T04:28:42,2026-08-09T04:29:41,C,H2,Sinter,22653.9,22657.9,42,59
BATCH-20260809-034,2026-08-09T04:30:00,2026-08-09T04:31:23,2026-08-09T04:31:48,C,H2,Limestone,11461.2,11402.9,83,25
BATCH-20260809-035,2026-08-09T04:41:00,2026-08-09T04:42:17,2026-08-09T04:43:04,C,H1,Ore,20272.3,20297.2,77,47
BATCH-20260809-036,2026-08-09T04:47:00,2026-08-09T04:48:07,2026-08-09T04:48:34,C,H1,Coke,12148.9,12021.9,67,27
BATCH-20260809-037,2026-08-09T04:47:00,2026-08-09T04:47:30,2026-08-09T04:48:05,C,H2,Sinter,22747.1,22654.3,30,35
BATCH-20260809-038,2026-08-09T04:52:00,2026-08-09T04:53:00,2026-08-09T04:53:48,C,H4,Sinter,24775.0,24760.8,60,48
BATCH-20260809-039,2026-08-09T05:21:00,2026-08-09T05:21:54,2026-08-09T05:22:33,C,H1,Sinter,23145.0,23143.4,54,39
BATCH-20260809-040,2026-08-09T05:24:00,2026-08-09T05:24:53,2026-08-09T05:25:48,C,H4,Limestone,14338.2,14335.7,53,55
BATCH-20260809-041,2026-08-09T05:31:00,2026-08-09T05:32:07,2026-08-09T05:32:56,C,H1,Ore,23831.3,23824.2,67,49
BATCH-20260809-042,2026-08-09T06:03:00,2026-08-09T06:03:51,2026-08-09T06:04:30,A,H2,Sinter,22755.1,22771.0,51,39
BATCH-20260809-043,2026-08-09T06:10:00,2026-08-09T06:10:38,2026-08-09T06:11:24,A,H1,Ore,26179.3,26248.9,38,46
BATCH-20260809-044,2026-08-09T06:18:00,2026-08-09T06:18:46,2026-08-09T06:19:31,A,H2,Ore,29699.6,29606.9,46,45
BATCH-20260809-045,2026-08-09T06:28:00,2026-08-09T06:28:33,2026-08-09T06:28:55,A,H4,Sinter,15855.2,15996.0,33,22
BATCH-20260809-046,2026-08-09T06:30:00,2026-08-09T06:30:47,2026-08-09T06:31:44,A,H1,Limestone,12834.4,12829.1,47,57
BATCH-20260809-047,2026-08-09T06:42:00,2026-08-09T06:42:30,2026-08-09T06:43:20,A,H3,Sinter,21871.5,21857.0,30,50
BATCH-20260809-048,2026-08-09T06:47:00,2026-08-09T06:47:52,2026-08-09T06:48:28,A,H1,Sinter,23341.4,23392.5,52,36
BATCH-20260809-049,2026-08-09T06:50:00,2026-08-09T06:51:28,2026-08-09T06:52:16,A,H3,Sinter,22498.8,22638.2,88,48
BATCH-20260809-050,2026-08-09T06:56:00,2026-08-09T06:57:01,2026-08-09T06:57:31,A,H4,Sinter,15555.9,15558.0,61,30
BATCH-20260809-051,2026-08-09T07:14:00,2026-08-09T07:15:05,2026-08-09T07:15:26,A,H4,Limestone,14830.6,14880.9,65,21
BATCH-20260809-052,2026-08-09T07:19:00,2026-08-09T07:20:10,2026-08-09T07:21:06,A,H4,Sinter,20610.0,20067.3,70,56
BATCH-20260809-053,2026-08-09T07:32:00,2026-08-09T07:32:40,2026-08-09T07:33:16,A,H3,Ore,18407.5,18379.1,40,36
BATCH-20260809-054,2026-08-09T07:42:00,2026-08-09T07:43:14,2026-08-09T07:43:59,A,H4,Ore,19616.0,19596.0,74,45
BATCH-20260809-055,2026-08-09T07:46:00,2026-08-09T07:46:57,2026-08-09T07:47:45,A,H2,Limestone,11701.2,11666.6,57,48
BATCH-20260809-056,2026-08-09T07:51:00,2026-08-09T07:52:27,2026-08-09T07:53:04,A,H3,Pellet,14488.2,14529.8,87,37
BATCH-20260809-057,2026-08-09T07:58:00,2026-08-09T07:59:16,2026-08-09T08:00:04,A,H4,Coke,17474.3,17422.2,76,48
BATCH-20260809-058,2026-08-09T08:16:00,2026-08-09T08:16:51,2026-08-09T08:17:45,A,H4,Coke,16004.4,15988.7,51,54
BATCH-20260809-059,2026-08-09T08:25:00,2026-08-09T08:26:21,2026-08-09T08:26:56,A,H4,Limestone,15058.5,15077.9,81,35
BATCH-20260809-060,2026-08-09T08:27:00,2026-08-09T08:28:13,2026-08-09T08:28:35,A,H1,Coke,11520.4,11562.8,73,22
BATCH-20260809-061,2026-08-09T08:31:00,2026-08-09T08:32:01,2026-08-09T08:32:31,A,H2,Coke,15896.5,15954.4,61,30
BATCH-20260809-062,2026-08-09T08:49:00,2026-08-09T08:49:50,2026-08-09T08:50:33,A,H1,Pellet,13864.6,13778.7,50,43
BATCH-20260809-063,2026-08-09T08:49:00,2026-08-09T08:50:06,2026-08-09T08:50:57,A,H4,Sinter,16936.7,16828.3,66,51
BATCH-20260809-064,2026-08-09T08:57:00,2026-08-09T08:57:32,2026-08-09T08:58:22,A,H1,Limestone,13051.6,13138.1,32,50
BATCH-20260809-065,2026-08-09T09:10:00,2026-08-09T09:11:06,2026-08-09T09:12:03,A,H4,Pellet,21150.0,21198.5,66,57
BATCH-20260809-066,2026-08-09T09:12:00,2026-08-09T09:13:16,2026-08-09T09:13:38,A,H2,Pellet,15628.8,15626.0,76,22
BATCH-20260809-067,2026-08-09T09:19:00,2026-08-09T09:20:16,2026-08-09T09:20:48,A,H2,Sinter,15277.0,15312.8,76,32
BATCH-20260809-068,2026-08-09T09:26:00,2026-08-09T09:27:25,2026-08-09T09:28:22,A,H4,Pellet,21255.0,21253.7,85,57
BATCH-20260809-069,2026-08-09T09:29:00,2026-08-09T09:29:38,2026-08-09T09:30:21,A,H4,Sinter,20591.1,20462.7,38,43
BATCH-20260809-070,2026-08-09T09:36:00,2026-08-09T09:36:34,2026-08-09T09:37:12,A,H3,Limestone,11954.4,11954.9,34,38
BATCH-20260809-071,2026-08-09T09:42:00,2026-08-09T09:42:51,2026-08-09T09:43:18,A,H4,Coke,10404.6,10455.4,51,27
BATCH-20260809-072,2026-08-09T09:43:00,2026-08-09T09:43:58,2026-08-09T09:44:32,A,H2,Ore,20044.3,20070.2,58,34
BATCH-20260809-073,2026-08-09T09:43:00,2026-08-09T09:44:15,2026-08-09T09:44:39,A,H1,Pellet,17585.7,17601.0,75,24
BATCH-20260809-074,2026-08-09T09:46:00,2026-08-09T09:47:11,2026-08-09T09:47:48,A,H2,Coke,15477.1,15430.7,71,37
BATCH-20260809-075,2026-08-09T09:47:00,2026-08-09T09:48:03,2026-08-09T09:48:28,A,H1,Limestone,11098.1,11098.3,63,25
BATCH-20260809-076,2026-08-09T09:52:00,2026-08-09T09:53:22,2026-08-09T09:54:18,A,H3,Coke,17817.8,17836.4,82,56
BATCH-20260809-077,2026-08-09T10:03:00,2026-08-09T10:04:15,2026-08-09T10:04:46,A,H1,Coke,16079.0,16083.1,75,31
BATCH-20260809-078,2026-08-09T10:05:00,2026-08-09T10:05:40,2026-08-09T10:06:21,A,H3,Pellet,14404.7,14362.8,40,41
BATCH-20260809-079,2026-08-09T10:14:00,2026-08-09T10:14:51,2026-08-09T10:15:35,A,H1,Pellet,12533.8,12585.3,51,44
BATCH-20260809-080,2026-08-09T10:16:00,2026-08-09T10:17:18,2026-08-09T10:18:17,A,H4,Ore,20594.6,20590.9,78,59
BATCH-20260809-081,2026-08-09T10:30:00,2026-08-09T10:30:35,2026-08-09T10:31:07,A,H2,Sinter,19475.1,19448.3,35,32
BATCH-20260809-082,2026-08-09T10:34:00,2026-08-09T10:34:35,2026-08-09T10:35:18,A,H3,Pellet,16097.4,16066.4,35,43
BATCH-20260809-083,2026-08-09T10:36:00,2026-08-09T10:36:47,2026-08-09T10:37:39,A,H2,Coke,17754.6,17743.8,47,52
BATCH-20260809-084,2026-08-09T11:07:00,2026-08-09T11:07:49,2026-08-09T11:08:49,A,H1,Pellet,21462.8,21503.8,49,60
BATCH-20260809-085,2026-08-09T11:37:00,2026-08-09T11:37:48,2026-08-09T11:38:44,A,H1,Sinter,19031.3,18974.9,48,56
BATCH-20260809-086,2026-08-09T11:45:00,2026-08-09T11:46:12,2026-08-09T11:46:54,A,H4,Limestone,13312.4,13318.4,72,42
BATCH-20260809-087,2026-08-09T11:49:00,2026-08-09T11:49:31,2026-08-09T11:49:55,A,H3,Coke,10112.7,10159.5,31,24
BATCH-20260809-088,2026-08-09T11:54:00,2026-08-09T11:55:29,2026-08-09T11:56:07,A,H4,Pellet,16028.3,15965.1,89,38
BATCH-20260809-089,2026-08-09T11:58:00,2026-08-09T11:58:48,2026-08-09T11:59:09,A,H2,Coke,15722.8,15723.2,48,21
BATCH-20260809-090,2026-08-09T12:02:00,2026-08-09T12:03:21,2026-08-09T12:04:18,A,H3,Limestone,11072.9,11104.3,81,57
BATCH-20260809-091,2026-08-09T12:04:00,2026-08-09T12:04:55,2026-08-09T12:05:37,A,H2,Sinter,18716.9,18693.5,55,42
BATCH-20260809-092,2026-08-09T12:04:00,2026-08-09T12:04:57,2026-08-09T12:05:22,A,H2,Sinter,15559.5,15627.3,57,25
BATCH-20260809-093,2026-08-09T12:04:00,2026-08-09T12:04:43,2026-08-09T12:05:26,A,H1,Pellet,13590.1,13584.9,43,43
BATCH-20260809-094,2026-08-09T12:08:00,2026-08-09T12:09:13,2026-08-09T12:09:37,A,H1,Limestone,10769.0,10733.7,73,24
BATCH-20260809-095,2026-08-09T12:10:00,2026-08-09T12:11:14,2026-08-09T12:12:06,A,H4,Limestone,14437.3,14479.2,74,52
BATCH-20260809-096,2026-08-09T12:14:00,2026-08-09T12:15:13,2026-08-09T12:16:12,A,H2,Sinter,17550.1,17538.2,73,59
BATCH-20260809-097,2026-08-09T12:15:00,2026-08-09T12:15:55,2026-08-09T12:16:42,A,H4,Pellet,15021.0,14705.6,55,47
BATCH-20260809-098,2026-08-09T12:27:00,2026-08-09T12:27:53,2026-08-09T12:28:43,A,H2,Sinter,22692.4,22653.1,53,50
BATCH-20260809-099,2026-08-09T12:27:00,2026-08-09T12:27:46,2026-08-09T12:28:19,A,H2,Ore,19105.3,19200.8,46,33
BATCH-20260809-100,2026-08-09T12:32:00,2026-08-09T12:33:25,2026-08-09T12:34:17,A,H3,Ore,28559.3,28481.1,85,52
BATCH-20260809-101,2026-08-09T12:54:00,2026-08-09T12:54:51,2026-08-09T12:55:13,A,H2,Coke,11315.1,11269.9,51,22
BATCH-20260809-102,2026-08-09T12:55:00,2026-08-09T12:55:53,2026-08-09T12:56:45,A,H3,Ore,18420.0,18437.9,53,52
BATCH-20260809-103,2026-08-09T12:57:00,2026-08-09T12:57:41,2026-08-09T12:58:14,A,H3,Limestone,11058.6,11042.6,41,33
BATCH-20260809-104,2026-08-09T13:03:00,2026-08-09T13:03:50,2026-08-09T13:04:16,A,H2,Pellet,13551.5,13517.7,50,26
BATCH-20260809-105,2026-08-09T13:05:00,2026-08-09T13:05:34,2026-08-09T13:05:56,A,H2,Pellet,15794.0,15860.1,34,22
BATCH-20260809-106,2026-08-09T13:08:00,2026-08-09T13:08:41,2026-08-09T13:09:32,A,H4,Ore,24128.1,24137.3,41,51
BATCH-20260809-107,2026-08-09T13:31:00,2026-08-09T13:31:40,2026-08-09T13:32:06,A,H1,Pellet,16632.0,16665.9,40,26
BATCH-20260809-108,2026-08-09T13:43:00,2026-08-09T13:44:13,2026-08-09T13:44:56,A,H2,Pellet,15478.3,15456.5,73,43
BATCH-20260809-109,2026-08-09T13:47:00,2026-08-09T13:48:11,2026-08-09T13:48:55,A,H1,Coke,15981.2,15954.6,71,44
BATCH-20260809-110,2026-08-09T13:49:00,2026-08-09T13:49:45,2026-08-09T13:50:09,A,H3,Ore,21377.7,21425.5,45,24
BATCH-20260809-111,2026-08-09T13:51:00,2026-08-09T13:52:13,2026-08-09T13:53:03,A,H3,Pellet,12864.9,12908.4,73,50
BATCH-20260809-112,2026-08-09T14:04:00,2026-08-09T14:05:02,2026-08-09T14:05:29,B,H4,Sinter,19150.6,18643.3,62,27
BATCH-20260809-113,2026-08-09T14:05:00,2026-08-09T14:05:44,2026-08-09T14:06:35,B,H3,Ore,26772.4,26785.1,44,51
BATCH-20260809-114,2026-08-09T14:06:00,2026-08-09T14:07:00,2026-08-09T14:07:27,B,H2,Limestone,13695.9,13711.3,60,27
BATCH-20260809-115,2026-08-09T14:11:00,2026-08-09T14:11:30,2026-08-09T14:12:13,B,H4,Limestone,13776.9,13823.1,30,43
BATCH-20260809-116,2026-08-09T14:17:00,2026-08-09T14:17:46,2026-08-09T14:18:45,B,H1,Pellet,15432.4,15453.4,46,59
BATCH-20260809-117,2026-08-09T14:18:00,2026-08-09T14:19:11,2026-08-09T14:20:08,B,H4,Coke,10001.5,9976.8,71,57
BATCH-20260809-118,2026-08-09T14:24:00,2026-08-09T14:25:15,2026-08-09T14:25:36,B,H3,Pellet,21666.9,21690.3,75,21
BATCH-20260809-119,2026-08-09T14:31:00,2026-08-09T14:31:31,2026-08-09T14:32:18,B,H1,Pellet,20439.8,20447.4,31,47
BATCH-20260809-120,2026-08-09T14:35:00,2026-08-09T14:36:17,2026-08-09T14:36:38,B,H2,Limestone,11917.5,11885.5,77,21
BATCH-20260809-121,2026-08-09T14:53:00,2026-08-09T14:54:01,2026-08-09T14:54:23,B,H1,Coke,14895.3,14997.3,61,22
BATCH-20260809-122,2026-08-09T14:55:00,2026-08-09T14:55:34,2026-08-09T14:56:14,B,H1,Sinter,20516.7,20480.7,34,40
BATCH-20260809-123,2026-08-09T15:04:00,2026-08-09T15:05:21,2026-08-09T15:06:14,B,H2,Coke,17586.2,17525.6,81,53
BATCH-20260809-124,2026-08-09T15:05:00,2026-08-09T15:06:01,2026-08-09T15:06:51,B,H1,Ore,25324.7,25324.3,61,50
BATCH-20260809-125,2026-08-09T15:06:00,2026-08-09T15:07:12,2026-08-09T15:07:53,B,H3,Pellet,21911.4,21784.6,72,41
BATCH-20260809-126,2026-08-09T15:17:00,2026-08-09T15:17:46,2026-08-09T15:18:23,B,H1,Sinter,21523.7,21532.3,46,37
BATCH-20260809-127,2026-08-09T15:19:00,2026-08-09T15:19:38,2026-08-09T15:20:37,B,H1,Coke,10348.6,10374.5,38,59
BATCH-20260809-128,2026-08-09T15:22:00,2026-08-09T15:23:24,2026-08-09T15:23:50,B,H2,Ore,18420.6,18452.2,84,26
BATCH-20260809-129,2026-08-09T15:23:00,2026-08-09T15:23:58,2026-08-09T15:24:56,B,H1,Coke,14952.7,14933.3,58,58
BATCH-20260809-130,2026-08-09T15:23:00,2026-08-09T15:24:24,2026-08-09T15:25:06,B,H3,Limestone,15144.0,15173.8,84,42
BATCH-20260809-131,2026-08-09T15:33:00,2026-08-09T15:33:54,2026-08-09T15:34:52,B,H1,Pellet,17679.0,17726.1,54,58
BATCH-20260809-132,2026-08-09T15:51:00,2026-08-09T15:51:59,2026-08-09T15:52:35,B,H2,Limestone,13631.7,13604.6,59,36
BATCH-20260809-133,2026-08-09T15:53:00,2026-08-09T15:53:56,2026-08-09T15:54:20,B,H2,Limestone,13005.9,12941.9,56,24
BATCH-20260809-134,2026-08-09T15:59:00,2026-08-09T15:59:42,2026-08-09T16:00:34,B,H2,Sinter,23449.0,23440.2,42,52
BATCH-20260809-135,2026-08-09T16:03:00,2026-08-09T16:04:15,2026-08-09T16:04:52,B,H2,Ore,23925.7,23975.7,75,37
BATCH-20260809-136,2026-08-09T16:05:00,2026-08-09T16:05:46,2026-08-09T16:06:23,B,H2,Ore,19316.4,19281.6,46,37
BATCH-20260809-137,2026-08-09T16:06:00,2026-08-09T16:06:48,2026-08-09T16:07:26,B,H4,Pellet,13564.3,13617.0,48,38
BATCH-20260809-138,2026-08-09T16:15:00,2026-08-09T16:16:03,2026-08-09T16:16:51,B,H3,Sinter,15093.7,15050.5,63,48
BATCH-20260809-139,2026-08-09T16:27:00,2026-08-09T16:27:43,2026-08-09T16:28:38,B,H4,Pellet,14422.9,14432.7,43,55
BATCH-20260809-140,2026-08-09T16:30:00,2026-08-09T16:30:34,2026-08-09T16:30:59,B,H3,Limestone,10980.1,10931.5,34,25
BATCH-20260809-141,2026-08-09T16:33:00,2026-08-09T16:33:54,2026-08-09T16:34:54,B,H2,Ore,29497.5,29525.7,54,60
BATCH-20260809-142,2026-08-09T16:34:00,2026-08-09T16:34:48,2026-08-09T16:35:43,B,H3,Limestone,13478.0,13453.5,48,55
BATCH-20260809-143,2026-08-09T16:35:00,2026-08-09T16:36:19,2026-08-09T16:36:42,B,H1,Limestone,14566.8,14538.6,79,23
BATCH-20260809-144,2026-08-09T16:40:00,2026-08-09T16:40:59,2026-08-09T16:41:31,B,H1,Coke,17632.0,17627.5,59,32
BATCH-20260809-145,2026-08-09T16:45:00,2026-08-09T16:46:27,2026-08-09T16:47:24,B,H3,Limestone,13112.5,13068.1,87,57
BATCH-20260809-146,2026-08-09T16:48:00,2026-08-09T16:48:43,2026-08-09T16:49:30,B,H1,Coke,10728.1,10766.8,43,47
BATCH-20260809-147,2026-08-09T16:57:00,2026-08-09T16:58:21,2026-08-09T16:58:59,B,H2,Limestone,12419.3,12401.8,81,38
BATCH-20260809-148,2026-08-09T16:59:00,2026-08-09T16:59:36,2026-08-09T17:00:29,B,H4,Limestone,14952.4,14992.6,36,53
BATCH-20260809-149,2026-08-09T17:02:00,2026-08-09T17:02:55,2026-08-09T17:03:51,B,H2,Coke,10350.6,10385.3,55,56
BATCH-20260809-150,2026-08-09T17:09:00,2026-08-09T17:09:58,2026-08-09T17:10:55,B,H2,Sinter,15320.7,15340.2,58,57
BATCH-20260809-151,2026-08-09T17:14:00,2026-08-09T17:14:37,2026-08-09T17:15:12,B,H1,Limestone,12769.5,12407.3,37,35
BATCH-20260809-152,2026-08-09T17:22:00,2026-08-09T17:23:28,2026-08-09T17:23:54,B,H4,Coke,12457.2,12498.2,88,26
BATCH-20260809-153,2026-08-09T17:28:00,2026-08-09T17:29:15,2026-08-09T17:29:47,B,H4,Sinter,18524.9,18597.3,75,32
BATCH-20260809-154,2026-08-09T17:30:00,2026-08-09T17:30:35,2026-08-09T17:30:58,B,H2,Limestone,15544.0,15532.1,35,23
BATCH-20260809-155,2026-08-09T17:34:00,2026-08-09T17:35:00,2026-08-09T17:35:59,B,H2,Pellet,20362.4,20332.3,60,59
BATCH-20260809-156,2026-08-09T18:02:00,2026-08-09T18:03:01,2026-08-09T18:03:51,B,H4,Limestone,12246.9,12189.5,61,50
BATCH-20260809-157,2026-08-09T18:06:00,2026-08-09T18:07:09,2026-08-09T18:07:35,B,H4,Sinter,22405.3,22381.7,69,26
BATCH-20260809-158,2026-08-09T18:08:00,2026-08-09T18:08:46,2026-08-09T18:09:11,B,H3,Coke,12008.6,12009.7,46,25
BATCH-20260809-159,2026-08-09T18:25:00,2026-08-09T18:25:54,2026-08-09T18:26:22,B,H4,Coke,15577.8,15542.5,54,28
BATCH-20260809-160,2026-08-09T18:25:00,2026-08-09T18:26:24,2026-08-09T18:27:17,B,H1,Pellet,17765.8,17717.1,84,53
BATCH-20260809-161,2026-08-09T18:34:00,2026-08-09T18:35:17,2026-08-09T18:36:05,B,H2,Coke,14899.4,14857.5,77,48
BATCH-20260809-162,2026-08-09T18:54:00,2026-08-09T18:54:45,2026-08-09T18:55:45,B,H4,Pellet,13342.7,13412.2,45,60
BATCH-20260809-163,2026-08-09T19:02:00,2026-08-09T19:02:46,2026-08-09T19:03:06,B,H4,Pellet,14006.3,14044.0,46,20
BATCH-20260809-164,2026-08-09T19:04:00,2026-08-09T19:04:40,2026-08-09T19:05:08,B,H4,Ore,18232.6,18252.5,40,28
BATCH-20260809-165,2026-08-09T19:19:00,2026-08-09T19:19:36,2026-08-09T19:20:31,B,H3,Sinter,16138.7,16259.0,36,55
BATCH-20260809-166,2026-08-09T19:28:00,2026-08-09T19:29:26,2026-08-09T19:30:23,B,H3,Limestone,14245.7,14238.1,86,57
BATCH-20260809-167,2026-08-09T19:31:00,2026-08-09T19:32:28,2026-08-09T19:33:26,B,H4,Pellet,12115.8,12168.4,88,58
BATCH-20260809-168,2026-08-09T19:33:00,2026-08-09T19:33:39,2026-08-09T19:34:20,B,H4,Coke,15665.4,15678.2,39,41
BATCH-20260809-169,2026-08-09T19:51:00,2026-08-09T19:51:45,2026-08-09T19:52:15,B,H3,Sinter,16971.8,16935.1,45,30
BATCH-20260809-170,2026-08-09T20:07:00,2026-08-09T20:08:01,2026-08-09T20:08:46,B,H4,Pellet,12237.1,12286.7,61,45
BATCH-20260809-171,2026-08-09T20:16:00,2026-08-09T20:16:42,2026-08-09T20:17:03,B,H3,Pellet,14332.9,14393.7,42,21
BATCH-20260809-172,2026-08-09T20:29:00,2026-08-09T20:30:03,2026-08-09T20:30:52,B,H1,Pellet,16273.9,16246.6,63,49
BATCH-20260809-173,2026-08-09T20:29:00,2026-08-09T20:30:06,2026-08-09T20:31:01,B,H3,Limestone,15710.0,15697.7,66,55
BATCH-20260809-174,2026-08-09T20:31:00,2026-08-09T20:32:16,2026-08-09T20:33:08,B,H2,Coke,10139.3,10149.4,76,52
BATCH-20260809-175,2026-08-09T20:32:00,2026-08-09T20:32:39,2026-08-09T20:33:19,B,H2,Pellet,19339.0,19422.3,39,40
BATCH-20260809-176,2026-08-09T20:39:00,2026-08-09T20:39:54,2026-08-09T20:40:25,B,H2,Pellet,13098.8,13035.0,54,31
BATCH-20260809-177,2026-08-09T21:02:00,2026-08-09T21:02:44,2026-08-09T21:03:21,B,H1,Limestone,11416.7,11383.7,44,37
BATCH-20260809-178,2026-08-09T21:06:00,2026-08-09T21:07:25,2026-08-09T21:08:25,B,H4,Limestone,15333.2,15316.3,85,60
BATCH-20260809-179,2026-08-09T21:11:00,2026-08-09T21:11:49,2026-08-09T21:12:19,B,H1,Sinter,15396.9,15385.0,49,30
BATCH-20260809-180,2026-08-09T21:17:00,2026-08-09T21:17:59,2026-08-09T21:18:24,B,H1,Ore,23401.0,23419.8,59,25
BATCH-20260809-181,2026-08-09T21:39:00,2026-08-09T21:40:27,2026-08-09T21:40:47,B,H2,Limestone,12429.4,12323.7,87,20
BATCH-20260809-182,2026-08-09T21:43:00,2026-08-09T21:43:44,2026-08-09T21:44:22,B,H4,Sinter,23163.2,23194.1,44,38
BATCH-20260809-183,2026-08-09T21:45:00,2026-08-09T21:45:40,2026-08-09T21:46:33,B,H2,Coke,15852.2,15885.8,40,53
BATCH-20260809-184,2026-08-09T22:00:00,2026-08-09T22:00:32,2026-08-09T22:01:10,C,H4,Sinter,17047.0,17102.7,32,38
BATCH-20260809-185,2026-08-09T22:20:00,2026-08-09T22:21:00,2026-08-09T22:21:39,C,H2,Ore,25358.5,25343.4,60,39
BATCH-20260809-186,2026-08-09T22:21:00,2026-08-09T22:21:55,2026-08-09T22:22:25,C,H2,Pellet,12062.5,12119.7,55,30
BATCH-20260809-187,2026-08-09T22:23:00,2026-08-09T22:24:06,2026-08-09T22:24:55,C,H2,Pellet,15173.4,15110.4,66,49
BATCH-20260809-188,2026-08-09T22:29:00,2026-08-09T22:30:15,2026-08-09T22:30:50,C,H1,Ore,29852.7,29877.8,75,35
BATCH-20260809-189,2026-08-09T22:51:00,2026-08-09T22:52:13,2026-08-09T22:52:34,C,H1,Limestone,14792.2,14837.9,73,21
BATCH-20260809-190,2026-08-09T22:54:00,2026-08-09T22:55:18,2026-08-09T22:55:49,C,H3,Limestone,10977.5,10901.7,78,31
BATCH-20260809-191,2026-08-09T23:04:00,2026-08-09T23:05:04,2026-08-09T23:05:33,C,H1,Limestone,15829.7,15811.1,64,29
BATCH-20260809-192,2026-08-09T23:08:00,2026-08-09T23:08:49,2026-08-09T23:09:34,C,H2,Ore,21010.0,20994.4,49,45
BATCH-20260809-193,2026-08-09T23:09:00,2026-08-09T23:10:27,2026-08-09T23:10:47,C,H2,Limestone,14508.9,14496.4,87,20
BATCH-20260809-194,2026-08-09T23:10:00,2026-08-09T23:11:24,2026-08-09T23:12:02,C,H3,Coke,14526.6,14576.4,84,38
BATCH-20260809-195,2026-08-09T23:17:00,2026-08-09T23:18:19,2026-08-09T23:19:07,C,H1,Coke,14130.1,14213.7,79,48
BATCH-20260809-196,2026-08-09T23:21:00,2026-08-09T23:22:22,2026-08-09T23:22:43,C,H2,Sinter,20087.7,20116.8,82,21
BATCH-20260809-197,2026-08-09T23:28:00,2026-08-09T23:28:32,2026-08-09T23:29:15,C,H4,Coke,11084.9,10998.8,32,43
BATCH-20260809-198,2026-08-09T23:29:00,2026-08-09T23:29:39,2026-08-09T23:30:24,C,H3,Sinter,16687.9,16717.3,39,45
BATCH-20260809-199,2026-08-09T23:41:00,2026-08-09T23:42:13,2026-08-09T23:42:57,C,H3,Sinter,18226.1,18293.8,73,44
BATCH-20260809-200,2026-08-09T23:49:00,2026-08-09T23:49:50,2026-08-09T23:50:45,C,H3,Ore,29421.8,29378.5,50,55
BATCH-20260810-001,2026-08-10T00:08:00,2026-08-10T00:09:23,2026-08-10T00:09:59,C,H1,Limestone,14114.0,13997.7,83,36
BATCH-20260810-002,2026-08-10T00:20:00,2026-08-10T00:20:59,2026-08-10T00:21:55,C,H1,Limestone,15749.7,15758.7,59,56
BATCH-20260810-003,2026-08-10T00:24:00,2026-08-10T00:25:02,2026-08-10T00:25:51,C,H4,Sinter,18550.4,18559.4,62,49
BATCH-20260810-004,2026-08-10T00:24:00,2026-08-10T00:25:28,2026-08-10T00:26:04,C,H4,Ore,21846.7,21264.5,88,36
BATCH-20260810-005,2026-08-10T00:29:00,2026-08-10T00:30:07,2026-08-10T00:30:45,C,H3,Limestone,15783.1,15814.2,67,38
BATCH-20260810-006,2026-08-10T00:32:00,2026-08-10T00:33:03,2026-08-10T00:33:51,C,H2,Limestone,11437.6,11444.0,63,48
BATCH-20260810-007,2026-08-10T00:32:00,2026-08-10T00:33:28,2026-08-10T00:34:27,C,H3,Ore,22708.4,22708.0,88,59
BATCH-20260810-008,2026-08-10T00:38:00,2026-08-10T00:38:38,2026-08-10T00:39:03,C,H1,Sinter,16780.4,16827.5,38,25
BATCH-20260810-009,2026-08-10T01:08:00,2026-08-10T01:08:45,2026-08-10T01:09:33,C,H1,Ore,27404.0,27421.0,45,48
BATCH-20260810-010,2026-08-10T01:14:00,2026-08-10T01:15:22,2026-08-10T01:16:21,C,H1,Sinter,22677.8,22602.1,82,59
BATCH-20260810-011,2026-08-10T01:18:00,2026-08-10T01:18:49,2026-08-10T01:19:21,C,H4,Ore,29343.9,29415.5,49,32
BATCH-20260810-012,2026-08-10T01:29:00,2026-08-10T01:30:15,2026-08-10T01:31:05,C,H2,Ore,21099.1,21105.3,75,50
BATCH-20260810-013,2026-08-10T01:39:00,2026-08-10T01:40:12,2026-08-10T01:40:34,C,H2,Pellet,15954.2,15972.5,72,22
BATCH-20260810-014,2026-08-10T01:42:00,2026-08-10T01:43:09,2026-08-10T01:44:07,C,H4,Coke,17210.9,17156.3,69,58
BATCH-20260810-015,2026-08-10T01:45:00,2026-08-10T01:45:55,2026-08-10T01:46:48,C,H1,Sinter,20690.5,20757.5,55,53
BATCH-20260810-016,2026-08-10T01:51:00,2026-08-10T01:51:32,2026-08-10T01:52:04,C,H1,Limestone,10048.9,10031.2,32,32
BATCH-20260810-017,2026-08-10T01:52:00,2026-08-10T01:52:58,2026-08-10T01:53:36,C,H1,Limestone,11285.3,11277.3,58,38
BATCH-20260810-018,2026-08-10T01:53:00,2026-08-10T01:54:01,2026-08-10T01:54:54,C,H3,Ore,20020.7,20036.1,61,53
BATCH-20260810-019,2026-08-10T01:55:00,2026-08-10T01:56:15,2026-08-10T01:56:36,C,H3,Limestone,11790.0,11968.2,75,21
BATCH-20260810-020,2026-08-10T02:08:00,2026-08-10T02:09:00,2026-08-10T02:09:45,C,H4,Sinter,24191.9,24224.7,60,45
BATCH-20260810-021,2026-08-10T02:08:00,2026-08-10T02:08:47,2026-08-10T02:09:13,C,H3,Sinter,24155.7,24154.6,47,26
BATCH-20260810-022,2026-08-10T02:22:00,2026-08-10T02:23:25,2026-08-10T02:23:58,C,H4,Limestone,15233.1,15292.6,85,33
BATCH-20260810-023,2026-08-10T03:04:00,2026-08-10T03:04:44,2026-08-10T03:05:24,C,H3,Sinter,21146.9,21181.9,44,40
BATCH-20260810-024,2026-08-10T03:12:00,2026-08-10T03:13:28,2026-08-10T03:13:55,C,H1,Sinter,18902.9,18980.4,88,27
BATCH-20260810-025,2026-08-10T03:20:00,2026-08-10T03:20:51,2026-08-10T03:21:17,C,H3,Sinter,18668.8,18728.2,51,26
BATCH-20260810-026,2026-08-10T03:20:00,2026-08-10T03:21:29,2026-08-10T03:22:24,C,H2,Coke,11505.9,11472.5,89,55
BATCH-20260810-027,2026-08-10T03:27:00,2026-08-10T03:27:41,2026-08-10T03:28:20,C,H2,Pellet,19091.2,19117.2,41,39
BATCH-20260810-028,2026-08-10T03:30:00,2026-08-10T03:30:40,2026-08-10T03:31:36,C,H3,Pellet,13665.1,13727.1,40,56
BATCH-20260810-029,2026-08-10T03:34:00,2026-08-10T03:34:44,2026-08-10T03:35:28,C,H3,Sinter,22394.7,22397.0,44,44
BATCH-20260810-030,2026-08-10T03:37:00,2026-08-10T03:37:52,2026-08-10T03:38:20,C,H2,Sinter,17369.0,17473.6,52,28
BATCH-20260810-031,2026-08-10T03:41:00,2026-08-10T03:41:39,2026-08-10T03:42:20,C,H3,Ore,19548.8,19596.4,39,41
BATCH-20260810-032,2026-08-10T03:50:00,2026-08-10T03:50:46,2026-08-10T03:51:09,C,H4,Pellet,15925.7,15877.5,46,23
BATCH-20260810-033,2026-08-10T04:01:00,2026-08-10T04:01:32,2026-08-10T04:02:31,C,H4,Pellet,13994.6,14035.1,32,59
BATCH-20260810-034,2026-08-10T04:10:00,2026-08-10T04:11:12,2026-08-10T04:11:34,C,H1,Coke,14492.1,14446.8,72,22
BATCH-20260810-035,2026-08-10T04:23:00,2026-08-10T04:24:03,2026-08-10T04:24:51,C,H3,Pellet,12607.2,12708.1,63,48
BATCH-20260810-036,2026-08-10T04:26:00,2026-08-10T04:26:43,2026-08-10T04:27:19,C,H2,Pellet,21903.0,21885.5,43,36
BATCH-20260810-037,2026-08-10T04:27:00,2026-08-10T04:28:30,2026-08-10T04:29:01,C,H2,Pellet,21880.4,22155.8,90,31
BATCH-20260810-038,2026-08-10T04:39:00,2026-08-10T04:40:25,2026-08-10T04:41:04,C,H4,Pellet,15049.6,15005.0,85,39
BATCH-20260810-039,2026-08-10T04:42:00,2026-08-10T04:43:07,2026-08-10T04:44:02,C,H2,Limestone,13029.9,13051.4,67,55
BATCH-20260810-040,2026-08-10T04:46:00,2026-08-10T04:46:49,2026-08-10T04:47:28,C,H1,Ore,18129.3,18189.7,49,39
BATCH-20260810-041,2026-08-10T04:50:00,2026-08-10T04:50:30,2026-08-10T04:51:18,C,H3,Pellet,17648.2,17626.4,30,48
BATCH-20260810-042,2026-08-10T04:56:00,2026-08-10T04:57:30,2026-08-10T04:58:12,C,H4,Pellet,21856.8,21827.8,90,42
BATCH-20260810-043,2026-08-10T05:08:00,2026-08-10T05:09:30,2026-08-10T05:10:13,C,H1,Ore,22952.0,22940.5,90,43
BATCH-20260810-044,2026-08-10T05:25:00,2026-08-10T05:25:45,2026-08-10T05:26:12,C,H4,Ore,23506.7,23518.4,45,27
BATCH-20260810-045,2026-08-10T05:27:00,2026-08-10T05:27:32,2026-08-10T05:28:03,C,H1,Pellet,17919.6,17870.9,32,31
BATCH-20260810-046,2026-08-10T05:33:00,2026-08-10T05:33:41,2026-08-10T05:34:30,C,H3,Coke,12841.9,12766.2,41,49
BATCH-20260810-047,2026-08-10T05:39:00,2026-08-10T05:39:33,2026-08-10T05:39:54,C,H4,Sinter,20775.1,20739.3,33,21
BATCH-20260810-048,2026-08-10T05:43:00,2026-08-10T05:43:45,2026-08-10T05:44:42,C,H4,Ore,29035.4,29017.0,45,57
BATCH-20260810-049,2026-08-10T05:50:00,2026-08-10T05:50:55,2026-08-10T05:51:28,C,H2,Sinter,21135.5,21154.1,55,33
BATCH-20260810-050,2026-08-10T05:52:00,2026-08-10T05:53:01,2026-08-10T05:53:58,C,H2,Ore,26747.6,26763.3,61,57
BATCH-20260810-051,2026-08-10T06:04:00,2026-08-10T06:04:31,2026-08-10T06:05:14,A,H3,Pellet,15115.6,15099.7,31,43
BATCH-20260810-052,2026-08-10T06:08:00,2026-08-10T06:09:06,2026-08-10T06:09:55,A,H2,Sinter,16057.4,16087.0,66,49
BATCH-20260810-053,2026-08-10T06:25:00,2026-08-10T06:25:34,2026-08-10T06:26:26,A,H1,Sinter,20357.2,20445.3,34,52
BATCH-20260810-054,2026-08-10T06:32:00,2026-08-10T06:33:11,2026-08-10T06:33:54,A,H2,Pellet,21804.9,21793.9,71,43
BATCH-20260810-055,2026-08-10T06:41:00,2026-08-10T06:41:50,2026-08-10T06:42:12,A,H3,Pellet,20167.8,20243.0,50,22
BATCH-20260810-056,2026-08-10T06:47:00,2026-08-10T06:48:27,2026-08-10T06:49:20,A,H3,Pellet,18049.1,17949.9,87,53
BATCH-20260810-057,2026-08-10T06:51:00,2026-08-10T06:52:25,2026-08-10T06:53:07,A,H3,Ore,19112.2,19131.8,85,42
BATCH-20260810-058,2026-08-10T06:59:00,2026-08-10T06:59:55,2026-08-10T07:00:54,A,H1,Coke,12050.0,12036.7,55,59
BATCH-20260810-059,2026-08-10T07:10:00,2026-08-10T07:11:28,2026-08-10T07:12:10,A,H2,Coke,15847.2,15872.2,88,42
BATCH-20260810-060,2026-08-10T07:13:00,2026-08-10T07:14:23,2026-08-10T07:15:10,A,H1,Ore,26330.3,26315.7,83,47
BATCH-20260810-061,2026-08-10T07:20:00,2026-08-10T07:21:25,2026-08-10T07:21:59,A,H1,Limestone,14417.6,14329.9,85,34
BATCH-20260810-062,2026-08-10T07:24:00,2026-08-10T07:24:46,2026-08-10T07:25:29,A,H3,Sinter,20303.9,20302.4,46,43
BATCH-20260810-063,2026-08-10T07:30:00,2026-08-10T07:30:49,2026-08-10T07:31:35,A,H4,Coke,13697.1,13800.7,49,46
BATCH-20260810-064,2026-08-10T07:32:00,2026-08-10T07:32:51,2026-08-10T07:33:25,A,H1,Pellet,20217.5,20243.5,51,34
BATCH-20260810-065,2026-08-10T07:37:00,2026-08-10T07:38:09,2026-08-10T07:38:32,A,H3,Ore,28772.6,28783.6,69,23
BATCH-20260810-066,2026-08-10T07:53:00,2026-08-10T07:53:34,2026-08-10T07:53:57,A,H3,Sinter,16708.3,16674.7,34,23
BATCH-20260810-067,2026-08-10T08:05:00,2026-08-10T08:05:47,2026-08-10T08:06:25,A,H1,Pellet,14841.0,14894.4,47,38
BATCH-20260810-068,2026-08-10T08:05:00,2026-08-10T08:05:53,2026-08-10T08:06:13,A,H4,Pellet,15236.9,15262.2,53,20
BATCH-20260810-069,2026-08-10T08:10:00,2026-08-10T08:10:44,2026-08-10T08:11:08,A,H3,Pellet,16457.7,16539.6,44,24
BATCH-20260810-070,2026-08-10T08:11:00,2026-08-10T08:11:49,2026-08-10T08:12:17,A,H1,Sinter,17592.6,17651.1,49,28
BATCH-20260810-071,2026-08-10T08:14:00,2026-08-10T08:14:31,2026-08-10T08:14:56,A,H3,Pellet,18453.2,18456.4,31,25
BATCH-20260810-072,2026-08-10T08:14:00,2026-08-10T08:14:58,2026-08-10T08:15:24,A,H1,Limestone,12362.8,12452.2,58,26
BATCH-20260810-073,2026-08-10T08:15:00,2026-08-10T08:16:13,2026-08-10T08:17:04,A,H3,Sinter,20445.7,20346.5,73,51
BATCH-20260810-074,2026-08-10T08:23:00,2026-08-10T08:23:45,2026-08-10T08:24:34,A,H1,Limestone,15829.6,15800.2,45,49
BATCH-20260810-075,2026-08-10T08:35:00,2026-08-10T08:35:48,2026-08-10T08:36:35,A,H3,Ore,22506.8,22509.8,48,47
BATCH-20260810-076,2026-08-10T08:49:00,2026-08-10T08:49:44,2026-08-10T08:50:43,A,H1,Pellet,19064.0,18837.5,44,59
BATCH-20260810-077,2026-08-10T08:52:00,2026-08-10T08:52:45,2026-08-10T08:53:11,A,H4,Ore,21171.6,21177.3,45,26
BATCH-20260810-078,2026-08-10T09:00:00,2026-08-10T09:00:52,2026-08-10T09:01:39,A,H1,Sinter,20900.2,20906.2,52,47
BATCH-20260810-079,2026-08-10T09:01:00,2026-08-10T09:02:25,2026-08-10T09:03:06,A,H4,Sinter,15775.9,15757.2,85,41
BATCH-20260810-080,2026-08-10T09:07:00,2026-08-10T09:07:50,2026-08-10T09:08:16,A,H4,Sinter,16980.0,17051.9,50,26
BATCH-20260810-081,2026-08-10T09:19:00,2026-08-10T09:20:29,2026-08-10T09:21:02,A,H2,Ore,20948.6,20923.0,89,33
BATCH-20260810-082,2026-08-10T09:26:00,2026-08-10T09:26:59,2026-08-10T09:27:24,A,H2,Pellet,21030.5,21077.3,59,25
BATCH-20260810-083,2026-08-10T09:31:00,2026-08-10T09:31:41,2026-08-10T09:32:25,A,H3,Coke,13273.8,13247.2,41,44
BATCH-20260810-084,2026-08-10T09:36:00,2026-08-10T09:37:09,2026-08-10T09:38:08,A,H3,Limestone,12228.8,12179.6,69,59
BATCH-20260810-085,2026-08-10T09:39:00,2026-08-10T09:39:35,2026-08-10T09:40:21,A,H4,Ore,25178.4,25178.5,35,46
BATCH-20260810-086,2026-08-10T10:05:00,2026-08-10T10:05:54,2026-08-10T10:06:52,A,H2,Limestone,15407.9,15305.7,54,58
BATCH-20260810-087,2026-08-10T10:14:00,2026-08-10T10:15:28,2026-08-10T10:15:51,A,H1,Ore,20744.9,20693.6,88,23
BATCH-20260810-088,2026-08-10T10:17:00,2026-08-10T10:18:15,2026-08-10T10:18:59,A,H2,Limestone,11066.4,11071.7,75,44
BATCH-20260810-089,2026-08-10T10:17:00,2026-08-10T10:17:39,2026-08-10T10:18:36,A,H4,Ore,26920.7,26910.3,39,57
BATCH-20260810-090,2026-08-10T10:42:00,2026-08-10T10:42:33,2026-08-10T10:43:18,A,H4,Sinter,21651.4,21535.7,33,45
BATCH-20260810-091,2026-08-10T10:56:00,2026-08-10T10:57:15,2026-08-10T10:57:43,A,H2,Coke,16906.6,16952.0,75,28
BATCH-20260810-092,2026-08-10T10:59:00,2026-08-10T10:59:39,2026-08-10T11:00:17,A,H1,Coke,17995.3,18007.9,39,38
BATCH-20260810-093,2026-08-10T11:02:00,2026-08-10T11:03:10,2026-08-10T11:03:32,A,H4,Limestone,11351.9,11315.7,70,22
BATCH-20260810-094,2026-08-10T11:09:00,2026-08-10T11:10:26,2026-08-10T11:11:19,A,H1,Sinter,21992.3,22084.0,86,53
BATCH-20260810-095,2026-08-10T11:10:00,2026-08-10T11:10:43,2026-08-10T11:11:34,A,H4,Sinter,17505.5,17447.7,43,51
BATCH-20260810-096,2026-08-10T11:14:00,2026-08-10T11:14:35,2026-08-10T11:15:27,A,H3,Coke,15265.6,15273.4,35,52
BATCH-20260810-097,2026-08-10T11:16:00,2026-08-10T11:17:02,2026-08-10T11:17:38,A,H2,Coke,14731.7,14843.3,62,36
BATCH-20260810-098,2026-08-10T11:18:00,2026-08-10T11:18:34,2026-08-10T11:19:13,A,H1,Limestone,14466.1,14426.8,34,39
BATCH-20260810-099,2026-08-10T11:20:00,2026-08-10T11:20:43,2026-08-10T11:21:08,A,H4,Coke,15221.4,15200.0,43,25
BATCH-20260810-100,2026-08-10T11:52:00,2026-08-10T11:52:39,2026-08-10T11:53:00,A,H4,Sinter,22567.1,22617.2,39,21
BATCH-20260810-101,2026-08-10T11:58:00,2026-08-10T11:59:29,2026-08-10T11:59:49,A,H4,Pellet,12406.4,12503.4,89,20
BATCH-20260810-102,2026-08-10T12:08:00,2026-08-10T12:09:03,2026-08-10T12:09:28,A,H1,Sinter,22587.5,22513.7,63,25
BATCH-20260810-103,2026-08-10T12:16:00,2026-08-10T12:16:42,2026-08-10T12:17:42,A,H2,Pellet,13493.2,13477.1,42,60
BATCH-20260810-104,2026-08-10T12:17:00,2026-08-10T12:18:12,2026-08-10T12:18:56,A,H1,Ore,18008.3,17999.4,72,44
BATCH-20260810-105,2026-08-10T12:25:00,2026-08-10T12:25:41,2026-08-10T12:26:11,A,H3,Pellet,21573.6,21543.6,41,30
BATCH-20260810-106,2026-08-10T12:30:00,2026-08-10T12:31:01,2026-08-10T12:31:59,A,H3,Ore,22579.4,22503.3,61,58
BATCH-20260810-107,2026-08-10T12:44:00,2026-08-10T12:45:29,2026-08-10T12:46:21,A,H3,Pellet,19967.5,19887.1,89,52
BATCH-20260810-108,2026-08-10T12:47:00,2026-08-10T12:47:59,2026-08-10T12:48:36,A,H4,Limestone,15474.6,15421.6,59,37
BATCH-20260810-109,2026-08-10T12:48:00,2026-08-10T12:49:25,2026-08-10T12:49:46,A,H2,Sinter,16196.5,16252.2,85,21
BATCH-20260810-110,2026-08-10T12:57:00,2026-08-10T12:58:16,2026-08-10T12:58:50,A,H4,Coke,12096.6,12015.4,76,34
BATCH-20260810-111,2026-08-10T12:59:00,2026-08-10T13:00:00,2026-08-10T13:00:23,A,H2,Sinter,15189.5,15131.1,60,23
BATCH-20260810-112,2026-08-10T13:02:00,2026-08-10T13:03:25,2026-08-10T13:04:12,A,H1,Pellet,15424.0,15389.7,85,47
BATCH-20260810-113,2026-08-10T13:07:00,2026-08-10T13:08:18,2026-08-10T13:08:45,A,H1,Pellet,18030.8,17984.6,78,27
BATCH-20260810-114,2026-08-10T13:08:00,2026-08-10T13:08:44,2026-08-10T13:09:10,A,H2,Coke,16682.7,16651.1,44,26
BATCH-20260810-115,2026-08-10T13:10:00,2026-08-10T13:10:32,2026-08-10T13:11:29,A,H2,Ore,19308.4,19285.0,32,57
BATCH-20260810-116,2026-08-10T13:15:00,2026-08-10T13:15:56,2026-08-10T13:16:56,A,H1,Ore,24958.5,24968.6,56,60
BATCH-20260810-117,2026-08-10T13:23:00,2026-08-10T13:23:55,2026-08-10T13:24:18,A,H2,Limestone,12532.8,12569.9,55,23
BATCH-20260810-118,2026-08-10T13:37:00,2026-08-10T13:37:54,2026-08-10T13:38:22,A,H3,Pellet,13074.4,13070.0,54,28
BATCH-20260810-119,2026-08-10T13:43:00,2026-08-10T13:43:41,2026-08-10T13:44:08,A,H3,Limestone,10596.3,10598.3,41,27
BATCH-20260810-120,2026-08-10T13:53:00,2026-08-10T13:54:09,2026-08-10T13:54:40,A,H3,Coke,13571.8,13639.7,69,31
BATCH-20260810-121,2026-08-10T13:57:00,2026-08-10T13:58:08,2026-08-10T13:58:48,A,H4,Coke,12849.4,12913.0,68,40
BATCH-20260810-122,2026-08-10T13:59:00,2026-08-10T13:59:51,2026-08-10T14:00:39,A,H1,Ore,20599.3,20615.5,51,48
BATCH-20260810-123,2026-08-10T13:59:00,2026-08-10T13:59:50,2026-08-10T14:00:38,A,H3,Limestone,14108.6,14106.9,50,48
BATCH-20260810-124,2026-08-10T14:01:00,2026-08-10T14:02:01,2026-08-10T14:02:27,B,H3,Ore,29253.1,29249.4,61,26
BATCH-20260810-125,2026-08-10T14:15:00,2026-08-10T14:16:21,2026-08-10T14:16:57,B,H1,Ore,22989.1,22940.4,81,36
BATCH-20260810-126,2026-08-10T14:19:00,2026-08-10T14:20:23,2026-08-10T14:21:03,B,H1,Sinter,24172.9,24313.9,83,40
BATCH-20260810-127,2026-08-10T14:21:00,2026-08-10T14:21:32,2026-08-10T14:21:56,B,H4,Ore,24791.9,24785.2,32,24
BATCH-20260810-128,2026-08-10T14:34:00,2026-08-10T14:34:34,2026-08-10T14:35:31,B,H1,Coke,15083.5,15005.3,34,57
BATCH-20260810-129,2026-08-10T14:34:00,2026-08-10T14:34:58,2026-08-10T14:35:22,B,H2,Coke,11776.6,11766.1,58,24
BATCH-20260810-130,2026-08-10T14:35:00,2026-08-10T14:35:30,2026-08-10T14:36:14,B,H1,Pellet,13630.3,13563.0,30,44
BATCH-20260810-131,2026-08-10T14:37:00,2026-08-10T14:37:45,2026-08-10T14:38:14,B,H3,Ore,19629.2,19602.3,45,29
BATCH-20260810-132,2026-08-10T14:39:00,2026-08-10T14:40:24,2026-08-10T14:41:14,B,H1,Limestone,10017.3,10074.0,84,50
BATCH-20260810-133,2026-08-10T14:46:00,2026-08-10T14:46:51,2026-08-10T14:47:15,B,H2,Ore,18694.9,18682.7,51,24
BATCH-20260810-134,2026-08-10T15:02:00,2026-08-10T15:03:08,2026-08-10T15:03:54,B,H1,Coke,17121.8,17149.0,68,46
BATCH-20260810-135,2026-08-10T15:12:00,2026-08-10T15:13:16,2026-08-10T15:14:16,B,H3,Ore,29431.1,29457.3,76,60
BATCH-20260810-136,2026-08-10T15:38:00,2026-08-10T15:38:31,2026-08-10T15:39:15,B,H4,Coke,12916.5,12801.2,31,44
BATCH-20260810-137,2026-08-10T15:57:00,2026-08-10T15:58:27,2026-08-10T15:59:11,B,H3,Limestone,14911.5,14795.5,87,44
BATCH-20260810-138,2026-08-10T16:01:00,2026-08-10T16:02:03,2026-08-10T16:02:53,B,H1,Pellet,14226.5,14208.0,63,50
BATCH-20260810-139,2026-08-10T16:05:00,2026-08-10T16:05:32,2026-08-10T16:05:54,B,H4,Sinter,17865.5,17799.1,32,22
BATCH-20260810-140,2026-08-10T16:21:00,2026-08-10T16:22:12,2026-08-10T16:22:49,B,H2,Ore,21149.2,21057.3,72,37
BATCH-20260810-141,2026-08-10T16:26:00,2026-08-10T16:26:36,2026-08-10T16:27:02,B,H1,Limestone,10705.4,10841.5,36,26
BATCH-20260810-142,2026-08-10T16:26:00,2026-08-10T16:27:08,2026-08-10T16:27:37,B,H2,Limestone,12997.2,13358.8,68,29
BATCH-20260810-143,2026-08-10T16:28:00,2026-08-10T16:28:47,2026-08-10T16:29:31,B,H1,Pellet,15197.1,15172.3,47,44
BATCH-20260810-144,2026-08-10T16:31:00,2026-08-10T16:31:35,2026-08-10T16:32:24,B,H3,Sinter,21504.5,21420.2,35,49
BATCH-20260810-145,2026-08-10T16:41:00,2026-08-10T16:41:38,2026-08-10T16:42:28,B,H3,Sinter,20231.9,20138.2,38,50
BATCH-20260810-146,2026-08-10T16:45:00,2026-08-10T16:46:00,2026-08-10T16:46:29,B,H2,Pellet,18639.2,18574.0,60,29
BATCH-20260810-147,2026-08-10T16:49:00,2026-08-10T16:50:21,2026-08-10T16:51:21,B,H3,Ore,26418.1,26395.5,81,60
BATCH-20260810-148,2026-08-10T17:00:00,2026-08-10T17:00:40,2026-08-10T17:01:32,B,H1,Ore,19544.7,19550.7,40,52
BATCH-20260810-149,2026-08-10T17:05:00,2026-08-10T17:06:11,2026-08-10T17:07:07,B,H4,Pellet,14696.6,15134.3,71,56
BATCH-20260810-150,2026-08-10T17:11:00,2026-08-10T17:11:42,2026-08-10T17:12:35,B,H3,Sinter,15699.5,15770.8,42,53
BATCH-20260810-151,2026-08-10T17:14:00,2026-08-10T17:15:11,2026-08-10T17:15:52,B,H1,Ore,24347.1,24396.4,71,41
BATCH-20260810-152,2026-08-10T17:21:00,2026-08-10T17:22:12,2026-08-10T17:22:59,B,H1,Limestone,10019.2,9989.8,72,47
BATCH-20260810-153,2026-08-10T17:33:00,2026-08-10T17:34:27,2026-08-10T17:35:02,B,H4,Sinter,17175.2,17198.5,87,35
BATCH-20260810-154,2026-08-10T17:36:00,2026-08-10T17:36:51,2026-08-10T17:37:44,B,H1,Pellet,12612.9,12664.5,51,53
BATCH-20260810-155,2026-08-10T17:44:00,2026-08-10T17:45:11,2026-08-10T17:46:06,B,H2,Sinter,15531.8,15538.6,71,55
BATCH-20260810-156,2026-08-10T17:49:00,2026-08-10T17:49:33,2026-08-10T17:49:59,B,H2,Sinter,24894.6,24900.5,33,26
BATCH-20260810-157,2026-08-10T17:54:00,2026-08-10T17:55:09,2026-08-10T17:56:01,B,H4,Pellet,12954.7,12989.1,69,52
BATCH-20260810-158,2026-08-10T18:02:00,2026-08-10T18:02:45,2026-08-10T18:03:40,B,H2,Ore,27621.9,26819.1,45,55
BATCH-20260810-159,2026-08-10T18:02:00,2026-08-10T18:02:40,2026-08-10T18:03:31,B,H3,Ore,22633.3,22598.7,40,51
BATCH-20260810-160,2026-08-10T18:03:00,2026-08-10T18:03:31,2026-08-10T18:04:21,B,H2,Pellet,16848.4,16873.4,31,50
BATCH-20260810-161,2026-08-10T18:11:00,2026-08-10T18:12:15,2026-08-10T18:13:13,B,H4,Ore,28908.0,28946.3,75,58
BATCH-20260810-162,2026-08-10T18:26:00,2026-08-10T18:26:36,2026-08-10T18:27:05,B,H4,Ore,21329.5,21336.6,36,29
BATCH-20260810-163,2026-08-10T18:37:00,2026-08-10T18:38:17,2026-08-10T18:38:42,B,H4,Limestone,12872.8,12878.2,77,25
BATCH-20260810-164,2026-08-10T18:46:00,2026-08-10T18:47:15,2026-08-10T18:47:36,B,H2,Sinter,17208.4,17218.6,75,21
BATCH-20260810-165,2026-08-10T18:49:00,2026-08-10T18:49:58,2026-08-10T18:50:38,B,H3,Ore,23000.1,23015.0,58,40
BATCH-20260810-166,2026-08-10T19:21:00,2026-08-10T19:22:10,2026-08-10T19:22:30,B,H2,Limestone,14512.6,14524.6,70,20
BATCH-20260810-167,2026-08-10T19:36:00,2026-08-10T19:36:54,2026-08-10T19:37:27,B,H2,Limestone,13242.9,13312.7,54,33
BATCH-20260810-168,2026-08-10T19:41:00,2026-08-10T19:41:47,2026-08-10T19:42:41,B,H4,Limestone,13612.3,13700.7,47,54
BATCH-20260810-169,2026-08-10T19:59:00,2026-08-10T20:00:06,2026-08-10T20:00:48,B,H1,Pellet,14849.6,14882.6,66,42
BATCH-20260810-170,2026-08-10T20:10:00,2026-08-10T20:11:22,2026-08-10T20:12:17,B,H3,Sinter,21980.1,21898.5,82,55
BATCH-20260810-171,2026-08-10T20:12:00,2026-08-10T20:12:42,2026-08-10T20:13:41,B,H2,Sinter,21954.9,21997.7,42,59
BATCH-20260810-172,2026-08-10T20:14:00,2026-08-10T20:14:30,2026-08-10T20:15:26,B,H2,Limestone,13615.5,13556.3,30,56
BATCH-20260810-173,2026-08-10T20:28:00,2026-08-10T20:28:37,2026-08-10T20:29:03,B,H3,Sinter,15421.2,15516.7,37,26
BATCH-20260810-174,2026-08-10T20:36:00,2026-08-10T20:37:09,2026-08-10T20:37:30,B,H3,Coke,15473.1,15526.8,69,21
BATCH-20260810-175,2026-08-10T20:42:00,2026-08-10T20:42:59,2026-08-10T20:43:50,B,H4,Limestone,12465.7,12427.3,59,51
BATCH-20260810-176,2026-08-10T20:43:00,2026-08-10T20:43:44,2026-08-10T20:44:44,B,H3,Coke,11023.6,10988.4,44,60
BATCH-20260810-177,2026-08-10T21:01:00,2026-08-10T21:01:50,2026-08-10T21:02:13,B,H2,Limestone,11506.6,11575.6,50,23
BATCH-20260810-178,2026-08-10T21:03:00,2026-08-10T21:04:23,2026-08-10T21:05:00,B,H3,Coke,14100.3,14087.2,83,37
BATCH-20260810-179,2026-08-10T21:09:00,2026-08-10T21:09:37,2026-08-10T21:10:22,B,H2,Sinter,24985.7,25053.6,37,45
BATCH-20260810-180,2026-08-10T21:14:00,2026-08-10T21:14:56,2026-08-10T21:15:51,B,H2,Sinter,21366.9,21388.8,56,55
BATCH-20260810-181,2026-08-10T21:15:00,2026-08-10T21:15:53,2026-08-10T21:16:19,B,H1,Coke,12880.8,12819.2,53,26
BATCH-20260810-182,2026-08-10T21:18:00,2026-08-10T21:19:17,2026-08-10T21:19:59,B,H2,Pellet,12136.0,12115.4,77,42
BATCH-20260810-183,2026-08-10T21:21:00,2026-08-10T21:22:07,2026-08-10T21:22:35,B,H4,Pellet,19505.1,19544.2,67,28
BATCH-20260810-184,2026-08-10T21:30:00,2026-08-10T21:31:18,2026-08-10T21:32:18,B,H2,Coke,11183.4,11131.3,78,60
BATCH-20260810-185,2026-08-10T21:33:00,2026-08-10T21:34:27,2026-08-10T21:35:15,B,H1,Limestone,10179.6,10178.4,87,48
BATCH-20260810-186,2026-08-10T21:48:00,2026-08-10T21:49:15,2026-08-10T21:49:40,B,H1,Ore,25346.8,25482.0,75,25
BATCH-20260810-187,2026-08-10T21:49:00,2026-08-10T21:49:30,2026-08-10T21:49:52,B,H4,Ore,29694.6,29773.9,30,22
BATCH-20260810-188,2026-08-10T22:09:00,2026-08-10T22:09:44,2026-08-10T22:10:31,C,H3,Sinter,21076.3,21073.7,44,47
BATCH-20260810-189,2026-08-10T22:20:00,2026-08-10T22:20:51,2026-08-10T22:21:35,C,H1,Ore,21046.0,21081.3,51,44
BATCH-20260810-190,2026-08-10T22:35:00,2026-08-10T22:35:32,2026-08-10T22:36:15,C,H1,Ore,19915.1,19977.0,32,43
BATCH-20260810-191,2026-08-10T22:38:00,2026-08-10T22:38:41,2026-08-10T22:39:11,C,H3,Limestone,12889.8,12843.2,41,30
BATCH-20260810-192,2026-08-10T22:39:00,2026-08-10T22:39:48,2026-08-10T22:40:32,C,H3,Limestone,10633.3,10599.9,48,44
BATCH-20260810-193,2026-08-10T22:45:00,2026-08-10T22:45:32,2026-08-10T22:46:24,C,H1,Limestone,11059.0,11140.6,32,52
BATCH-20260810-194,2026-08-10T23:16:00,2026-08-10T23:17:05,2026-08-10T23:17:43,C,H1,Coke,11726.6,11623.3,65,38
BATCH-20260810-195,2026-08-10T23:18:00,2026-08-10T23:19:28,2026-08-10T23:20:28,C,H3,Limestone,13737.7,13757.6,88,60
BATCH-20260810-196,2026-08-10T23:24:00,2026-08-10T23:24:32,2026-08-10T23:25:32,C,H3,Limestone,12611.4,12602.4,32,60
BATCH-20260810-197,2026-08-10T23:25:00,2026-08-10T23:25:39,2026-08-10T23:26:02,C,H3,Pellet,20846.6,20843.8,39,23
BATCH-20260810-198,2026-08-10T23:26:00,2026-08-10T23:27:26,2026-08-10T23:28:09,C,H4,Pellet,19162.2,19137.2,86,43
BATCH-20260810-199,2026-08-10T23:47:00,2026-08-10T23:47:50,2026-08-10T23:48:22,C,H2,Sinter,22665.5,22702.5,50,32
BATCH-20260810-200,2026-08-10T23:52:00,2026-08-10T23:53:28,2026-08-10T23:54:11,C,H2,Ore,26648.8,26637.8,88,43
BATCH-20260811-001,2026-08-11T00:00:00,2026-08-11T00:01:04,2026-08-11T00:01:33,C,H2,Coke,11605.2,11562.6,64,29
BATCH-20260811-002,2026-08-11T00:09:00,2026-08-11T00:10:01,2026-08-11T00:10:52,C,H2,Sinter,19768.1,19730.0,61,51
BATCH-20260811-003,2026-08-11T00:09:00,2026-08-11T00:10:25,2026-08-11T00:10:58,C,H3,Coke,12524.5,12551.6,85,33
BATCH-20260811-004,2026-08-11T00:11:00,2026-08-11T00:11:38,2026-08-11T00:12:06,C,H4,Pellet,18951.4,18988.8,38,28
BATCH-20260811-005,2026-08-11T00:15:00,2026-08-11T00:16:07,2026-08-11T00:16:58,C,H3,Pellet,12637.2,12647.8,67,51
BATCH-20260811-006,2026-08-11T00:21:00,2026-08-11T00:22:15,2026-08-11T00:22:48,C,H4,Ore,24101.2,24084.1,75,33
BATCH-20260811-007,2026-08-11T00:30:00,2026-08-11T00:31:11,2026-08-11T00:31:46,C,H4,Sinter,24567.1,24491.7,71,35
BATCH-20260811-008,2026-08-11T00:33:00,2026-08-11T00:34:04,2026-08-11T00:34:36,C,H3,Pellet,19777.5,19808.1,64,32
BATCH-20260811-009,2026-08-11T00:41:00,2026-08-11T00:41:58,2026-08-11T00:42:52,C,H3,Limestone,13787.3,13810.6,58,54
BATCH-20260811-010,2026-08-11T00:41:00,2026-08-11T00:42:24,2026-08-11T00:43:15,C,H2,Ore,20630.2,20604.4,84,51
BATCH-20260811-011,2026-08-11T00:50:00,2026-08-11T00:51:07,2026-08-11T00:51:35,C,H2,Limestone,10592.0,10510.0,67,28
BATCH-20260811-012,2026-08-11T00:55:00,2026-08-11T00:56:17,2026-08-11T00:56:52,C,H3,Ore,19879.3,19842.3,77,35
BATCH-20260811-013,2026-08-11T01:15:00,2026-08-11T01:15:49,2026-08-11T01:16:44,C,H3,Sinter,24553.7,24529.6,49,55
BATCH-20260811-014,2026-08-11T01:18:00,2026-08-11T01:18:48,2026-08-11T01:19:38,C,H1,Sinter,17602.9,17563.9,48,50
BATCH-20260811-015,2026-08-11T01:28:00,2026-08-11T01:29:28,2026-08-11T01:30:26,C,H4,Sinter,21843.0,21894.5,88,58
BATCH-20260811-016,2026-08-11T01:29:00,2026-08-11T01:29:37,2026-08-11T01:30:05,C,H1,Pellet,15892.5,15909.6,37,28
BATCH-20260811-017,2026-08-11T02:01:00,2026-08-11T02:01:37,2026-08-11T02:02:26,C,H3,Pellet,14368.4,14474.8,37,49
BATCH-20260811-018,2026-08-11T02:08:00,2026-08-11T02:09:15,2026-08-11T02:09:51,C,H4,Pellet,13047.0,13070.2,75,36
BATCH-20260811-019,2026-08-11T02:10:00,2026-08-11T02:10:44,2026-08-11T02:11:07,C,H3,Ore,27080.2,27072.9,44,23
BATCH-20260811-020,2026-08-11T02:20:00,2026-08-11T02:20:38,2026-08-11T02:21:26,C,H3,Limestone,11196.0,11234.8,38,48
BATCH-20260811-021,2026-08-11T02:24:00,2026-08-11T02:25:16,2026-08-11T02:25:57,C,H4,Limestone,13243.6,13165.3,76,41
BATCH-20260811-022,2026-08-11T02:33:00,2026-08-11T02:33:38,2026-08-11T02:34:11,C,H4,Coke,11609.9,11550.5,38,33
BATCH-20260811-023,2026-08-11T02:34:00,2026-08-11T02:34:44,2026-08-11T02:35:36,C,H1,Ore,27331.9,27303.2,44,52
BATCH-20260811-024,2026-08-11T02:35:00,2026-08-11T02:36:08,2026-08-11T02:36:42,C,H2,Coke,17225.8,17241.2,68,34
BATCH-20260811-025,2026-08-11T02:39:00,2026-08-11T02:39:55,2026-08-11T02:40:25,C,H1,Sinter,22088.8,22154.1,55,30
BATCH-20260811-026,2026-08-11T02:46:00,2026-08-11T02:47:12,2026-08-11T02:47:36,C,H4,Pellet,15720.6,15696.8,72,24
BATCH-20260811-027,2026-08-11T03:01:00,2026-08-11T03:01:43,2026-08-11T03:02:38,C,H3,Limestone,15217.3,15055.5,43,55
BATCH-20260811-028,2026-08-11T03:07:00,2026-08-11T03:07:41,2026-08-11T03:08:32,C,H2,Ore,28471.5,28495.0,41,51
BATCH-20260811-029,2026-08-11T03:09:00,2026-08-11T03:09:39,2026-08-11T03:10:21,C,H2,Limestone,13157.1,13112.9,39,42
BATCH-20260811-030,2026-08-11T03:27:00,2026-08-11T03:27:38,2026-08-11T03:28:15,C,H2,Sinter,24053.0,24008.4,38,37
BATCH-20260811-031,2026-08-11T03:33:00,2026-08-11T03:33:46,2026-08-11T03:34:22,C,H3,Pellet,15627.6,15639.4,46,36
BATCH-20260811-032,2026-08-11T03:35:00,2026-08-11T03:36:26,2026-08-11T03:36:53,C,H4,Coke,12950.3,12892.8,86,27
BATCH-20260811-033,2026-08-11T03:38:00,2026-08-11T03:38:56,2026-08-11T03:39:28,C,H3,Coke,13653.8,13597.8,56,32
BATCH-20260811-034,2026-08-11T03:38:00,2026-08-11T03:38:38,2026-08-11T03:39:32,C,H1,Sinter,20763.3,20821.8,38,54
BATCH-20260811-035,2026-08-11T03:39:00,2026-08-11T03:40:04,2026-08-11T03:40:33,C,H2,Coke,17545.4,17577.3,64,29
BATCH-20260811-036,2026-08-11T03:43:00,2026-08-11T03:43:40,2026-08-11T03:44:02,C,H3,Sinter,20448.8,20416.6,40,22
BATCH-20260811-037,2026-08-11T03:53:00,2026-08-11T03:53:57,2026-08-11T03:54:37,C,H2,Coke,15310.2,15353.5,57,40
BATCH-20260811-038,2026-08-11T03:59:00,2026-08-11T04:00:17,2026-08-11T04:00:46,C,H3,Limestone,15551.0,15573.1,77,29
BATCH-20260811-039,2026-08-11T04:03:00,2026-08-11T04:04:18,2026-08-11T04:04:50,C,H4,Pellet,21950.2,21874.7,78,32
BATCH-20260811-040,2026-08-11T04:13:00,2026-08-11T04:13:39,2026-08-11T04:14:11,C,H3,Limestone,10418.1,10353.1,39,32
BATCH-20260811-041,2026-08-11T04:22:00,2026-08-11T04:22:30,2026-08-11T04:23:01,C,H3,Sinter,18573.6,18560.4,30,31
BATCH-20260811-042,2026-08-11T04:28:00,2026-08-11T04:29:10,2026-08-11T04:29:58,C,H4,Pellet,16826.4,16839.7,70,48
BATCH-20260811-043,2026-08-11T04:30:00,2026-08-11T04:30:39,2026-08-11T04:31:16,C,H3,Ore,29372.4,29329.0,39,37
BATCH-20260811-044,2026-08-11T04:39:00,2026-08-11T04:40:08,2026-08-11T04:40:40,C,H1,Pellet,19473.9,19446.9,68,32
BATCH-20260811-045,2026-08-11T05:02:00,2026-08-11T05:02:42,2026-08-11T05:03:25,C,H3,Limestone,15209.8,15163.4,42,43
BATCH-20260811-046,2026-08-11T05:03:00,2026-08-11T05:04:05,2026-08-11T05:04:43,C,H1,Ore,26091.2,26048.7,65,38
BATCH-20260811-047,2026-08-11T05:11:00,2026-08-11T05:11:48,2026-08-11T05:12:13,C,H3,Ore,28669.0,28588.2,48,25
BATCH-20260811-048,2026-08-11T05:12:00,2026-08-11T05:12:45,2026-08-11T05:13:16,C,H2,Pellet,15375.1,15397.3,45,31
BATCH-20260811-049,2026-08-11T05:18:00,2026-08-11T05:19:28,2026-08-11T05:20:28,C,H1,Ore,27568.7,27591.0,88,60
BATCH-20260811-050,2026-08-11T05:21:00,2026-08-11T05:22:25,2026-08-11T05:23:01,C,H2,Limestone,10411.5,10428.4,85,36
BATCH-20260811-051,2026-08-11T05:21:00,2026-08-11T05:21:38,2026-08-11T05:22:09,C,H2,Sinter,24115.9,24083.1,38,31
BATCH-20260811-052,2026-08-11T05:29:00,2026-08-11T05:30:00,2026-08-11T05:30:36,C,H4,Pellet,14410.6,14448.0,60,36
BATCH-20260811-053,2026-08-11T05:43:00,2026-08-11T05:44:24,2026-08-11T05:44:58,C,H1,Pellet,20749.9,20765.1,84,34
BATCH-20260811-054,2026-08-11T05:49:00,2026-08-11T05:50:14,2026-08-11T05:50:39,C,H4,Ore,25340.1,25271.1,74,25
BATCH-20260811-055,2026-08-11T05:52:00,2026-08-11T05:53:23,2026-08-11T05:53:51,C,H4,Sinter,21106.0,21166.0,83,28
BATCH-20260811-056,2026-08-11T05:56:00,2026-08-11T05:56:36,2026-08-11T05:57:02,C,H3,Limestone,15889.9,15913.4,36,26
BATCH-20260811-057,2026-08-11T06:06:00,2026-08-11T06:07:22,2026-08-11T06:07:55,A,H4,Limestone,11348.5,11426.2,82,33
BATCH-20260811-058,2026-08-11T06:12:00,2026-08-11T06:12:36,2026-08-11T06:13:22,A,H3,Limestone,11087.5,11075.4,36,46
BATCH-20260811-059,2026-08-11T06:21:00,2026-08-11T06:22:25,2026-08-11T06:22:51,A,H3,Coke,12615.9,12429.0,85,26
BATCH-20260811-060,2026-08-11T06:30:00,2026-08-11T06:31:25,2026-08-11T06:31:49,A,H1,Sinter,19703.4,19818.1,85,24
BATCH-20260811-061,2026-08-11T06:44:00,2026-08-11T06:44:34,2026-08-11T06:45:28,A,H4,Ore,26658.3,26581.0,34,54
BATCH-20260811-062,2026-08-11T06:56:00,2026-08-11T06:57:18,2026-08-11T06:57:41,A,H1,Coke,13117.0,13091.9,78,23
BATCH-20260811-063,2026-08-11T06:57:00,2026-08-11T06:58:28,2026-08-11T06:59:21,A,H1,Ore,21987.6,21963.2,88,53
BATCH-20260811-064,2026-08-11T06:57:00,2026-08-11T06:58:01,2026-08-11T06:58:37,A,H4,Ore,19151.3,19151.5,61,36
BATCH-20260811-065,2026-08-11T07:18:00,2026-08-11T07:18:58,2026-08-11T07:19:41,A,H2,Limestone,13273.1,13291.0,58,43
BATCH-20260811-066,2026-08-11T07:21:00,2026-08-11T07:22:19,2026-08-11T07:23:12,A,H1,Pellet,20406.7,20364.9,79,53
BATCH-20260811-067,2026-08-11T07:28:00,2026-08-11T07:29:27,2026-08-11T07:29:50,A,H3,Ore,22333.5,22348.9,87,23
BATCH-20260811-068,2026-08-11T07:29:00,2026-08-11T07:30:07,2026-08-11T07:30:49,A,H3,Pellet,18829.2,18740.8,67,42
BATCH-20260811-069,2026-08-11T07:43:00,2026-08-11T07:44:13,2026-08-11T07:44:42,A,H4,Coke,15337.9,15364.5,73,29
BATCH-20260811-070,2026-08-11T08:06:00,2026-08-11T08:07:16,2026-08-11T08:07:47,A,H4,Limestone,14882.2,14969.6,76,31
BATCH-20260811-071,2026-08-11T08:10:00,2026-08-11T08:11:05,2026-08-11T08:11:36,A,H4,Pellet,13760.7,13795.0,65,31
BATCH-20260811-072,2026-08-11T08:23:00,2026-08-11T08:24:13,2026-08-11T08:25:12,A,H3,Sinter,18794.4,18819.5,73,59
BATCH-20260811-073,2026-08-11T08:23:00,2026-08-11T08:24:23,2026-08-11T08:25:11,A,H4,Coke,12893.0,12813.0,83,48
BATCH-20260811-074,2026-08-11T08:31:00,2026-08-11T08:31:43,2026-08-11T08:32:35,A,H2,Coke,15236.7,15276.6,43,52
BATCH-20260811-075,2026-08-11T08:39:00,2026-08-11T08:40:15,2026-08-11T08:41:10,A,H4,Limestone,10510.7,10556.7,75,55
BATCH-20260811-076,2026-08-11T08:45:00,2026-08-11T08:46:10,2026-08-11T08:46:47,A,H2,Ore,18688.3,18701.9,70,37
BATCH-20260811-077,2026-08-11T08:50:00,2026-08-11T08:50:56,2026-08-11T08:51:40,A,H2,Ore,20862.6,20859.5,56,44
BATCH-20260811-078,2026-08-11T08:50:00,2026-08-11T08:51:12,2026-08-11T08:51:58,A,H4,Limestone,15974.0,16004.0,72,46
BATCH-20260811-079,2026-08-11T08:54:00,2026-08-11T08:55:17,2026-08-11T08:56:10,A,H4,Pellet,18225.9,18225.4,77,53
BATCH-20260811-080,2026-08-11T08:54:00,2026-08-11T08:55:10,2026-08-11T08:56:03,A,H2,Sinter,22509.8,22570.4,70,53
BATCH-20260811-081,2026-08-11T08:59:00,2026-08-11T09:00:18,2026-08-11T09:00:56,A,H1,Limestone,10748.9,10719.1,78,38
BATCH-20260811-082,2026-08-11T09:15:00,2026-08-11T09:16:10,2026-08-11T09:16:51,A,H2,Pellet,20215.1,20188.4,70,41
BATCH-20260811-083,2026-08-11T09:18:00,2026-08-11T09:18:42,2026-08-11T09:19:15,A,H1,Limestone,13773.3,13744.1,42,33
BATCH-20260811-084,2026-08-11T09:38:00,2026-08-11T09:38:30,2026-08-11T09:39:06,A,H1,Ore,28073.5,28146.2,30,36
BATCH-20260811-085,2026-08-11T09:55:00,2026-08-11T09:56:26,2026-08-11T09:57:05,A,H4,Limestone,14916.9,14926.9,86,39
BATCH-20260811-086,2026-08-11T10:07:00,2026-08-11T10:07:38,2026-08-11T10:08:34,A,H3,Ore,21154.9,21202.9,38,56
BATCH-20260811-087,2026-08-11T10:15:00,2026-08-11T10:15:32,2026-08-11T10:16:10,A,H3,Coke,13045.8,13057.3,32,38
BATCH-20260811-088,2026-08-11T10:17:00,2026-08-11T10:18:07,2026-08-11T10:19:07,A,H4,Ore,21071.7,21041.1,67,60
BATCH-20260811-089,2026-08-11T10:20:00,2026-08-11T10:20:36,2026-08-11T10:21:10,A,H2,Sinter,23135.0,23058.0,36,34
BATCH-20260811-090,2026-08-11T10:23:00,2026-08-11T10:24:03,2026-08-11T10:24:57,A,H3,Sinter,17210.7,17258.7,63,54
BATCH-20260811-091,2026-08-11T10:39:00,2026-08-11T10:40:06,2026-08-11T10:40:52,A,H3,Limestone,14365.6,14419.3,66,46
BATCH-20260811-092,2026-08-11T10:47:00,2026-08-11T10:47:34,2026-08-11T10:48:03,A,H4,Sinter,17173.6,17047.3,34,29
BATCH-20260811-093,2026-08-11T10:47:00,2026-08-11T10:47:50,2026-08-11T10:48:24,A,H2,Sinter,16111.1,16048.9,50,34
BATCH-20260811-094,2026-08-11T10:58:00,2026-08-11T10:58:43,2026-08-11T10:59:06,A,H3,Ore,24851.2,24836.9,43,23
BATCH-20260811-095,2026-08-11T11:03:00,2026-08-11T11:04:05,2026-08-11T11:05:03,A,H2,Limestone,14932.9,14886.6,65,58
BATCH-20260811-096,2026-08-11T11:08:00,2026-08-11T11:08:57,2026-08-11T11:09:29,A,H3,Pellet,19404.4,19413.9,57,32
BATCH-20260811-097,2026-08-11T11:13:00,2026-08-11T11:14:21,2026-08-11T11:15:21,A,H4,Ore,18684.6,18729.7,81,60
BATCH-20260811-098,2026-08-11T11:17:00,2026-08-11T11:17:52,2026-08-11T11:18:24,A,H3,Sinter,23796.4,23769.9,52,32
BATCH-20260811-099,2026-08-11T11:43:00,2026-08-11T11:43:47,2026-08-11T11:44:39,A,H1,Coke,10971.2,11023.5,47,52
BATCH-20260811-100,2026-08-11T11:45:00,2026-08-11T11:46:10,2026-08-11T11:46:30,A,H3,Ore,20563.1,20568.6,70,20
BATCH-20260811-101,2026-08-11T11:56:00,2026-08-11T11:57:13,2026-08-11T11:57:40,A,H2,Coke,14051.9,14061.7,73,27
BATCH-20260811-102,2026-08-11T11:59:00,2026-08-11T12:00:20,2026-08-11T12:01:19,A,H1,Pellet,18112.4,18174.9,80,59
BATCH-20260811-103,2026-08-11T12:00:00,2026-08-11T12:01:06,2026-08-11T12:01:45,A,H4,Limestone,12061.6,12082.2,66,39
BATCH-20260811-104,2026-08-11T12:11:00,2026-08-11T12:12:06,2026-08-11T12:12:55,A,H2,Coke,12152.1,12259.1,66,49
BATCH-20260811-105,2026-08-11T12:18:00,2026-08-11T12:19:14,2026-08-11T12:19:44,A,H2,Sinter,15796.8,15813.5,74,30
BATCH-20260811-106,2026-08-11T12:25:00,2026-08-11T12:25:47,2026-08-11T12:26:28,A,H3,Pellet,13919.3,13839.5,47,41
BATCH-20260811-107,2026-08-11T12:26:00,2026-08-11T12:26:46,2026-08-11T12:27:28,A,H4,Ore,22002.0,21922.3,46,42
BATCH-20260811-108,2026-08-11T12:28:00,2026-08-11T12:28:53,2026-08-11T12:29:27,A,H1,Ore,18475.3,18458.9,53,34
BATCH-20260811-109,2026-08-11T12:33:00,2026-08-11T12:34:18,2026-08-11T12:34:53,A,H1,Sinter,24027.3,24097.9,78,35
BATCH-20260811-110,2026-08-11T12:42:00,2026-08-11T12:43:08,2026-08-11T12:43:35,A,H2,Coke,15147.1,15168.5,68,27
BATCH-20260811-111,2026-08-11T12:46:00,2026-08-11T12:47:05,2026-08-11T12:47:32,A,H1,Coke,11525.5,11582.4,65,27
BATCH-20260811-112,2026-08-11T13:02:00,2026-08-11T13:02:56,2026-08-11T13:03:53,A,H2,Ore,29126.7,29207.2,56,57
BATCH-20260811-113,2026-08-11T13:08:00,2026-08-11T13:08:34,2026-08-11T13:08:54,A,H4,Sinter,23683.8,23618.7,34,20
BATCH-20260811-114,2026-08-11T13:10:00,2026-08-11T13:10:50,2026-08-11T13:11:45,A,H2,Limestone,15299.6,15271.8,50,55
BATCH-20260811-115,2026-08-11T13:31:00,2026-08-11T13:31:51,2026-08-11T13:32:50,A,H3,Limestone,13059.5,13048.2,51,59
BATCH-20260811-116,2026-08-11T13:33:00,2026-08-11T13:34:24,2026-08-11T13:35:17,A,H4,Ore,28569.5,28532.3,84,53
BATCH-20260811-117,2026-08-11T13:38:00,2026-08-11T13:39:04,2026-08-11T13:39:42,A,H3,Pellet,20980.1,20983.6,64,38
BATCH-20260811-118,2026-08-11T13:42:00,2026-08-11T13:43:06,2026-08-11T13:43:50,A,H2,Coke,11965.1,11934.7,66,44
BATCH-20260811-119,2026-08-11T13:42:00,2026-08-11T13:43:28,2026-08-11T13:44:08,A,H4,Sinter,19781.9,19669.2,88,40
BATCH-20260811-120,2026-08-11T13:43:00,2026-08-11T13:44:13,2026-08-11T13:44:39,A,H3,Sinter,22075.6,22136.4,73,26
BATCH-20260811-121,2026-08-11T13:57:00,2026-08-11T13:58:22,2026-08-11T13:59:16,A,H3,Coke,16972.8,16996.9,82,54
BATCH-20260811-122,2026-08-11T14:09:00,2026-08-11T14:09:32,2026-08-11T14:09:53,B,H4,Pellet,19015.7,19045.2,32,21
BATCH-20260811-123,2026-08-11T14:35:00,2026-08-11T14:35:33,2026-08-11T14:36:25,B,H3,Sinter,15301.3,15233.1,33,52
BATCH-20260811-124,2026-08-11T14:46:00,2026-08-11T14:47:03,2026-08-11T14:47:40,B,H3,Ore,27905.4,27869.5,63,37
BATCH-20260811-125,2026-08-11T14:55:00,2026-08-11T14:56:03,2026-08-11T14:56:33,B,H4,Pellet,17443.0,17442.1,63,30
BATCH-20260811-126,2026-08-11T15:03:00,2026-08-11T15:03:45,2026-08-11T15:04:20,B,H3,Coke,17290.6,17244.7,45,35
BATCH-20260811-127,2026-08-11T15:04:00,2026-08-11T15:04:54,2026-08-11T15:05:48,B,H3,Sinter,19432.1,19382.4,54,54
BATCH-20260811-128,2026-08-11T15:17:00,2026-08-11T15:18:18,2026-08-11T15:19:06,B,H3,Sinter,17055.8,17146.9,78,48
BATCH-20260811-129,2026-08-11T15:29:00,2026-08-11T15:29:42,2026-08-11T15:30:33,B,H1,Limestone,12725.2,12711.7,42,51
BATCH-20260811-130,2026-08-11T15:32:00,2026-08-11T15:32:56,2026-08-11T15:33:51,B,H4,Sinter,19512.0,19522.2,56,55
BATCH-20260811-131,2026-08-11T15:32:00,2026-08-11T15:33:25,2026-08-11T15:34:06,B,H1,Coke,15274.0,15366.6,85,41
BATCH-20260811-132,2026-08-11T15:36:00,2026-08-11T15:36:49,2026-08-11T15:37:09,B,H3,Limestone,14768.7,14749.8,49,20
BATCH-20260811-133,2026-08-11T15:37:00,2026-08-11T15:38:12,2026-08-11T15:38:35,B,H2,Coke,16442.1,16450.5,72,23
BATCH-20260811-134,2026-08-11T15:40:00,2026-08-11T15:41:29,2026-08-11T15:42:27,B,H4,Limestone,14353.8,14255.9,89,58
BATCH-20260811-135,2026-08-11T15:56:00,2026-08-11T15:57:12,2026-08-11T15:57:40,B,H4,Coke,11388.3,11383.7,72,28
BATCH-20260811-136,2026-08-11T16:06:00,2026-08-11T16:07:01,2026-08-11T16:07:46,B,H4,Sinter,16478.8,16492.8,61,45
BATCH-20260811-137,2026-08-11T16:20:00,2026-08-11T16:20:33,2026-08-11T16:21:19,B,H1,Sinter,16767.3,16723.7,33,46
BATCH-20260811-138,2026-08-11T16:36:00,2026-08-11T16:36:41,2026-08-11T16:37:02,B,H1,Coke,12272.2,12204.6,41,21
BATCH-20260811-139,2026-08-11T16:38:00,2026-08-11T16:38:54,2026-08-11T16:39:51,B,H2,Pellet,19308.6,19364.6,54,57
BATCH-20260811-140,2026-08-11T16:52:00,2026-08-11T16:52:53,2026-08-11T16:53:48,B,H4,Ore,28983.4,29000.5,53,55
BATCH-20260811-141,2026-08-11T17:03:00,2026-08-11T17:03:53,2026-08-11T17:04:26,B,H2,Limestone,10858.9,10907.4,53,33
BATCH-20260811-142,2026-08-11T17:05:00,2026-08-11T17:05:38,2026-08-11T17:06:26,B,H1,Pellet,17162.1,17110.5,38,48
BATCH-20260811-143,2026-08-11T17:05:00,2026-08-11T17:06:14,2026-08-11T17:06:56,B,H1,Sinter,17634.0,17629.1,74,42
BATCH-20260811-144,2026-08-11T17:20:00,2026-08-11T17:20:36,2026-08-11T17:21:09,B,H4,Limestone,10111.0,10084.8,36,33
BATCH-20260811-145,2026-08-11T17:28:00,2026-08-11T17:29:27,2026-08-11T17:30:20,B,H4,Sinter,19931.2,19887.3,87,53
BATCH-20260811-146,2026-08-11T17:37:00,2026-08-11T17:38:30,2026-08-11T17:39:19,B,H1,Pellet,15206.7,15300.4,90,49
BATCH-20260811-147,2026-08-11T17:43:00,2026-08-11T17:44:03,2026-08-11T17:44:45,B,H4,Limestone,10047.5,9931.0,63,42
BATCH-20260811-148,2026-08-11T17:48:00,2026-08-11T17:48:31,2026-08-11T17:49:18,B,H4,Sinter,17248.7,17219.5,31,47
BATCH-20260811-149,2026-08-11T17:58:00,2026-08-11T17:58:45,2026-08-11T17:59:44,B,H4,Coke,17209.3,17249.5,45,59
BATCH-20260811-150,2026-08-11T18:01:00,2026-08-11T18:01:38,2026-08-11T18:02:07,B,H3,Ore,20283.7,20380.5,38,29
BATCH-20260811-151,2026-08-11T18:07:00,2026-08-11T18:07:33,2026-08-11T18:08:16,B,H1,Coke,16969.1,16965.1,33,43
BATCH-20260811-152,2026-08-11T18:15:00,2026-08-11T18:15:39,2026-08-11T18:16:03,B,H1,Coke,12052.5,12101.9,39,24
BATCH-20260811-153,2026-08-11T18:21:00,2026-08-11T18:22:26,2026-08-11T18:23:11,B,H3,Limestone,13155.5,13219.0,86,45
BATCH-20260811-154,2026-08-11T18:28:00,2026-08-11T18:29:29,2026-08-11T18:30:07,B,H2,Limestone,10518.4,10477.7,89,38
BATCH-20260811-155,2026-08-11T18:30:00,2026-08-11T18:30:38,2026-08-11T18:31:05,B,H2,Limestone,14049.6,14048.3,38,27
BATCH-20260811-156,2026-08-11T18:30:00,2026-08-11T18:31:07,2026-08-11T18:31:49,B,H3,Coke,12402.1,12422.5,67,42
BATCH-20260811-157,2026-08-11T18:36:00,2026-08-11T18:36:47,2026-08-11T18:37:26,B,H1,Ore,28635.1,28679.5,47,39
BATCH-20260811-158,2026-08-11T18:40:00,2026-08-11T18:40:32,2026-08-11T18:41:10,B,H3,Ore,24110.2,24145.9,32,38
BATCH-20260811-159,2026-08-11T18:46:00,2026-08-11T18:46:51,2026-08-11T18:47:41,B,H3,Limestone,14273.7,14238.9,51,50
BATCH-20260811-160,2026-08-11T19:01:00,2026-08-11T19:02:02,2026-08-11T19:02:58,B,H2,Coke,10487.4,10559.4,62,56
BATCH-20260811-161,2026-08-11T19:04:00,2026-08-11T19:05:15,2026-08-11T19:05:46,B,H4,Pellet,16230.4,16289.6,75,31
BATCH-20260811-162,2026-08-11T19:05:00,2026-08-11T19:06:00,2026-08-11T19:06:20,B,H1,Pellet,18696.3,18697.4,60,20
BATCH-20260811-163,2026-08-11T19:10:00,2026-08-11T19:11:12,2026-08-11T19:11:36,B,H3,Sinter,19059.7,19006.3,72,24
BATCH-20260811-164,2026-08-11T19:25:00,2026-08-11T19:25:43,2026-08-11T19:26:22,B,H4,Coke,13240.6,13249.2,43,39
BATCH-20260811-165,2026-08-11T19:27:00,2026-08-11T19:28:07,2026-08-11T19:28:47,B,H2,Ore,24323.6,24294.8,67,40
BATCH-20260811-166,2026-08-11T19:28:00,2026-08-11T19:28:35,2026-08-11T19:29:00,B,H4,Coke,13346.3,13276.7,35,25
BATCH-20260811-167,2026-08-11T19:39:00,2026-08-11T19:40:17,2026-08-11T19:40:48,B,H1,Pellet,13239.5,13279.8,77,31
BATCH-20260811-168,2026-08-11T19:39:00,2026-08-11T19:40:30,2026-08-11T19:41:15,B,H1,Ore,24322.7,24433.1,90,45
BATCH-20260811-169,2026-08-11T19:44:00,2026-08-11T19:44:41,2026-08-11T19:45:18,B,H1,Sinter,24691.9,24694.6,41,37
BATCH-20260811-170,2026-08-11T19:47:00,2026-08-11T19:47:51,2026-08-11T19:48:12,B,H4,Sinter,19827.2,19879.8,51,21
BATCH-20260811-171,2026-08-11T19:52:00,2026-08-11T19:52:55,2026-08-11T19:53:49,B,H4,Ore,24524.1,24474.5,55,54
BATCH-20260811-172,2026-08-11T19:53:00,2026-08-11T19:53:57,2026-08-11T19:54:28,B,H2,Ore,29015.4,29032.6,57,31
BATCH-20260811-173,2026-08-11T19:53:00,2026-08-11T19:53:43,2026-08-11T19:54:41,B,H4,Ore,23674.9,23732.3,43,58
BATCH-20260811-174,2026-08-11T20:00:00,2026-08-11T20:01:12,2026-08-11T20:02:06,B,H2,Ore,19739.8,19719.7,72,54
BATCH-20260811-175,2026-08-11T20:11:00,2026-08-11T20:11:38,2026-08-11T20:12:02,B,H2,Coke,10135.8,10094.1,38,24
BATCH-20260811-176,2026-08-11T20:14:00,2026-08-11T20:15:10,2026-08-11T20:15:42,B,H3,Ore,20735.7,20821.7,70,32
BATCH-20260811-177,2026-08-11T20:21:00,2026-08-11T20:21:52,2026-08-11T20:22:21,B,H4,Sinter,19958.4,19935.3,52,29
BATCH-20260811-178,2026-08-11T20:24:00,2026-08-11T20:25:27,2026-08-11T20:26:24,B,H2,Ore,29563.1,29450.7,87,57
BATCH-20260811-179,2026-08-11T20:27:00,2026-08-11T20:28:17,2026-08-11T20:28:55,B,H2,Coke,11257.2,11309.8,77,38
BATCH-20260811-180,2026-08-11T20:38:00,2026-08-11T20:38:41,2026-08-11T20:39:08,B,H4,Sinter,24224.5,24182.8,41,27
BATCH-20260811-181,2026-08-11T20:53:00,2026-08-11T20:53:38,2026-08-11T20:54:00,B,H2,Ore,20383.9,20488.3,38,22
BATCH-20260811-182,2026-08-11T20:58:00,2026-08-11T20:58:55,2026-08-11T20:59:42,B,H3,Coke,12368.2,12350.0,55,47
BATCH-20260811-183,2026-08-11T20:59:00,2026-08-11T21:00:08,2026-08-11T21:00:34,B,H1,Pellet,18348.3,18372.2,68,26
BATCH-20260811-184,2026-08-11T21:13:00,2026-08-11T21:14:30,2026-08-11T21:15:07,B,H3,Pellet,17726.6,17657.9,90,37
BATCH-20260811-185,2026-08-11T21:15:00,2026-08-11T21:16:27,2026-08-11T21:17:07,B,H2,Pellet,12572.0,12562.0,87,40
BATCH-20260811-186,2026-08-11T21:22:00,2026-08-11T21:22:48,2026-08-11T21:23:32,B,H1,Pellet,16621.2,16604.0,48,44
BATCH-20260811-187,2026-08-11T21:40:00,2026-08-11T21:40:48,2026-08-11T21:41:37,B,H3,Coke,17376.1,17351.7,48,49
BATCH-20260811-188,2026-08-11T22:00:00,2026-08-11T22:01:26,2026-08-11T22:02:21,C,H4,Pellet,14957.8,14876.0,86,55
BATCH-20260811-189,2026-08-11T22:20:00,2026-08-11T22:20:39,2026-08-11T22:21:18,C,H4,Sinter,15844.3,15792.3,39,39
BATCH-20260811-190,2026-08-11T22:22:00,2026-08-11T22:23:12,2026-08-11T22:23:57,C,H2,Sinter,18548.0,18573.6,72,45
BATCH-20260811-191,2026-08-11T22:43:00,2026-08-11T22:44:08,2026-08-11T22:44:36,C,H1,Limestone,12610.2,12690.4,68,28
BATCH-20260811-192,2026-08-11T22:46:00,2026-08-11T22:46:57,2026-08-11T22:47:49,C,H3,Limestone,15495.2,15520.0,57,52
BATCH-20260811-193,2026-08-11T22:49:00,2026-08-11T22:49:43,2026-08-11T22:50:25,C,H2,Sinter,17142.8,17102.2,43,42
BATCH-20260811-194,2026-08-11T22:59:00,2026-08-11T23:00:06,2026-08-11T23:00:47,C,H4,Coke,11833.2,11810.1,66,41
BATCH-20260811-195,2026-08-11T23:09:00,2026-08-11T23:10:24,2026-08-11T23:11:11,C,H3,Pellet,18373.4,18317.3,84,47
BATCH-20260811-196,2026-08-11T23:35:00,2026-08-11T23:36:12,2026-08-11T23:37:10,C,H3,Coke,11626.3,11584.2,72,58
BATCH-20260811-197,2026-08-11T23:42:00,2026-08-11T23:42:42,2026-08-11T23:43:11,C,H4,Limestone,11689.4,11767.5,42,29
BATCH-20260811-198,2026-08-11T23:44:00,2026-08-11T23:45:12,2026-08-11T23:45:47,C,H1,Pellet,20188.3,20227.0,72,35
BATCH-20260811-199,2026-08-11T23:44:00,2026-08-11T23:45:15,2026-08-11T23:45:37,C,H1,Limestone,15578.2,15630.3,75,22
BATCH-20260811-200,2026-08-11T23:56:00,2026-08-11T23:57:19,2026-08-11T23:57:52,C,H1,Limestone,13740.9,13772.7,79,33
BATCH-20260812-001,2026-08-12T00:03:00,2026-08-12T00:03:33,2026-08-12T00:04:23,C,H2,Coke,13210.1,13154.8,33,50
BATCH-20260812-002,2026-08-12T00:05:00,2026-08-12T00:05:33,2026-08-12T00:06:04,C,H1,Limestone,14855.3,14782.3,33,31
BATCH-20260812-003,2026-08-12T00:08:00,2026-08-12T00:08:54,2026-08-12T00:09:33,C,H1,Pellet,12337.2,12341.2,54,39
BATCH-20260812-004,2026-08-12T00:12:00,2026-08-12T00:12:51,2026-08-12T00:13:41,C,H2,Ore,18314.7,18325.5,51,50
BATCH-20260812-005,2026-08-12T00:12:00,2026-08-12T00:12:46,2026-08-12T00:13:06,C,H4,Sinter,20334.0,20455.6,46,20
BATCH-20260812-006,2026-08-12T00:13:00,2026-08-12T00:14:25,2026-08-12T00:14:58,C,H3,Sinter,22449.4,22375.9,85,33
BATCH-20260812-007,2026-08-12T00:29:00,2026-08-12T00:30:11,2026-08-12T00:31:02,C,H3,Limestone,10917.5,10925.9,71,51
BATCH-20260812-008,2026-08-12T00:31:00,2026-08-12T00:31:41,2026-08-12T00:32:38,C,H4,Coke,12517.6,12459.0,41,57
BATCH-20260812-009,2026-08-12T00:35:00,2026-08-12T00:36:04,2026-08-12T00:36:37,C,H4,Ore,18891.4,18950.5,64,33
BATCH-20260812-010,2026-08-12T00:53:00,2026-08-12T00:54:22,2026-08-12T00:55:18,C,H1,Limestone,10335.0,10309.1,82,56
BATCH-20260812-011,2026-08-12T01:02:00,2026-08-12T01:02:36,2026-08-12T01:03:15,C,H2,Sinter,19374.7,19429.6,36,39
BATCH-20260812-012,2026-08-12T01:03:00,2026-08-12T01:04:26,2026-08-12T01:04:52,C,H1,Coke,14620.8,14634.9,86,26
BATCH-20260812-013,2026-08-12T01:11:00,2026-08-12T01:11:51,2026-08-12T01:12:35,C,H2,Coke,16342.5,16429.1,51,44
BATCH-20260812-014,2026-08-12T01:16:00,2026-08-12T01:16:36,2026-08-12T01:17:12,C,H2,Coke,13710.9,14020.3,36,36
BATCH-20260812-015,2026-08-12T01:23:00,2026-08-12T01:24:28,2026-08-12T01:24:53,C,H2,Coke,10843.8,10798.7,88,25
BATCH-20260812-016,2026-08-12T01:25:00,2026-08-12T01:26:18,2026-08-12T01:26:58,C,H3,Ore,29145.9,29142.4,78,40
BATCH-20260812-017,2026-08-12T01:50:00,2026-08-12T01:51:08,2026-08-12T01:51:47,C,H3,Coke,14243.5,14274.2,68,39
BATCH-20260812-018,2026-08-12T01:50:00,2026-08-12T01:50:33,2026-08-12T01:51:28,C,H2,Limestone,12021.1,12048.8,33,55
BATCH-20260812-019,2026-08-12T01:53:00,2026-08-12T01:54:08,2026-08-12T01:54:33,C,H1,Pellet,21143.2,21094.3,68,25
BATCH-20260812-020,2026-08-12T01:56:00,2026-08-12T01:57:26,2026-08-12T01:57:54,C,H4,Ore,29866.9,29830.7,86,28
BATCH-20260812-021,2026-08-12T02:00:00,2026-08-12T02:00:59,2026-08-12T02:01:36,C,H3,Ore,23251.0,23237.3,59,37
BATCH-20260812-022,2026-08-12T02:01:00,2026-08-12T02:01:48,2026-08-12T02:02:26,C,H1,Ore,24031.9,24033.6,48,38
BATCH-20260812-023,2026-08-12T02:08:00,2026-08-12T02:08:53,2026-08-12T02:09:14,C,H4,Coke,14092.4,14152.8,53,21
BATCH-20260812-024,2026-08-12T02:14:00,2026-08-12T02:14:52,2026-08-12T02:15:19,C,H3,Ore,28315.8,28219.3,52,27
BATCH-20260812-025,2026-08-12T02:25:00,2026-08-12T02:25:30,2026-08-12T02:26:22,C,H3,Pellet,16708.1,16772.6,30,52
BATCH-20260812-026,2026-08-12T02:32:00,2026-08-12T02:32:39,2026-08-12T02:33:08,C,H2,Pellet,13384.0,13398.2,39,29
BATCH-20260812-027,2026-08-12T02:33:00,2026-08-12T02:34:01,2026-08-12T02:34:50,C,H4,Coke,11373.2,11322.9,61,49
BATCH-20260812-028,2026-08-12T02:34:00,2026-08-12T02:34:37,2026-08-12T02:35:05,C,H4,Pellet,14437.5,14393.7,37,28
BATCH-20260812-029,2026-08-12T02:35:00,2026-08-12T02:36:26,2026-08-12T02:37:18,C,H2,Pellet,19493.3,19504.0,86,52
BATCH-20260812-030,2026-08-12T02:46:00,2026-08-12T02:47:20,2026-08-12T02:48:04,C,H4,Sinter,20056.5,20045.4,80,44
BATCH-20260812-031,2026-08-12T02:46:00,2026-08-12T02:46:41,2026-08-12T02:47:18,C,H1,Ore,19263.3,19220.3,41,37
BATCH-20260812-032,2026-08-12T02:50:00,2026-08-12T02:51:24,2026-08-12T02:51:50,C,H4,Ore,18731.6,18718.7,84,26
BATCH-20260812-033,2026-08-12T02:54:00,2026-08-12T02:55:23,2026-08-12T02:55:51,C,H3,Limestone,13946.2,13992.4,83,28
BATCH-20260812-034,2026-08-12T03:02:00,2026-08-12T03:02:46,2026-08-12T03:03:12,C,H2,Sinter,19682.1,19729.2,46,26
BATCH-20260812-035,2026-08-12T03:17:00,2026-08-12T03:18:16,2026-08-12T03:18:40,C,H2,Limestone,12062.3,12056.7,76,24
BATCH-20260812-036,2026-08-12T03:26:00,2026-08-12T03:26:48,2026-08-12T03:27:19,C,H4,Ore,23122.4,23063.3,48,31
BATCH-20260812-037,2026-08-12T03:29:00,2026-08-12T03:30:17,2026-08-12T03:30:38,C,H1,Pellet,18935.5,18890.4,77,21
BATCH-20260812-038,2026-08-12T03:46:00,2026-08-12T03:46:58,2026-08-12T03:47:35,C,H1,Sinter,20978.2,20969.7,58,37
BATCH-20260812-039,2026-08-12T03:46:00,2026-08-12T03:46:41,2026-08-12T03:47:05,C,H3,Sinter,16975.0,17005.3,41,24
BATCH-20260812-040,2026-08-12T03:58:00,2026-08-12T03:58:54,2026-08-12T03:59:27,C,H4,Ore,18614.8,18621.7,54,33
BATCH-20260812-041,2026-08-12T04:36:00,2026-08-12T04:36:56,2026-08-12T04:37:49,C,H3,Pellet,21498.3,21508.6,56,53
BATCH-20260812-042,2026-08-12T04:40:00,2026-08-12T04:40:56,2026-08-12T04:41:39,C,H3,Ore,26723.5,26689.9,56,43
BATCH-20260812-043,2026-08-12T04:44:00,2026-08-12T04:44:34,2026-08-12T04:45:16,C,H2,Sinter,24029.1,24005.9,34,42
BATCH-20260812-044,2026-08-12T04:45:00,2026-08-12T04:45:34,2026-08-12T04:46:19,C,H1,Sinter,17634.3,17682.8,34,45
BATCH-20260812-045,2026-08-12T04:45:00,2026-08-12T04:46:25,2026-08-12T04:47:01,C,H3,Pellet,16774.8,16744.2,85,36
BATCH-20260812-046,2026-08-12T05:01:00,2026-08-12T05:01:46,2026-08-12T05:02:24,C,H3,Limestone,11709.4,11680.7,46,38
BATCH-20260812-047,2026-08-12T05:16:00,2026-08-12T05:16:32,2026-08-12T05:17:03,C,H4,Coke,12205.6,12177.4,32,31
BATCH-20260812-048,2026-08-12T05:20:00,2026-08-12T05:20:41,2026-08-12T05:21:14,C,H4,Limestone,13723.6,13780.9,41,33
BATCH-20260812-049,2026-08-12T05:54:00,2026-08-12T05:55:12,2026-08-12T05:56:08,C,H3,Ore,21665.7,21699.1,72,56
BATCH-20260812-050,2026-08-12T05:58:00,2026-08-12T05:59:15,2026-08-12T06:00:13,C,H1,Coke,15534.6,15594.4,75,58
BATCH-20260812-051,2026-08-12T05:58:00,2026-08-12T05:59:08,2026-08-12T05:59:44,C,H3,Sinter,15581.9,15579.9,68,36
BATCH-20260812-052,2026-08-12T06:01:00,2026-08-12T06:01:36,2026-08-12T06:02:34,A,H1,Pellet,20679.5,20669.8,36,58
BATCH-20260812-053,2026-08-12T06:11:00,2026-08-12T06:11:33,2026-08-12T06:12:02,A,H3,Coke,13860.6,13849.7,33,29
BATCH-20260812-054,2026-08-12T06:16:00,2026-08-12T06:16:40,2026-08-12T06:17:18,A,H1,Pellet,15529.8,15580.1,40,38
BATCH-20260812-055,2026-08-12T06:23:00,2026-08-12T06:24:13,2026-08-12T06:25:06,A,H4,Limestone,12473.2,12429.0,73,53
BATCH-20260812-056,2026-08-12T06:30:00,2026-08-12T06:31:13,2026-08-12T06:31:57,A,H2,Pellet,18448.7,18515.1,73,44
BATCH-20260812-057,2026-08-12T06:33:00,2026-08-12T06:34:15,2026-08-12T06:34:52,A,H3,Pellet,15735.3,15732.7,75,37
BATCH-20260812-058,2026-08-12T06:40:00,2026-08-12T06:41:15,2026-08-12T06:41:59,A,H3,Pellet,17381.1,17378.8,75,44
BATCH-20260812-059,2026-08-12T06:48:00,2026-08-12T06:48:57,2026-08-12T06:49:50,A,H2,Coke,14904.3,14959.7,57,53
BATCH-20260812-060,2026-08-12T06:52:00,2026-08-12T06:52:55,2026-08-12T06:53:37,A,H3,Limestone,15327.9,15392.7,55,42
BATCH-20260812-061,2026-08-12T07:08:00,2026-08-12T07:08:40,2026-08-12T07:09:34,A,H4,Pellet,18804.7,18805.4,40,54
BATCH-20260812-062,2026-08-12T07:17:00,2026-08-12T07:18:27,2026-08-12T07:19:26,A,H4,Coke,17399.6,17397.5,87,59
BATCH-20260812-063,2026-08-12T07:19:00,2026-08-12T07:19:44,2026-08-12T07:20:32,A,H3,Sinter,16228.0,16323.1,44,48
BATCH-20260812-064,2026-08-12T07:21:00,2026-08-12T07:22:20,2026-08-12T07:22:56,A,H4,Coke,16521.7,16457.7,80,36
BATCH-20260812-065,2026-08-12T07:34:00,2026-08-12T07:34:35,2026-08-12T07:35:13,A,H2,Limestone,13457.3,13536.7,35,38
BATCH-20260812-066,2026-08-12T07:35:00,2026-08-12T07:36:08,2026-08-12T07:37:04,A,H2,Limestone,13205.1,13235.5,68,56
BATCH-20260812-067,2026-08-12T07:38:00,2026-08-12T07:38:50,2026-08-12T07:39:11,A,H4,Limestone,10900.3,10933.3,50,21
BATCH-20260812-068,2026-08-12T07:39:00,2026-08-12T07:40:10,2026-08-12T07:41:09,A,H2,Coke,11678.7,11592.3,70,59
BATCH-20260812-069,2026-08-12T07:57:00,2026-08-12T07:57:30,2026-08-12T07:58:06,A,H2,Ore,20222.4,20816.0,30,36
BATCH-20260812-070,2026-08-12T07:58:00,2026-08-12T07:58:47,2026-08-12T07:59:19,A,H2,Limestone,13455.7,13374.3,47,32
BATCH-20260812-071,2026-08-12T08:01:00,2026-08-12T08:01:49,2026-08-12T08:02:15,A,H4,Coke,10139.3,10110.7,49,26
BATCH-20260812-072,2026-08-12T08:08:00,2026-08-12T08:09:15,2026-08-12T08:09:47,A,H1,Ore,18594.7,18527.1,75,32
BATCH-20260812-073,2026-08-12T08:14:00,2026-08-12T08:14:45,2026-08-12T08:15:39,A,H1,Sinter,23765.6,23734.1,45,54
BATCH-20260812-074,2026-08-12T08:15:00,2026-08-12T08:15:31,2026-08-12T08:16:04,A,H4,Limestone,11485.8,11460.1,31,33
BATCH-20260812-075,2026-08-12T08:35:00,2026-08-12T08:36:14,2026-08-12T08:37:05,A,H3,Limestone,12696.4,12707.6,74,51
BATCH-20260812-076,2026-08-12T08:39:00,2026-08-12T08:40:11,2026-08-12T08:41:03,A,H3,Limestone,11720.7,11720.5,71,52
BATCH-20260812-077,2026-08-12T08:40:00,2026-08-12T08:41:15,2026-08-12T08:41:54,A,H1,Pellet,14837.4,14797.3,75,39
BATCH-20260812-078,2026-08-12T08:51:00,2026-08-12T08:51:45,2026-08-12T08:52:13,A,H3,Sinter,16024.7,16094.8,45,28
BATCH-20260812-079,2026-08-12T09:03:00,2026-08-12T09:04:16,2026-08-12T09:04:52,A,H2,Ore,19803.3,19822.0,76,36
BATCH-20260812-080,2026-08-12T09:07:00,2026-08-12T09:07:51,2026-08-12T09:08:32,A,H1,Pellet,19906.4,19896.1,51,41
BATCH-20260812-081,2026-08-12T09:19:00,2026-08-12T09:19:39,2026-08-12T09:20:09,A,H3,Ore,24158.6,24177.6,39,30
BATCH-20260812-082,2026-08-12T09:44:00,2026-08-12T09:44:55,2026-08-12T09:45:42,A,H1,Ore,27055.6,27087.2,55,47
BATCH-20260812-083,2026-08-12T09:45:00,2026-08-12T09:45:39,2026-08-12T09:46:27,A,H3,Pellet,12710.0,12649.8,39,48
BATCH-20260812-084,2026-08-12T10:12:00,2026-08-12T10:13:15,2026-08-12T10:13:46,A,H1,Limestone,13630.9,13694.5,75,31
BATCH-20260812-085,2026-08-12T10:13:00,2026-08-12T10:13:55,2026-08-12T10:14:45,A,H2,Ore,22074.2,22020.2,55,50
BATCH-20260812-086,2026-08-12T10:23:00,2026-08-12T10:23:52,2026-08-12T10:24:21,A,H2,Limestone,12667.9,12721.0,52,29
BATCH-20260812-087,2026-08-12T10:23:00,2026-08-12T10:23:41,2026-08-12T10:24:01,A,H1,Ore,22243.4,22208.1,41,20
BATCH-20260812-088,2026-08-12T10:45:00,2026-08-12T10:46:16,2026-08-12T10:47:13,A,H1,Limestone,15865.6,15871.5,76,57
BATCH-20260812-089,2026-08-12T11:07:00,2026-08-12T11:07:33,2026-08-12T11:08:21,A,H3,Limestone,10900.5,10825.6,33,48
BATCH-20260812-090,2026-08-12T11:10:00,2026-08-12T11:10:58,2026-08-12T11:11:32,A,H4,Limestone,10542.1,10415.4,58,34
BATCH-20260812-091,2026-08-12T11:16:00,2026-08-12T11:16:50,2026-08-12T11:17:49,A,H2,Pellet,15610.9,15614.9,50,59
BATCH-20260812-092,2026-08-12T11:21:00,2026-08-12T11:21:57,2026-08-12T11:22:47,A,H1,Limestone,13271.7,13331.0,57,50
BATCH-20260812-093,2026-08-12T11:24:00,2026-08-12T11:24:44,2026-08-12T11:25:39,A,H4,Coke,11873.1,11931.1,44,55
BATCH-20260812-094,2026-08-12T11:28:00,2026-08-12T11:28:46,2026-08-12T11:29:29,A,H1,Limestone,11043.9,11006.9,46,43
BATCH-20260812-095,2026-08-12T11:40:00,2026-08-12T11:40:43,2026-08-12T11:41:14,A,H3,Sinter,17441.1,17368.0,43,31
BATCH-20260812-096,2026-08-12T11:41:00,2026-08-12T11:42:15,2026-08-12T11:43:14,A,H4,Sinter,24621.6,24620.8,75,59
BATCH-20260812-097,2026-08-12T11:42:00,2026-08-12T11:42:52,2026-08-12T11:43:46,A,H1,Sinter,17837.7,17784.5,52,54
BATCH-20260812-098,2026-08-12T11:56:00,2026-08-12T11:56:35,2026-08-12T11:57:27,A,H3,Ore,22132.4,22075.3,35,52
BATCH-20260812-099,2026-08-12T11:57:00,2026-08-12T11:57:45,2026-08-12T11:58:44,A,H3,Pellet,18602.5,18708.4,45,59
BATCH-20260812-100,2026-08-12T12:07:00,2026-08-12T12:07:58,2026-08-12T12:08:39,A,H2,Coke,15072.8,15031.0,58,41
BATCH-20260812-101,2026-08-12T12:28:00,2026-08-12T12:28:30,2026-08-12T12:28:50,A,H4,Coke,13140.0,13320.8,30,20
BATCH-20260812-102,2026-08-12T12:28:00,2026-08-12T12:28:32,2026-08-12T12:28:58,A,H2,Coke,10006.3,10022.4,32,26
BATCH-20260812-103,2026-08-12T12:30:00,2026-08-12T12:30:34,2026-08-12T12:31:21,A,H1,Sinter,22567.2,22537.5,34,47
BATCH-20260812-104,2026-08-12T12:30:00,2026-08-12T12:31:22,2026-08-12T12:31:57,A,H3,Pellet,20347.6,20372.3,82,35
BATCH-20260812-105,2026-08-12T12:34:00,2026-08-12T12:34:40,2026-08-12T12:35:07,A,H1,Limestone,11192.4,11272.1,40,27
BATCH-20260812-106,2026-08-12T12:35:00,2026-08-12T12:36:25,2026-08-12T12:37:24,A,H2,Limestone,11713.4,11729.2,85,59
BATCH-20260812-107,2026-08-12T12:39:00,2026-08-12T12:40:10,2026-08-12T12:40:39,A,H2,Ore,29582.1,29638.1,70,29
BATCH-20260812-108,2026-08-12T12:59:00,2026-08-12T13:00:00,2026-08-12T13:00:41,A,H1,Ore,21342.5,21294.9,60,41
BATCH-20260812-109,2026-08-12T13:06:00,2026-08-12T13:07:15,2026-08-12T13:07:45,A,H2,Limestone,13056.3,13077.9,75,30
BATCH-20260812-110,2026-08-12T13:07:00,2026-08-12T13:08:27,2026-08-12T13:09:22,A,H4,Ore,20104.1,20137.1,87,55
BATCH-20260812-111,2026-08-12T13:08:00,2026-08-12T13:09:28,2026-08-12T13:10:26,A,H3,Limestone,11244.4,11241.1,88,58
BATCH-20260812-112,2026-08-12T13:11:00,2026-08-12T13:12:25,2026-08-12T13:13:23,A,H3,Limestone,10115.6,10094.2,85,58
BATCH-20260812-113,2026-08-12T13:22:00,2026-08-12T13:22:34,2026-08-12T13:23:02,A,H2,Coke,15869.9,15910.0,34,28
BATCH-20260812-114,2026-08-12T13:27:00,2026-08-12T13:27:54,2026-08-12T13:28:25,A,H2,Ore,18611.0,18529.9,54,31
BATCH-20260812-115,2026-08-12T13:28:00,2026-08-12T13:28:52,2026-08-12T13:29:28,A,H4,Pellet,20634.1,20659.5,52,36
BATCH-20260812-116,2026-08-12T13:47:00,2026-08-12T13:47:52,2026-08-12T13:48:41,A,H2,Limestone,13578.2,13508.1,52,49
BATCH-20260812-117,2026-08-12T13:53:00,2026-08-12T13:53:36,2026-08-12T13:54:32,A,H3,Pellet,13684.0,13665.4,36,56
BATCH-20260812-118,2026-08-12T13:54:00,2026-08-12T13:54:43,2026-08-12T13:55:16,A,H1,Ore,22587.3,22618.2,43,33
BATCH-20260812-119,2026-08-12T14:03:00,2026-08-12T14:04:25,2026-08-12T14:05:09,B,H2,Limestone,11732.4,11703.6,85,44
BATCH-20260812-120,2026-08-12T14:03:00,2026-08-12T14:04:27,2026-08-12T14:04:48,B,H4,Ore,23336.0,23354.9,87,21
BATCH-20260812-121,2026-08-12T14:06:00,2026-08-12T14:07:12,2026-08-12T14:07:58,B,H3,Sinter,17515.8,17493.1,72,46
BATCH-20260812-122,2026-08-12T14:17:00,2026-08-12T14:17:41,2026-08-12T14:18:39,B,H3,Limestone,12409.9,12474.4,41,58
BATCH-20260812-123,2026-08-12T14:21:00,2026-08-12T14:22:15,2026-08-12T14:22:47,B,H1,Pellet,18419.7,18490.4,75,32
BATCH-20260812-124,2026-08-12T14:25:00,2026-08-12T14:26:21,2026-08-12T14:26:42,B,H3,Coke,16285.6,16286.2,81,21
BATCH-20260812-125,2026-08-12T14:27:00,2026-08-12T14:27:55,2026-08-12T14:28:27,B,H4,Pellet,15087.8,15158.8,55,32
BATCH-20260812-126,2026-08-12T14:32:00,2026-08-12T14:33:15,2026-08-12T14:33:41,B,H1,Ore,25057.7,25042.8,75,26
BATCH-20260812-127,2026-08-12T14:34:00,2026-08-12T14:35:04,2026-08-12T14:35:33,B,H3,Pellet,14154.4,14124.7,64,29
BATCH-20260812-128,2026-08-12T14:38:00,2026-08-12T14:38:32,2026-08-12T14:39:25,B,H2,Pellet,18503.0,18392.1,32,53
BATCH-20260812-129,2026-08-12T14:53:00,2026-08-12T14:53:52,2026-08-12T14:54:29,B,H3,Sinter,22363.6,22371.6,52,37
BATCH-20260812-130,2026-08-12T15:00:00,2026-08-12T15:01:21,2026-08-12T15:01:43,B,H2,Pellet,21654.2,21632.1,81,22
BATCH-20260812-131,2026-08-12T15:01:00,2026-08-12T15:02:06,2026-08-12T15:02:26,B,H2,Pellet,21554.7,21550.9,66,20
BATCH-20260812-132,2026-08-12T15:24:00,2026-08-12T15:25:20,2026-08-12T15:25:58,B,H3,Coke,10073.1,10091.7,80,38
BATCH-20260812-133,2026-08-12T15:26:00,2026-08-12T15:27:28,2026-08-12T15:28:07,B,H3,Pellet,13086.4,13073.2,88,39
BATCH-20260812-134,2026-08-12T15:34:00,2026-08-12T15:35:20,2026-08-12T15:35:48,B,H4,Pellet,16139.8,16082.3,80,28
BATCH-20260812-135,2026-08-12T15:43:00,2026-08-12T15:43:52,2026-08-12T15:44:52,B,H3,Ore,24840.6,24886.8,52,60
BATCH-20260812-136,2026-08-12T15:44:00,2026-08-12T15:44:40,2026-08-12T15:45:37,B,H2,Ore,21613.6,21638.3,40,57
BATCH-20260812-137,2026-08-12T15:49:00,2026-08-12T15:50:28,2026-08-12T15:51:18,B,H2,Limestone,15657.1,15589.7,88,50
BATCH-20260812-138,2026-08-12T16:03:00,2026-08-12T16:04:15,2026-08-12T16:04:38,B,H3,Coke,13906.3,13934.1,75,23
BATCH-20260812-139,2026-08-12T16:06:00,2026-08-12T16:07:10,2026-08-12T16:07:57,B,H2,Sinter,15931.6,15838.6,70,47
BATCH-20260812-140,2026-08-12T16:12:00,2026-08-12T16:13:25,2026-08-12T16:13:45,B,H3,Sinter,19415.0,19402.4,85,20
BATCH-20260812-141,2026-08-12T16:15:00,2026-08-12T16:15:30,2026-08-12T16:16:03,B,H4,Sinter,17003.4,16964.5,30,33
BATCH-20260812-142,2026-08-12T16:18:00,2026-08-12T16:19:07,2026-08-12T16:20:07,B,H4,Ore,18333.6,18293.0,67,60
BATCH-20260812-143,2026-08-12T16:26:00,2026-08-12T16:27:13,2026-08-12T16:27:34,B,H1,Coke,12777.2,12736.9,73,21
BATCH-20260812-144,2026-08-12T16:34:00,2026-08-12T16:35:19,2026-08-12T16:36:17,B,H4,Ore,26511.3,26507.3,79,58
BATCH-20260812-145,2026-08-12T16:38:00,2026-08-12T16:38:52,2026-08-12T16:39:14,B,H3,Pellet,17431.5,17419.1,52,22
BATCH-20260812-146,2026-08-12T16:38:00,2026-08-12T16:38:40,2026-08-12T16:39:24,B,H3,Ore,29914.5,29902.2,40,44
BATCH-20260812-147,2026-08-12T17:01:00,2026-08-12T17:02:09,2026-08-12T17:02:44,B,H1,Ore,24087.9,24088.7,69,35
BATCH-20260812-148,2026-08-12T17:02:00,2026-08-12T17:03:24,2026-08-12T17:04:06,B,H1,Ore,27949.1,27956.6,84,42
BATCH-20260812-149,2026-08-12T17:09:00,2026-08-12T17:09:38,2026-08-12T17:10:35,B,H3,Ore,29622.5,29664.2,38,57
BATCH-20260812-150,2026-08-12T17:10:00,2026-08-12T17:11:03,2026-08-12T17:11:40,B,H4,Pellet,18561.2,18573.0,63,37
BATCH-20260812-151,2026-08-12T17:16:00,2026-08-12T17:16:35,2026-08-12T17:17:16,B,H3,Ore,25091.6,25015.2,35,41
BATCH-20260812-152,2026-08-12T17:20:00,2026-08-12T17:20:54,2026-08-12T17:21:39,B,H4,Coke,12144.4,12126.0,54,45
BATCH-20260812-153,2026-08-12T17:25:00,2026-08-12T17:25:56,2026-08-12T17:26:28,B,H2,Limestone,15946.4,15881.2,56,32
BATCH-20260812-154,2026-08-12T17:29:00,2026-08-12T17:30:12,2026-08-12T17:30:57,B,H4,Limestone,13264.1,13321.0,72,45
BATCH-20260812-155,2026-08-12T17:29:00,2026-08-12T17:30:09,2026-08-12T17:30:35,B,H3,Ore,19962.0,19983.0,69,26
BATCH-20260812-156,2026-08-12T17:48:00,2026-08-12T17:49:30,2026-08-12T17:50:29,B,H2,Sinter,16943.4,17012.4,90,59
BATCH-20260812-157,2026-08-12T17:56:00,2026-08-12T17:56:49,2026-08-12T17:57:26,B,H2,Pellet,14923.2,14920.5,49,37
BATCH-20260812-158,2026-08-12T18:02:00,2026-08-12T18:03:22,2026-08-12T18:04:15,B,H2,Sinter,21741.4,21750.3,82,53
BATCH-20260812-159,2026-08-12T18:36:00,2026-08-12T18:37:29,2026-08-12T18:38:04,B,H4,Ore,26944.4,26947.7,89,35
BATCH-20260812-160,2026-08-12T18:51:00,2026-08-12T18:51:36,2026-08-12T18:52:02,B,H2,Limestone,15352.8,15346.9,36,26
BATCH-20260812-161,2026-08-12T18:52:00,2026-08-12T18:53:02,2026-08-12T18:53:45,B,H4,Ore,27788.8,27761.3,62,43
BATCH-20260812-162,2026-08-12T19:00:00,2026-08-12T19:00:58,2026-08-12T19:01:53,B,H1,Sinter,23272.7,23272.7,58,55
BATCH-20260812-163,2026-08-12T19:02:00,2026-08-12T19:02:45,2026-08-12T19:03:42,B,H3,Limestone,11115.4,11133.0,45,57
BATCH-20260812-164,2026-08-12T19:03:00,2026-08-12T19:04:16,2026-08-12T19:05:09,B,H1,Coke,15343.1,15368.7,76,53
BATCH-20260812-165,2026-08-12T19:08:00,2026-08-12T19:08:40,2026-08-12T19:09:07,B,H2,Coke,14108.0,14121.7,40,27
BATCH-20260812-166,2026-08-12T19:15:00,2026-08-12T19:15:46,2026-08-12T19:16:44,B,H1,Limestone,13031.0,13044.1,46,58
BATCH-20260812-167,2026-08-12T19:18:00,2026-08-12T19:19:01,2026-08-12T19:19:55,B,H2,Ore,27975.2,27980.8,61,54
BATCH-20260812-168,2026-08-12T19:31:00,2026-08-12T19:31:53,2026-08-12T19:32:16,B,H4,Coke,12791.1,12795.5,53,23
BATCH-20260812-169,2026-08-12T19:32:00,2026-08-12T19:32:35,2026-08-12T19:33:15,B,H2,Ore,19987.7,20020.3,35,40
BATCH-20260812-170,2026-08-12T19:32:00,2026-08-12T19:33:24,2026-08-12T19:33:49,B,H2,Limestone,11948.6,11896.9,84,25
BATCH-20260812-171,2026-08-12T19:34:00,2026-08-12T19:34:47,2026-08-12T19:35:44,B,H4,Pellet,15761.6,15763.9,47,57
BATCH-20260812-172,2026-08-12T19:35:00,2026-08-12T19:35:53,2026-08-12T19:36:36,B,H2,Pellet,13124.0,13182.4,53,43
BATCH-20260812-173,2026-08-12T20:22:00,2026-08-12T20:22:46,2026-08-12T20:23:34,B,H3,Ore,18570.7,18529.1,46,48
BATCH-20260812-174,2026-08-12T20:32:00,2026-08-12T20:33:15,2026-08-12T20:33:57,B,H4,Coke,12834.7,12810.6,75,42
BATCH-20260812-175,2026-08-12T20:38:00,2026-08-12T20:38:35,2026-08-12T20:39:21,B,H1,Ore,22503.3,22547.0,35,46
BATCH-20260812-176,2026-08-12T20:39:00,2026-08-12T20:39:46,2026-08-12T20:40:31,B,H3,Sinter,20752.9,20748.5,46,45
BATCH-20260812-177,2026-08-12T20:52:00,2026-08-12T20:52:35,2026-08-12T20:53:27,B,H3,Limestone,11548.3,11575.4,35,52
BATCH-20260812-178,2026-08-12T20:52:00,2026-08-12T20:53:27,2026-08-12T20:54:17,B,H1,Coke,15624.7,15594.7,87,50
BATCH-20260812-179,2026-08-12T21:00:00,2026-08-12T21:01:25,2026-08-12T21:02:12,B,H2,Coke,17376.7,17381.9,85,47
BATCH-20260812-180,2026-08-12T21:07:00,2026-08-12T21:07:39,2026-08-12T21:08:14,B,H2,Limestone,14327.0,14349.0,39,35
BATCH-20260812-181,2026-08-12T21:10:00,2026-08-12T21:10:41,2026-08-12T21:11:10,B,H4,Limestone,13558.9,13658.3,41,29
BATCH-20260812-182,2026-08-12T21:23:00,2026-08-12T21:23:51,2026-08-12T21:24:41,B,H3,Limestone,12186.2,12168.5,51,50
BATCH-20260812-183,2026-08-12T21:37:00,2026-08-12T21:38:29,2026-08-12T21:38:52,B,H3,Sinter,18562.5,18614.6,89,23
BATCH-20260812-184,2026-08-12T21:40:00,2026-08-12T21:40:49,2026-08-12T21:41:39,B,H4,Ore,19088.5,19089.0,49,50
BATCH-20260812-185,2026-08-12T21:42:00,2026-08-12T21:42:57,2026-08-12T21:43:33,B,H3,Coke,11901.8,11866.6,57,36
BATCH-20260812-186,2026-08-12T21:47:00,2026-08-12T21:48:13,2026-08-12T21:48:44,B,H3,Limestone,10301.7,10339.5,73,31
BATCH-20260812-187,2026-08-12T22:02:00,2026-08-12T22:02:37,2026-08-12T22:03:16,C,H2,Ore,23705.4,23772.9,37,39
BATCH-20260812-188,2026-08-12T22:18:00,2026-08-12T22:18:36,2026-08-12T22:18:57,C,H4,Limestone,14139.5,14128.5,36,21
BATCH-20260812-189,2026-08-12T22:29:00,2026-08-12T22:29:33,2026-08-12T22:30:10,C,H3,Sinter,17651.8,17611.9,33,37
BATCH-20260812-190,2026-08-12T22:38:00,2026-08-12T22:39:27,2026-08-12T22:40:02,C,H1,Pellet,19108.5,19152.1,87,35
BATCH-20260812-191,2026-08-12T22:42:00,2026-08-12T22:42:44,2026-08-12T22:43:15,C,H4,Ore,27865.7,27809.4,44,31
BATCH-20260812-192,2026-08-12T22:46:00,2026-08-12T22:46:52,2026-08-12T22:47:15,C,H1,Limestone,10115.5,10060.9,52,23
BATCH-20260812-193,2026-08-12T22:48:00,2026-08-12T22:48:43,2026-08-12T22:49:03,C,H3,Sinter,23041.9,23061.1,43,20
BATCH-20260812-194,2026-08-12T22:56:00,2026-08-12T22:56:54,2026-08-12T22:57:37,C,H1,Ore,27021.1,27114.4,54,43
BATCH-20260812-195,2026-08-12T22:58:00,2026-08-12T22:58:54,2026-08-12T22:59:43,C,H4,Limestone,15823.9,15819.8,54,49
BATCH-20260812-196,2026-08-12T23:21:00,2026-08-12T23:22:05,2026-08-12T23:22:28,C,H2,Limestone,10726.2,10725.9,65,23
BATCH-20260812-197,2026-08-12T23:28:00,2026-08-12T23:28:36,2026-08-12T23:29:00,C,H3,Sinter,24678.0,24759.1,36,24
BATCH-20260812-198,2026-08-12T23:29:00,2026-08-12T23:30:05,2026-08-12T23:30:34,C,H1,Pellet,12612.7,12543.3,65,29
BATCH-20260812-199,2026-08-12T23:30:00,2026-08-12T23:30:56,2026-08-12T23:31:26,C,H4,Sinter,20425.5,20331.4,56,30
BATCH-20260812-200,2026-08-12T23:34:00,2026-08-12T23:34:42,2026-08-12T23:35:16,C,H1,Coke,17370.2,17330.6,42,34
BATCH-20260813-001,2026-08-13T00:01:00,2026-08-13T00:02:04,2026-08-13T00:02:32,C,H1,Coke,14685.9,14637.2,64,28
BATCH-20260813-002,2026-08-13T00:20:00,2026-08-13T00:20:56,2026-08-13T00:21:21,C,H4,Limestone,14289.3,14256.4,56,25
BATCH-20260813-003,2026-08-13T00:31:00,2026-08-13T00:31:46,2026-08-13T00:32:26,C,H2,Ore,28571.4,27829.9,46,40
BATCH-20260813-004,2026-08-13T00:38:00,2026-08-13T00:39:07,2026-08-13T00:39:42,C,H3,Pellet,17345.4,17351.2,67,35
BATCH-20260813-005,2026-08-13T00:42:00,2026-08-13T00:43:09,2026-08-13T00:43:46,C,H1,Sinter,22267.0,22220.8,69,37
BATCH-20260813-006,2026-08-13T00:47:00,2026-08-13T00:47:52,2026-08-13T00:48:40,C,H2,Limestone,13566.1,13564.8,52,48
BATCH-20260813-007,2026-08-13T00:48:00,2026-08-13T00:48:50,2026-08-13T00:49:43,C,H2,Coke,17234.0,17214.3,50,53
BATCH-20260813-008,2026-08-13T00:50:00,2026-08-13T00:51:29,2026-08-13T00:52:04,C,H4,Sinter,23161.6,23183.3,89,35
BATCH-20260813-009,2026-08-13T01:14:00,2026-08-13T01:15:22,2026-08-13T01:15:42,C,H1,Coke,11840.1,12089.6,82,20
BATCH-20260813-010,2026-08-13T01:15:00,2026-08-13T01:15:40,2026-08-13T01:16:30,C,H4,Sinter,24054.9,24090.5,40,50
BATCH-20260813-011,2026-08-13T01:23:00,2026-08-13T01:24:10,2026-08-13T01:25:07,C,H2,Sinter,16934.4,17028.9,70,57
BATCH-20260813-012,2026-08-13T01:31:00,2026-08-13T01:32:15,2026-08-13T01:32:57,C,H4,Ore,21011.5,20959.1,75,42
BATCH-20260813-013,2026-08-13T01:37:00,2026-08-13T01:37:58,2026-08-13T01:38:44,C,H1,Coke,13561.0,13645.8,58,46
BATCH-20260813-014,2026-08-13T01:40:00,2026-08-13T01:41:13,2026-08-13T01:42:02,C,H2,Ore,18075.2,18105.1,73,49
BATCH-20260813-015,2026-08-13T01:45:00,2026-08-13T01:45:43,2026-08-13T01:46:24,C,H1,Pellet,13146.2,13141.1,43,41
BATCH-20260813-016,2026-08-13T01:53:00,2026-08-13T01:53:41,2026-08-13T01:54:28,C,H2,Ore,18046.9,18057.8,41,47
BATCH-20260813-017,2026-08-13T02:06:00,2026-08-13T02:06:31,2026-08-13T02:07:24,C,H2,Ore,20546.3,20514.2,31,53
BATCH-20260813-018,2026-08-13T02:18:00,2026-08-13T02:19:18,2026-08-13T02:20:17,C,H1,Sinter,19648.9,19612.9,78,59
BATCH-20260813-019,2026-08-13T02:39:00,2026-08-13T02:40:08,2026-08-13T02:41:07,C,H1,Sinter,21592.5,21533.9,68,59
BATCH-20260813-020,2026-08-13T02:40:00,2026-08-13T02:41:28,2026-08-13T02:42:18,C,H2,Sinter,21954.5,21958.1,88,50
BATCH-20260813-021,2026-08-13T02:54:00,2026-08-13T02:55:11,2026-08-13T02:56:11,C,H1,Pellet,16210.5,16180.7,71,60
BATCH-20260813-022,2026-08-13T03:00:00,2026-08-13T03:01:18,2026-08-13T03:01:56,C,H3,Limestone,15179.8,15212.2,78,38
BATCH-20260813-023,2026-08-13T03:36:00,2026-08-13T03:37:01,2026-08-13T03:37:30,C,H4,Sinter,22288.0,22278.3,61,29
BATCH-20260813-024,2026-08-13T03:41:00,2026-08-13T03:41:30,2026-08-13T03:42:08,C,H2,Limestone,12039.1,12050.5,30,38
BATCH-20260813-025,2026-08-13T03:56:00,2026-08-13T03:57:28,2026-08-13T03:58:10,C,H4,Limestone,13103.3,13071.9,88,42
BATCH-20260813-026,2026-08-13T04:11:00,2026-08-13T04:12:15,2026-08-13T04:12:43,C,H2,Pellet,13695.7,13753.8,75,28
BATCH-20260813-027,2026-08-13T04:14:00,2026-08-13T04:15:24,2026-08-13T04:15:59,C,H2,Limestone,10153.8,10128.7,84,35
BATCH-20260813-028,2026-08-13T04:17:00,2026-08-13T04:18:19,2026-08-13T04:18:44,C,H3,Limestone,13811.2,13820.8,79,25
BATCH-20260813-029,2026-08-13T04:24:00,2026-08-13T04:24:59,2026-08-13T04:25:38,C,H1,Ore,19801.7,19771.8,59,39
BATCH-20260813-030,2026-08-13T04:28:00,2026-08-13T04:28:43,2026-08-13T04:29:37,C,H1,Pellet,14051.6,14113.9,43,54
BATCH-20260813-031,2026-08-13T04:29:00,2026-08-13T04:30:18,2026-08-13T04:30:59,C,H2,Pellet,15000.6,15011.4,78,41
BATCH-20260813-032,2026-08-13T04:30:00,2026-08-13T04:31:07,2026-08-13T04:31:27,C,H3,Sinter,16494.7,16425.2,67,20
BATCH-20260813-033,2026-08-13T04:39:00,2026-08-13T04:39:41,2026-08-13T04:40:31,C,H3,Ore,23590.2,23568.7,41,50
BATCH-20260813-034,2026-08-13T04:43:00,2026-08-13T04:43:39,2026-08-13T04:44:16,C,H2,Pellet,16118.5,16063.7,39,37
BATCH-20260813-035,2026-08-13T04:50:00,2026-08-13T04:50:45,2026-08-13T04:51:31,C,H2,Coke,12551.4,12517.6,45,46
BATCH-20260813-036,2026-08-13T04:51:00,2026-08-13T04:52:20,2026-08-13T04:52:42,C,H4,Coke,15886.4,15778.9,80,22
BATCH-20260813-037,2026-08-13T04:58:00,2026-08-13T04:59:14,2026-08-13T04:59:35,C,H2,Coke,12536.3,12529.9,74,21
BATCH-20260813-038,2026-08-13T04:58:00,2026-08-13T04:58:32,2026-08-13T04:59:28,C,H4,Limestone,15212.7,15185.4,32,56
BATCH-20260813-039,2026-08-13T05:11:00,2026-08-13T05:12:23,2026-08-13T05:13:23,C,H1,Pellet,20925.3,20952.9,83,60
BATCH-20260813-040,2026-08-13T05:17:00,2026-08-13T05:17:36,2026-08-13T05:18:01,C,H3,Pellet,14783.7,14809.1,36,25
BATCH-20260813-041,2026-08-13T05:18:00,2026-08-13T05:19:17,2026-08-13T05:20:03,C,H4,Coke,14763.8,14754.4,77,46
BATCH-20260813-042,2026-08-13T05:37:00,2026-08-13T05:38:27,2026-08-13T05:38:50,C,H1,Coke,12126.7,12103.1,87,23
BATCH-20260813-043,2026-08-13T05:39:00,2026-08-13T05:40:22,2026-08-13T05:40:48,C,H1,Pellet,19813.4,19857.1,82,26
BATCH-20260813-044,2026-08-13T05:51:00,2026-08-13T05:52:17,2026-08-13T05:52:43,C,H1,Ore,24484.5,24495.8,77,26
BATCH-20260813-045,2026-08-13T05:57:00,2026-08-13T05:57:32,2026-08-13T05:58:13,C,H3,Ore,20856.4,20823.8,32,41
BATCH-20260813-046,2026-08-13T05:57:00,2026-08-13T05:58:07,2026-08-13T05:58:57,C,H1,Pellet,12811.6,12819.9,67,50
BATCH-20260813-047,2026-08-13T06:19:00,2026-08-13T06:19:35,2026-08-13T06:20:23,A,H4,Limestone,11563.3,11540.5,35,48
BATCH-20260813-048,2026-08-13T06:27:00,2026-08-13T06:28:01,2026-08-13T06:28:47,A,H3,Ore,19806.4,19838.9,61,46
BATCH-20260813-049,2026-08-13T06:30:00,2026-08-13T06:31:24,2026-08-13T06:31:56,A,H4,Sinter,16017.2,16070.6,84,32
BATCH-20260813-050,2026-08-13T06:45:00,2026-08-13T06:45:54,2026-08-13T06:46:45,A,H3,Coke,10292.7,10255.7,54,51
BATCH-20260813-051,2026-08-13T07:04:00,2026-08-13T07:05:17,2026-08-13T07:06:03,A,H1,Sinter,21138.8,21127.9,77,46
BATCH-20260813-052,2026-08-13T07:08:00,2026-08-13T07:08:47,2026-08-13T07:09:26,A,H2,Pellet,16289.6,16305.1,47,39
BATCH-20260813-053,2026-08-13T07:12:00,2026-08-13T07:12:34,2026-08-13T07:13:10,A,H3,Sinter,19021.0,18970.4,34,36
BATCH-20260813-054,2026-08-13T07:14:00,2026-08-13T07:14:32,2026-08-13T07:15:20,A,H2,Ore,29981.6,29957.9,32,48
BATCH-20260813-055,2026-08-13T07:15:00,2026-08-13T07:16:24,2026-08-13T07:16:57,A,H3,Coke,13586.9,13569.3,84,33
BATCH-20260813-056,2026-08-13T07:40:00,2026-08-13T07:41:24,2026-08-13T07:42:04,A,H3,Pellet,13166.7,13141.9,84,40
BATCH-20260813-057,2026-08-13T07:49:00,2026-08-13T07:49:39,2026-08-13T07:50:24,A,H2,Pellet,19692.4,19730.4,39,45
BATCH-20260813-058,2026-08-13T08:01:00,2026-08-13T08:01:31,2026-08-13T08:02:06,A,H3,Pellet,13705.1,13710.3,31,35
BATCH-20260813-059,2026-08-13T08:07:00,2026-08-13T08:08:19,2026-08-13T08:09:18,A,H4,Limestone,14778.1,14836.9,79,59
BATCH-20260813-060,2026-08-13T08:26:00,2026-08-13T08:27:26,2026-08-13T08:28:11,A,H1,Sinter,17799.5,17804.8,86,45
BATCH-20260813-061,2026-08-13T08:29:00,2026-08-13T08:29:51,2026-08-13T08:30:36,A,H2,Ore,18136.6,18131.5,51,45
BATCH-20260813-062,2026-08-13T08:33:00,2026-08-13T08:34:00,2026-08-13T08:34:54,A,H1,Ore,29016.8,28957.2,60,54
BATCH-20260813-063,2026-08-13T08:35:00,2026-08-13T08:36:04,2026-08-13T08:36:56,A,H4,Ore,20808.0,20826.5,64,52
BATCH-20260813-064,2026-08-13T08:38:00,2026-08-13T08:38:40,2026-08-13T08:39:28,A,H2,Pellet,17813.1,17772.8,40,48
BATCH-20260813-065,2026-08-13T08:51:00,2026-08-13T08:52:18,2026-08-13T08:52:41,A,H2,Limestone,14502.6,14473.2,78,23
BATCH-20260813-066,2026-08-13T09:09:00,2026-08-13T09:10:11,2026-08-13T09:10:54,A,H2,Coke,11617.6,11615.6,71,43
BATCH-20260813-067,2026-08-13T09:13:00,2026-08-13T09:14:16,2026-08-13T09:15:03,A,H3,Sinter,18633.4,18912.0,76,47
BATCH-20260813-068,2026-08-13T09:14:00,2026-08-13T09:15:09,2026-08-13T09:15:34,A,H2,Pellet,21425.4,21259.7,69,25
BATCH-20260813-069,2026-08-13T09:16:00,2026-08-13T09:17:21,2026-08-13T09:18:09,A,H4,Sinter,16336.0,16335.7,81,48
BATCH-20260813-070,2026-08-13T09:20:00,2026-08-13T09:20:54,2026-08-13T09:21:44,A,H4,Ore,21938.1,21937.7,54,50
BATCH-20260813-071,2026-08-13T09:33:00,2026-08-13T09:33:52,2026-08-13T09:34:41,A,H1,Coke,14051.1,14088.5,52,49
BATCH-20260813-072,2026-08-13T09:44:00,2026-08-13T09:44:52,2026-08-13T09:45:14,A,H3,Coke,10523.2,10517.4,52,22
BATCH-20260813-073,2026-08-13T09:51:00,2026-08-13T09:52:01,2026-08-13T09:52:55,A,H2,Limestone,10611.5,10656.4,61,54
BATCH-20260813-074,2026-08-13T09:54:00,2026-08-13T09:54:58,2026-08-13T09:55:58,A,H1,Limestone,15863.3,15853.8,58,60
BATCH-20260813-075,2026-08-13T10:01:00,2026-08-13T10:02:29,2026-08-13T10:03:05,A,H3,Ore,25159.2,25222.0,89,36
BATCH-20260813-076,2026-08-13T10:07:00,2026-08-13T10:07:33,2026-08-13T10:08:06,A,H2,Pellet,18800.7,18732.4,33,33
BATCH-20260813-077,2026-08-13T10:15:00,2026-08-13T10:16:18,2026-08-13T10:16:57,A,H4,Pellet,14771.1,14837.8,78,39
BATCH-20260813-078,2026-08-13T10:18:00,2026-08-13T10:18:57,2026-08-13T10:19:24,A,H2,Pellet,13759.4,13665.2,57,27
BATCH-20260813-079,2026-08-13T10:22:00,2026-08-13T10:23:16,2026-08-13T10:24:16,A,H4,Pellet,13955.7,13973.8,76,60
BATCH-20260813-080,2026-08-13T10:25:00,2026-08-13T10:25:44,2026-08-13T10:26:09,A,H4,Pellet,18931.8,18912.0,44,25
BATCH-20260813-081,2026-08-13T10:29:00,2026-08-13T10:30:23,2026-08-13T10:30:49,A,H2,Coke,11076.7,11115.7,83,26
BATCH-20260813-082,2026-08-13T10:30:00,2026-08-13T10:30:53,2026-08-13T10:31:13,A,H3,Ore,24859.6,24863.9,53,20
BATCH-20260813-083,2026-08-13T10:35:00,2026-08-13T10:35:47,2026-08-13T10:36:37,A,H2,Pellet,13385.7,13376.0,47,50
BATCH-20260813-084,2026-08-13T10:39:00,2026-08-13T10:40:08,2026-08-13T10:41:00,A,H1,Ore,23131.8,23139.3,68,52
BATCH-20260813-085,2026-08-13T10:45:00,2026-08-13T10:45:40,2026-08-13T10:46:01,A,H3,Coke,10670.5,10643.5,40,21
BATCH-20260813-086,2026-08-13T10:46:00,2026-08-13T10:46:44,2026-08-13T10:47:43,A,H3,Sinter,22435.6,22475.8,44,59
BATCH-20260813-087,2026-08-13T10:52:00,2026-08-13T10:53:17,2026-08-13T10:53:51,A,H1,Ore,20050.4,20070.2,77,34
BATCH-20260813-088,2026-08-13T10:54:00,2026-08-13T10:55:09,2026-08-13T10:55:32,A,H3,Coke,12412.6,12421.2,69,23
BATCH-20260813-089,2026-08-13T10:57:00,2026-08-13T10:57:46,2026-08-13T10:58:08,A,H2,Sinter,22642.4,22592.5,46,22
BATCH-20260813-090,2026-08-13T10:58:00,2026-08-13T10:58:51,2026-08-13T10:59:35,A,H1,Pellet,13329.8,13322.5,51,44
BATCH-20260813-091,2026-08-13T10:59:00,2026-08-13T10:59:49,2026-08-13T11:00:34,A,H2,Limestone,14147.9,14199.1,49,45
BATCH-20260813-092,2026-08-13T11:02:00,2026-08-13T11:02:45,2026-08-13T11:03:40,A,H4,Sinter,23021.8,22932.3,45,55
BATCH-20260813-093,2026-08-13T11:06:00,2026-08-13T11:06:49,2026-08-13T11:07:13,A,H2,Limestone,15323.6,15276.2,49,24
BATCH-20260813-094,2026-08-13T11:06:00,2026-08-13T11:07:07,2026-08-13T11:07:46,A,H4,Pellet,21096.7,21129.9,67,39
BATCH-20260813-095,2026-08-13T11:09:00,2026-08-13T11:09:48,2026-08-13T11:10:12,A,H3,Ore,29519.1,29556.8,48,24
BATCH-20260813-096,2026-08-13T11:18:00,2026-08-13T11:19:30,2026-08-13T11:20:12,A,H1,Sinter,19745.8,19742.4,90,42
BATCH-20260813-097,2026-08-13T11:20:00,2026-08-13T11:21:26,2026-08-13T11:22:25,A,H3,Sinter,18543.9,18630.8,86,59
BATCH-20260813-098,2026-08-13T11:22:00,2026-08-13T11:22:42,2026-08-13T11:23:18,A,H3,Limestone,15139.3,15132.8,42,36
BATCH-20260813-099,2026-08-13T11:49:00,2026-08-13T11:49:30,2026-08-13T11:50:16,A,H3,Pellet,18749.8,18906.7,30,46
BATCH-20260813-100,2026-08-13T11:49:00,2026-08-13T11:49:48,2026-08-13T11:50:12,A,H2,Ore,28610.5,28590.7,48,24
BATCH-20260813-101,2026-08-13T12:07:00,2026-08-13T12:08:02,2026-08-13T12:08:41,A,H3,Ore,25950.8,25864.4,62,39
BATCH-20260813-102,2026-08-13T12:21:00,2026-08-13T12:22:26,2026-08-13T12:23:08,A,H3,Coke,14751.5,14642.0,86,42
BATCH-20260813-103,2026-08-13T12:27:00,2026-08-13T12:27:54,2026-08-13T12:28:25,A,H2,Coke,12480.1,12503.2,54,31
BATCH-20260813-104,2026-08-13T12:27:00,2026-08-13T12:28:18,2026-08-13T12:28:59,A,H2,Sinter,23827.7,23794.7,78,41
BATCH-20260813-105,2026-08-13T12:36:00,2026-08-13T12:37:16,2026-08-13T12:37:43,A,H3,Sinter,23796.7,23862.5,76,27
BATCH-20260813-106,2026-08-13T12:36:00,2026-08-13T12:36:56,2026-08-13T12:37:27,A,H1,Pellet,16492.0,16633.8,56,31
BATCH-20260813-107,2026-08-13T12:38:00,2026-08-13T12:39:08,2026-08-13T12:39:33,A,H3,Sinter,18308.9,18302.2,68,25
BATCH-20260813-108,2026-08-13T12:55:00,2026-08-13T12:56:18,2026-08-13T12:57:02,A,H2,Pellet,18715.2,18688.5,78,44
BATCH-20260813-109,2026-08-13T13:01:00,2026-08-13T13:02:23,2026-08-13T13:03:06,A,H1,Pellet,13221.0,13122.8,83,43
BATCH-20260813-110,2026-08-13T13:08:00,2026-08-13T13:08:48,2026-08-13T13:09:21,A,H2,Pellet,21605.4,21594.8,48,33
BATCH-20260813-111,2026-08-13T13:09:00,2026-08-13T13:10:25,2026-08-13T13:10:45,A,H1,Coke,10785.8,10848.2,85,20
BATCH-20260813-112,2026-08-13T13:14:00,2026-08-13T13:15:21,2026-08-13T13:15:51,A,H2,Coke,14169.3,14189.7,81,30
BATCH-20260813-113,2026-08-13T13:23:00,2026-08-13T13:23:39,2026-08-13T13:24:31,A,H4,Coke,15841.5,15861.0,39,52
BATCH-20260813-114,2026-08-13T13:28:00,2026-08-13T13:29:15,2026-08-13T13:29:47,A,H2,Sinter,18355.2,18389.4,75,32
BATCH-20260813-115,2026-08-13T13:36:00,2026-08-13T13:37:03,2026-08-13T13:37:36,A,H4,Sinter,24772.1,24821.8,63,33
BATCH-20260813-116,2026-08-13T13:38:00,2026-08-13T13:39:04,2026-08-13T13:39:57,A,H3,Pellet,18734.1,18730.7,64,53
BATCH-20260813-117,2026-08-13T13:41:00,2026-08-13T13:42:08,2026-08-13T13:43:05,A,H1,Ore,19463.3,19493.6,68,57
BATCH-20260813-118,2026-08-13T13:43:00,2026-08-13T13:43:42,2026-08-13T13:44:06,A,H1,Coke,11129.8,11118.1,42,24
BATCH-20260813-119,2026-08-13T13:55:00,2026-08-13T13:56:30,2026-08-13T13:56:53,A,H3,Pellet,14498.1,14509.5,90,23
BATCH-20260813-120,2026-08-13T14:07:00,2026-08-13T14:07:59,2026-08-13T14:08:59,B,H1,Ore,27417.8,27367.7,59,60
BATCH-20260813-121,2026-08-13T14:14:00,2026-08-13T14:15:17,2026-08-13T14:15:39,B,H4,Ore,19535.2,19580.8,77,22
BATCH-20260813-122,2026-08-13T14:21:00,2026-08-13T14:21:53,2026-08-13T14:22:21,B,H1,Coke,14774.3,14740.4,53,28
BATCH-20260813-123,2026-08-13T14:43:00,2026-08-13T14:43:59,2026-08-13T14:44:57,B,H3,Limestone,10083.5,10043.3,59,58
BATCH-20260813-124,2026-08-13T14:49:00,2026-08-13T14:50:13,2026-08-13T14:50:42,B,H4,Pellet,19981.1,19977.0,73,29
BATCH-20260813-125,2026-08-13T14:51:00,2026-08-13T14:51:32,2026-08-13T14:52:07,B,H1,Sinter,17018.5,17005.9,32,35
BATCH-20260813-126,2026-08-13T14:55:00,2026-08-13T14:55:37,2026-08-13T14:56:00,B,H3,Coke,14928.0,14859.6,37,23
BATCH-20260813-127,2026-08-13T14:57:00,2026-08-13T14:58:30,2026-08-13T14:59:09,B,H2,Ore,27369.9,27409.5,90,39
BATCH-20260813-128,2026-08-13T15:03:00,2026-08-13T15:04:02,2026-08-13T15:04:59,B,H2,Coke,16626.6,16740.3,62,57
BATCH-20260813-129,2026-08-13T15:07:00,2026-08-13T15:08:10,2026-08-13T15:08:53,B,H1,Sinter,22773.2,22753.2,70,43
BATCH-20260813-130,2026-08-13T15:24:00,2026-08-13T15:25:18,2026-08-13T15:26:09,B,H1,Coke,16086.3,16056.5,78,51
BATCH-20260813-131,2026-08-13T15:26:00,2026-08-13T15:27:22,2026-08-13T15:28:22,B,H4,Limestone,15432.2,15422.5,82,60
BATCH-20260813-132,2026-08-13T15:30:00,2026-08-13T15:31:11,2026-08-13T15:31:39,B,H1,Limestone,15543.9,15463.5,71,28
BATCH-20260813-133,2026-08-13T15:43:00,2026-08-13T15:44:15,2026-08-13T15:44:38,B,H1,Pellet,21620.8,21645.6,75,23
BATCH-20260813-134,2026-08-13T15:50:00,2026-08-13T15:50:30,2026-08-13T15:50:57,B,H3,Limestone,10369.0,10469.0,30,27
BATCH-20260813-135,2026-08-13T15:52:00,2026-08-13T15:52:46,2026-08-13T15:53:25,B,H3,Pellet,19171.1,19219.5,46,39
BATCH-20260813-136,2026-08-13T15:53:00,2026-08-13T15:54:29,2026-08-13T15:55:15,B,H4,Sinter,18943.7,19045.8,89,46
BATCH-20260813-137,2026-08-13T15:58:00,2026-08-13T15:59:18,2026-08-13T16:00:09,B,H2,Coke,14394.9,14392.8,78,51
BATCH-20260813-138,2026-08-13T15:58:00,2026-08-13T15:58:36,2026-08-13T15:59:31,B,H1,Pellet,19918.9,19959.0,36,55
BATCH-20260813-139,2026-08-13T16:08:00,2026-08-13T16:09:28,2026-08-13T16:09:55,B,H1,Ore,20380.6,20290.3,88,27
BATCH-20260813-140,2026-08-13T16:13:00,2026-08-13T16:13:35,2026-08-13T16:14:34,B,H4,Limestone,14657.8,14696.5,35,59
BATCH-20260813-141,2026-08-13T16:17:00,2026-08-13T16:18:28,2026-08-13T16:19:07,B,H4,Ore,23260.0,23241.3,88,39
BATCH-20260813-142,2026-08-13T16:20:00,2026-08-13T16:21:19,2026-08-13T16:21:47,B,H1,Pellet,13818.2,13746.1,79,28
BATCH-20260813-143,2026-08-13T16:46:00,2026-08-13T16:46:47,2026-08-13T16:47:29,B,H3,Pellet,14504.7,14425.5,47,42
BATCH-20260813-144,2026-08-13T17:07:00,2026-08-13T17:07:52,2026-08-13T17:08:32,B,H3,Sinter,22066.0,22096.6,52,40
BATCH-20260813-145,2026-08-13T17:09:00,2026-08-13T17:09:59,2026-08-13T17:10:21,B,H4,Ore,27798.0,27804.8,59,22
BATCH-20260813-146,2026-08-13T17:11:00,2026-08-13T17:12:01,2026-08-13T17:12:37,B,H4,Ore,25808.4,25866.3,61,36
BATCH-20260813-147,2026-08-13T17:22:00,2026-08-13T17:23:13,2026-08-13T17:24:01,B,H1,Coke,10064.6,9970.0,73,48
BATCH-20260813-148,2026-08-13T17:34:00,2026-08-13T17:34:54,2026-08-13T17:35:30,B,H2,Coke,12153.3,12132.0,54,36
BATCH-20260813-149,2026-08-13T17:41:00,2026-08-13T17:42:07,2026-08-13T17:42:58,B,H3,Limestone,11991.4,11996.9,67,51
BATCH-20260813-150,2026-08-13T17:43:00,2026-08-13T17:44:03,2026-08-13T17:44:56,B,H3,Ore,20288.5,20293.0,63,53
BATCH-20260813-151,2026-08-13T17:45:00,2026-08-13T17:45:54,2026-08-13T17:46:21,B,H1,Sinter,19409.6,19446.3,54,27
BATCH-20260813-152,2026-08-13T17:48:00,2026-08-13T17:48:57,2026-08-13T17:49:33,B,H1,Pellet,12173.1,12174.9,57,36
BATCH-20260813-153,2026-08-13T17:50:00,2026-08-13T17:50:56,2026-08-13T17:51:34,B,H2,Limestone,12474.4,12484.0,56,38
BATCH-20260813-154,2026-08-13T17:50:00,2026-08-13T17:50:53,2026-08-13T17:51:36,B,H4,Sinter,19339.1,19333.4,53,43
BATCH-20260813-155,2026-08-13T18:05:00,2026-08-13T18:06:23,2026-08-13T18:07:23,B,H2,Sinter,23532.0,24237.0,83,60
BATCH-20260813-156,2026-08-13T18:07:00,2026-08-13T18:07:38,2026-08-13T18:08:02,B,H1,Ore,29258.2,29398.2,38,24
BATCH-20260813-157,2026-08-13T18:11:00,2026-08-13T18:12:24,2026-08-13T18:12:59,B,H1,Coke,17255.6,17294.0,84,35
BATCH-20260813-158,2026-08-13T18:14:00,2026-08-13T18:15:13,2026-08-13T18:16:13,B,H1,Ore,25655.2,25704.4,73,60
BATCH-20260813-159,2026-08-13T18:25:00,2026-08-13T18:25:33,2026-08-13T18:26:33,B,H4,Sinter,19507.1,19606.7,33,60
BATCH-20260813-160,2026-08-13T18:26:00,2026-08-13T18:26:40,2026-08-13T18:27:02,B,H1,Coke,13248.4,13318.2,40,22
BATCH-20260813-161,2026-08-13T18:29:00,2026-08-13T18:30:29,2026-08-13T18:31:28,B,H2,Limestone,11743.1,11642.2,89,59
BATCH-20260813-162,2026-08-13T18:42:00,2026-08-13T18:42:45,2026-08-13T18:43:08,B,H3,Sinter,24751.1,24796.1,45,23
BATCH-20260813-163,2026-08-13T18:51:00,2026-08-13T18:51:46,2026-08-13T18:52:29,B,H2,Pellet,20551.2,20470.6,46,43
BATCH-20260813-164,2026-08-13T19:03:00,2026-08-13T19:04:27,2026-08-13T19:05:05,B,H1,Ore,23654.7,23700.4,87,38
BATCH-20260813-165,2026-08-13T19:04:00,2026-08-13T19:04:32,2026-08-13T19:05:22,B,H3,Ore,28125.5,28077.0,32,50
BATCH-20260813-166,2026-08-13T19:25:00,2026-08-13T19:25:49,2026-08-13T19:26:38,B,H3,Pellet,17000.7,17069.3,49,49
BATCH-20260813-167,2026-08-13T19:29:00,2026-08-13T19:29:48,2026-08-13T19:30:13,B,H4,Sinter,21505.7,21480.7,48,25
BATCH-20260813-168,2026-08-13T19:40:00,2026-08-13T19:41:24,2026-08-13T19:41:48,B,H4,Ore,23770.9,23810.3,84,24
BATCH-20260813-169,2026-08-13T19:48:00,2026-08-13T19:49:30,2026-08-13T19:50:05,B,H2,Limestone,12043.1,12021.8,90,35
BATCH-20260813-170,2026-08-13T19:56:00,2026-08-13T19:57:25,2026-08-13T19:58:13,B,H1,Ore,28369.0,28282.7,85,48
BATCH-20260813-171,2026-08-13T19:57:00,2026-08-13T19:57:34,2026-08-13T19:58:03,B,H4,Coke,17681.4,17629.3,34,29
BATCH-20260813-172,2026-08-13T19:57:00,2026-08-13T19:57:37,2026-08-13T19:58:22,B,H1,Sinter,22502.7,22507.9,37,45
BATCH-20260813-173,2026-08-13T20:07:00,2026-08-13T20:08:22,2026-08-13T20:09:17,B,H4,Pellet,19912.3,19813.1,82,55
BATCH-20260813-174,2026-08-13T20:23:00,2026-08-13T20:24:11,2026-08-13T20:24:51,B,H3,Limestone,15417.5,15411.7,71,40
BATCH-20260813-175,2026-08-13T20:43:00,2026-08-13T20:43:35,2026-08-13T20:44:18,B,H1,Limestone,11211.2,11235.6,35,43
BATCH-20260813-176,2026-08-13T20:47:00,2026-08-13T20:48:11,2026-08-13T20:49:06,B,H4,Coke,13324.5,13352.9,71,55
BATCH-20260813-177,2026-08-13T20:58:00,2026-08-13T20:59:12,2026-08-13T20:59:45,B,H4,Coke,12012.1,11969.2,72,33
BATCH-20260813-178,2026-08-13T21:20:00,2026-08-13T21:21:10,2026-08-13T21:21:31,B,H2,Ore,28477.8,28430.0,70,21
BATCH-20260813-179,2026-08-13T21:26:00,2026-08-13T21:26:41,2026-08-13T21:27:26,B,H2,Pellet,21111.7,21149.5,41,45
BATCH-20260813-180,2026-08-13T21:27:00,2026-08-13T21:28:19,2026-08-13T21:29:19,B,H3,Sinter,23800.9,23862.1,79,60
BATCH-20260813-181,2026-08-13T21:29:00,2026-08-13T21:30:28,2026-08-13T21:31:27,B,H1,Coke,14664.3,14575.2,88,59
BATCH-20260813-182,2026-08-13T21:32:00,2026-08-13T21:32:51,2026-08-13T21:33:27,B,H2,Ore,21781.5,21716.8,51,36
BATCH-20260813-183,2026-08-13T21:40:00,2026-08-13T21:40:40,2026-08-13T21:41:08,B,H1,Sinter,20654.0,20684.2,40,28
BATCH-20260813-184,2026-08-13T21:44:00,2026-08-13T21:45:11,2026-08-13T21:46:09,B,H4,Limestone,11764.4,11746.4,71,58
BATCH-20260813-185,2026-08-13T22:16:00,2026-08-13T22:17:14,2026-08-13T22:17:39,C,H3,Sinter,23675.8,23723.5,74,25
BATCH-20260813-186,2026-08-13T22:16:00,2026-08-13T22:16:38,2026-08-13T22:17:35,C,H1,Limestone,13276.8,13277.1,38,57
BATCH-20260813-187,2026-08-13T22:29:00,2026-08-13T22:30:28,2026-08-13T22:30:56,C,H4,Limestone,13962.7,13965.8,88,28
BATCH-20260813-188,2026-08-13T22:31:00,2026-08-13T22:32:30,2026-08-13T22:33:17,C,H1,Sinter,20888.5,20860.9,90,47
BATCH-20260813-189,2026-08-13T22:34:00,2026-08-13T22:34:53,2026-08-13T22:35:28,C,H3,Pellet,17034.7,17071.4,53,35
BATCH-20260813-190,2026-08-13T22:35:00,2026-08-13T22:35:32,2026-08-13T22:36:29,C,H2,Coke,17140.8,17141.9,32,57
BATCH-20260813-191,2026-08-13T22:36:00,2026-08-13T22:37:23,2026-08-13T22:38:02,C,H4,Coke,11195.6,11197.9,83,39
BATCH-20260813-192,2026-08-13T22:46:00,2026-08-13T22:46:39,2026-08-13T22:47:16,C,H3,Ore,27626.3,27584.0,39,37
BATCH-20260813-193,2026-08-13T22:57:00,2026-08-13T22:58:09,2026-08-13T22:58:34,C,H2,Limestone,12312.8,12270.1,69,25
BATCH-20260813-194,2026-08-13T23:05:00,2026-08-13T23:05:59,2026-08-13T23:06:29,C,H4,Sinter,19479.6,19448.1,59,30
BATCH-20260813-195,2026-08-13T23:26:00,2026-08-13T23:26:46,2026-08-13T23:27:21,C,H4,Sinter,24432.5,24441.7,46,35
BATCH-20260813-196,2026-08-13T23:33:00,2026-08-13T23:34:14,2026-08-13T23:35:11,C,H3,Coke,13443.3,13378.9,74,57
BATCH-20260813-197,2026-08-13T23:42:00,2026-08-13T23:42:37,2026-08-13T23:43:37,C,H4,Coke,14823.5,14851.6,37,60
BATCH-20260813-198,2026-08-13T23:43:00,2026-08-13T23:43:39,2026-08-13T23:44:24,C,H4,Ore,19235.7,19267.4,39,45
BATCH-20260813-199,2026-08-13T23:46:00,2026-08-13T23:46:50,2026-08-13T23:47:12,C,H3,Ore,27548.8,27510.4,50,22
BATCH-20260813-200,2026-08-13T23:53:00,2026-08-13T23:53:41,2026-08-13T23:54:15,C,H3,Limestone,10574.2,10545.2,41,34
BATCH-20260814-001,2026-08-14T00:03:00,2026-08-14T00:03:39,2026-08-14T00:04:22,C,H3,Ore,22779.6,22783.6,39,43
BATCH-20260814-002,2026-08-14T00:05:00,2026-08-14T00:06:15,2026-08-14T00:07:00,C,H2,Pellet,15322.3,15278.8,75,45
BATCH-20260814-003,2026-08-14T00:09:00,2026-08-14T00:10:17,2026-08-14T00:10:51,C,H2,Pellet,12933.4,13255.3,77,34
BATCH-20260814-004,2026-08-14T00:23:00,2026-08-14T00:23:33,2026-08-14T00:24:18,C,H4,Coke,14450.5,14340.5,33,45
BATCH-20260814-005,2026-08-14T00:24:00,2026-08-14T00:24:43,2026-08-14T00:25:22,C,H2,Sinter,17892.2,17961.3,43,39
BATCH-20260814-006,2026-08-14T00:39:00,2026-08-14T00:40:12,2026-08-14T00:40:45,C,H3,Coke,14625.6,14568.7,72,33
BATCH-20260814-007,2026-08-14T00:50:00,2026-08-14T00:51:06,2026-08-14T00:51:30,C,H1,Pellet,19854.7,19844.2,66,24
BATCH-20260814-008,2026-08-14T00:57:00,2026-08-14T00:57:46,2026-08-14T00:58:21,C,H3,Limestone,13213.6,13189.7,46,35
BATCH-20260814-009,2026-08-14T00:57:00,2026-08-14T00:58:05,2026-08-14T00:58:33,C,H4,Coke,10779.5,10800.6,65,28
BATCH-20260814-010,2026-08-14T01:07:00,2026-08-14T01:08:26,2026-08-14T01:09:04,C,H3,Limestone,15732.7,15687.0,86,38
BATCH-20260814-011,2026-08-14T01:07:00,2026-08-14T01:07:40,2026-08-14T01:08:17,C,H3,Coke,14026.6,13961.4,40,37
BATCH-20260814-012,2026-08-14T01:07:00,2026-08-14T01:07:49,2026-08-14T01:08:15,C,H2,Ore,20281.3,20256.3,49,26
BATCH-20260814-013,2026-08-14T01:11:00,2026-08-14T01:12:05,2026-08-14T01:12:49,C,H3,Ore,25946.7,25961.3,65,44
BATCH-20260814-014,2026-08-14T01:18:00,2026-08-14T01:18:49,2026-08-14T01:19:48,C,H1,Limestone,10405.7,10405.0,49,59
BATCH-20260814-015,2026-08-14T01:21:00,2026-08-14T01:22:04,2026-08-14T01:22:52,C,H2,Sinter,20449.6,20557.5,64,48
BATCH-20260814-016,2026-08-14T01:23:00,2026-08-14T01:23:53,2026-08-14T01:24:46,C,H1,Coke,12021.5,12031.8,53,53
BATCH-20260814-017,2026-08-14T01:34:00,2026-08-14T01:35:19,2026-08-14T01:36:05,C,H1,Ore,23136.7,23088.4,79,46
BATCH-20260814-018,2026-08-14T01:44:00,2026-08-14T01:44:53,2026-08-14T01:45:53,C,H1,Sinter,18147.0,18178.3,53,60
BATCH-20260814-019,2026-08-14T01:45:00,2026-08-14T01:46:24,2026-08-14T01:47:01,C,H4,Limestone,11270.9,11272.8,84,37
BATCH-20260814-020,2026-08-14T01:46:00,2026-08-14T01:47:19,2026-08-14T01:47:43,C,H1,Coke,16051.7,16018.2,79,24
BATCH-20260814-021,2026-08-14T01:49:00,2026-08-14T01:50:07,2026-08-14T01:51:01,C,H3,Pellet,16664.2,16693.9,67,54
BATCH-20260814-022,2026-08-14T01:54:00,2026-08-14T01:55:23,2026-08-14T01:56:14,C,H1,Coke,12219.3,12242.2,83,51
BATCH-20260814-023,2026-08-14T01:56:00,2026-08-14T01:56:34,2026-08-14T01:57:12,C,H3,Coke,12622.4,12597.9,34,38
BATCH-20260814-024,2026-08-14T01:58:00,2026-08-14T01:58:35,2026-08-14T01:59:10,C,H1,Coke,12612.8,12548.4,35,35
BATCH-20260814-025,2026-08-14T02:11:00,2026-08-14T02:11:30,2026-08-14T02:12:07,C,H2,Sinter,24280.9,24324.4,30,37
BATCH-20260814-026,2026-08-14T02:13:00,2026-08-14T02:13:45,2026-08-14T02:14:13,C,H3,Coke,14086.5,14139.3,45,28
BATCH-20260814-027,2026-08-14T02:36:00,2026-08-14T02:36:40,2026-08-14T02:37:12,C,H3,Pellet,16403.6,16323.6,40,32
BATCH-20260814-028,2026-08-14T02:44:00,2026-08-14T02:45:22,2026-08-14T02:45:52,C,H1,Coke,14544.2,14544.4,82,30
BATCH-20260814-029,2026-08-14T02:45:00,2026-08-14T02:46:13,2026-08-14T02:46:52,C,H1,Ore,26052.2,26097.6,73,39
BATCH-20260814-030,2026-08-14T02:47:00,2026-08-14T02:48:00,2026-08-14T02:48:42,C,H3,Sinter,17614.6,17696.5,60,42
BATCH-20260814-031,2026-08-14T02:54:00,2026-08-14T02:55:14,2026-08-14T02:56:11,C,H3,Pellet,21625.6,21671.8,74,57
BATCH-20260814-032,2026-08-14T02:59:00,2026-08-14T02:59:43,2026-08-14T03:00:23,C,H2,Limestone,15920.8,15957.4,43,40
BATCH-20260814-033,2026-08-14T03:03:00,2026-08-14T03:04:20,2026-08-14T03:05:20,C,H4,Limestone,15653.0,15674.2,80,60
BATCH-20260814-034,2026-08-14T03:17:00,2026-08-14T03:17:56,2026-08-14T03:18:54,C,H1,Sinter,18875.7,18823.7,56,58
BATCH-20260814-035,2026-08-14T03:20:00,2026-08-14T03:20:37,2026-08-14T03:21:07,C,H3,Limestone,15533.5,15539.1,37,30
BATCH-20260814-036,2026-08-14T03:39:00,2026-08-14T03:39:39,2026-08-14T03:40:19,C,H3,Coke,13952.7,13951.7,39,40
BATCH-20260814-037,2026-08-14T03:46:00,2026-08-14T03:46:33,2026-08-14T03:47:05,C,H4,Pellet,12323.7,12358.1,33,32
BATCH-20260814-038,2026-08-14T04:08:00,2026-08-14T04:09:23,2026-08-14T04:10:08,C,H3,Ore,23673.1,23651.0,83,45
BATCH-20260814-039,2026-08-14T04:10:00,2026-08-14T04:11:08,2026-08-14T04:12:06,C,H4,Ore,20504.7,20483.1,68,58
BATCH-20260814-040,2026-08-14T04:15:00,2026-08-14T04:16:15,2026-08-14T04:16:51,C,H2,Pellet,17184.6,17196.1,75,36
BATCH-20260814-041,2026-08-14T04:16:00,2026-08-14T04:16:44,2026-08-14T04:17:08,C,H4,Coke,12489.3,12512.5,44,24
BATCH-20260814-042,2026-08-14T04:36:00,2026-08-14T04:36:49,2026-08-14T04:37:15,C,H4,Sinter,16789.7,16812.3,49,26
BATCH-20260814-043,2026-08-14T04:40:00,2026-08-14T04:40:58,2026-08-14T04:41:27,C,H3,Pellet,14814.2,14813.0,58,29
BATCH-20260814-044,2026-08-14T04:43:00,2026-08-14T04:43:39,2026-08-14T04:44:07,C,H3,Sinter,20137.5,20190.4,39,28
BATCH-20260814-045,2026-08-14T04:43:00,2026-08-14T04:44:00,2026-08-14T04:44:20,C,H1,Limestone,15898.1,15849.2,60,20
BATCH-20260814-046,2026-08-14T04:53:00,2026-08-14T04:54:01,2026-08-14T04:54:59,C,H3,Coke,11796.5,11774.6,61,58
BATCH-20260814-047,2026-08-14T04:59:00,2026-08-14T04:59:47,2026-08-14T05:00:30,C,H4,Coke,13136.2,13040.2,47,43
BATCH-20260814-048,2026-08-14T05:14:00,2026-08-14T05:15:15,2026-08-14T05:15:48,C,H4,Pellet,14954.5,14997.4,75,33
BATCH-20260814-049,2026-08-14T05:19:00,2026-08-14T05:20:16,2026-08-14T05:20:38,C,H2,Coke,17977.9,17997.1,76,22
BATCH-20260814-050,2026-08-14T05:27:00,2026-08-14T05:27:54,2026-08-14T05:28:15,C,H4,Pellet,16043.1,16014.4,54,21
BATCH-20260814-051,2026-08-14T05:36:00,2026-08-14T05:36:31,2026-08-14T05:37:25,C,H3,Coke,13946.7,13994.8,31,54
BATCH-20260814-052,2026-08-14T05:40:00,2026-08-14T05:40:46,2026-08-14T05:41:33,C,H3,Coke,11432.6,11444.6,46,47
BATCH-20260814-053,2026-08-14T05:47:00,2026-08-14T05:47:35,2026-08-14T05:48:05,C,H2,Sinter,23075.8,23088.7,35,30
BATCH-20260814-054,2026-08-14T05:48:00,2026-08-14T05:48:53,2026-08-14T05:49:21,C,H4,Coke,16931.6,17004.0,53,28
BATCH-20260814-055,2026-08-14T05:51:00,2026-08-14T05:51:49,2026-08-14T05:52:19,C,H2,Coke,10591.8,10525.4,49,30
BATCH-20260814-056,2026-08-14T05:54:00,2026-08-14T05:54:30,2026-08-14T05:55:12,C,H1,Pellet,17186.0,17175.4,30,42
BATCH-20260814-057,2026-08-14T05:58:00,2026-08-14T05:59:14,2026-08-14T06:00:08,C,H4,Ore,23530.6,23582.8,74,54
BATCH-20260814-058,2026-08-14T06:08:00,2026-08-14T06:08:39,2026-08-14T06:09:12,A,H1,Sinter,16536.6,16507.6,39,33
BATCH-20260814-059,2026-08-14T06:16:00,2026-08-14T06:17:21,2026-08-14T06:18:15,A,H4,Coke,14087.1,14157.1,81,54
BATCH-20260814-060,2026-08-14T06:23:00,2026-08-14T06:24:01,2026-08-14T06:24:59,A,H4,Pellet,15124.5,15107.6,61,58
BATCH-20260814-061,2026-08-14T06:24:00,2026-08-14T06:25:19,2026-08-14T06:25:39,A,H4,Limestone,14268.4,14353.9,79,20
BATCH-20260814-062,2026-08-14T06:33:00,2026-08-14T06:34:10,2026-08-14T06:34:43,A,H2,Pellet,18531.0,18574.0,70,33
BATCH-20260814-063,2026-08-14T06:35:00,2026-08-14T06:36:05,2026-08-14T06:36:43,A,H4,Ore,25857.2,25892.7,65,38
BATCH-20260814-064,2026-08-14T06:49:00,2026-08-14T06:50:20,2026-08-14T06:51:07,A,H2,Sinter,19939.8,19844.0,80,47
BATCH-20260814-065,2026-08-14T07:00:00,2026-08-14T07:01:07,2026-08-14T07:01:54,A,H3,Limestone,12028.7,12086.7,67,47
BATCH-20260814-066,2026-08-14T07:11:00,2026-08-14T07:12:08,2026-08-14T07:12:43,A,H3,Limestone,14435.2,14305.2,68,35
BATCH-20260814-067,2026-08-14T07:25:00,2026-08-14T07:26:11,2026-08-14T07:26:50,A,H3,Ore,27948.9,28010.7,71,39
BATCH-20260814-068,2026-08-14T07:40:00,2026-08-14T07:40:46,2026-08-14T07:41:23,A,H3,Pellet,12306.0,12365.5,46,37
BATCH-20260814-069,2026-08-14T07:40:00,2026-08-14T07:40:51,2026-08-14T07:41:33,A,H1,Pellet,14553.6,14578.0,51,42
BATCH-20260814-070,2026-08-14T07:42:00,2026-08-14T07:43:22,2026-08-14T07:44:03,A,H3,Ore,23932.6,23962.0,82,41
BATCH-20260814-071,2026-08-14T07:42:00,2026-08-14T07:43:10,2026-08-14T07:44:04,A,H1,Sinter,23040.4,22972.0,70,54
BATCH-20260814-072,2026-08-14T07:55:00,2026-08-14T07:55:32,2026-08-14T07:55:58,A,H4,Sinter,20704.6,20753.7,32,26
BATCH-20260814-073,2026-08-14T08:07:00,2026-08-14T08:08:08,2026-08-14T08:08:28,A,H4,Ore,29930.7,29927.1,68,20
BATCH-20260814-074,2026-08-14T08:12:00,2026-08-14T08:12:31,2026-08-14T08:13:23,A,H2,Ore,19204.7,19193.2,31,52
BATCH-20260814-075,2026-08-14T08:19:00,2026-08-14T08:20:28,2026-08-14T08:21:06,A,H3,Coke,17937.0,17924.6,88,38
BATCH-20260814-076,2026-08-14T08:36:00,2026-08-14T08:37:08,2026-08-14T08:37:49,A,H1,Sinter,15149.1,15174.9,68,41
BATCH-20260814-077,2026-08-14T08:43:00,2026-08-14T08:43:40,2026-08-14T08:44:36,A,H2,Sinter,15477.5,15431.8,40,56
BATCH-20260814-078,2026-08-14T09:24:00,2026-08-14T09:25:24,2026-08-14T09:26:08,A,H2,Ore,28774.0,28726.5,84,44
BATCH-20260814-079,2026-08-14T09:37:00,2026-08-14T09:37:56,2026-08-14T09:38:50,A,H1,Ore,18540.1,18526.6,56,54
BATCH-20260814-080,2026-08-14T09:38:00,2026-08-14T09:39:18,2026-08-14T09:40:09,A,H1,Coke,16813.5,16829.0,78,51
BATCH-20260814-081,2026-08-14T09:39:00,2026-08-14T09:39:49,2026-08-14T09:40:34,A,H3,Limestone,10345.1,10596.8,49,45
BATCH-20260814-082,2026-08-14T09:55:00,2026-08-14T09:55:32,2026-08-14T09:56:23,A,H3,Ore,19294.7,19299.0,32,51
BATCH-20260814-083,2026-08-14T10:01:00,2026-08-14T10:02:01,2026-08-14T10:02:54,A,H3,Coke,17035.7,17015.7,61,53
BATCH-20260814-084,2026-08-14T10:02:00,2026-08-14T10:03:27,2026-08-14T10:03:59,A,H4,Pellet,18889.2,18875.1,87,32
BATCH-20260814-085,2026-08-14T10:04:00,2026-08-14T10:05:06,2026-08-14T10:05:59,A,H3,Limestone,11057.0,10983.7,66,53
BATCH-20260814-086,2026-08-14T10:37:00,2026-08-14T10:38:19,2026-08-14T10:38:49,A,H2,Ore,20861.8,21014.7,79,30
BATCH-20260814-087,2026-08-14T10:46:00,2026-08-14T10:46:59,2026-08-14T10:47:36,A,H1,Limestone,12819.3,12816.4,59,37
BATCH-20260814-088,2026-08-14T10:56:00,2026-08-14T10:56:43,2026-08-14T10:57:23,A,H4,Limestone,10815.7,10741.6,43,40
BATCH-20260814-089,2026-08-14T10:57:00,2026-08-14T10:58:09,2026-08-14T10:58:36,A,H2,Ore,29592.8,29607.3,69,27
BATCH-20260814-090,2026-08-14T11:11:00,2026-08-14T11:11:52,2026-08-14T11:12:32,A,H3,Limestone,14157.0,14173.5,52,40
BATCH-20260814-091,2026-08-14T11:14:00,2026-08-14T11:15:04,2026-08-14T11:15:27,A,H2,Ore,28955.6,28935.1,64,23
BATCH-20260814-092,2026-08-14T11:38:00,2026-08-14T11:39:06,2026-08-14T11:39:33,A,H3,Ore,29589.1,29609.1,66,27
BATCH-20260814-093,2026-08-14T11:57:00,2026-08-14T11:57:31,2026-08-14T11:58:30,A,H1,Pellet,17580.0,17682.0,31,59
BATCH-20260814-094,2026-08-14T12:01:00,2026-08-14T12:01:50,2026-08-14T12:02:49,A,H4,Sinter,22948.9,22783.7,50,59
BATCH-20260814-095,2026-08-14T12:11:00,2026-08-14T12:12:28,2026-08-14T12:12:52,A,H4,Limestone,12687.5,12676.8,88,24
BATCH-20260814-096,2026-08-14T12:13:00,2026-08-14T12:13:36,2026-08-14T12:14:18,A,H4,Sinter,24735.7,24797.5,36,42
BATCH-20260814-097,2026-08-14T12:15:00,2026-08-14T12:16:26,2026-08-14T12:17:02,A,H4,Coke,12409.2,12474.5,86,36
BATCH-20260814-098,2026-08-14T12:27:00,2026-08-14T12:27:44,2026-08-14T12:28:30,A,H1,Coke,10770.7,10730.3,44,46
BATCH-20260814-099,2026-08-14T12:50:00,2026-08-14T12:51:25,2026-08-14T12:52:21,A,H4,Pellet,20128.0,19584.0,85,56
BATCH-20260814-100,2026-08-14T12:51:00,2026-08-14T12:52:12,2026-08-14T12:52:56,A,H1,Coke,11974.2,11887.2,72,44
BATCH-20260814-101,2026-08-14T12:55:00,2026-08-14T12:56:27,2026-08-14T12:57:24,A,H1,Limestone,11010.3,11040.4,87,57
BATCH-20260814-102,2026-08-14T13:09:00,2026-08-14T13:10:11,2026-08-14T13:10:47,A,H1,Pellet,16625.4,16686.9,71,36
BATCH-20260814-103,2026-08-14T13:12:00,2026-08-14T13:13:00,2026-08-14T13:13:52,A,H2,Limestone,13444.3,13429.8,60,52
BATCH-20260814-104,2026-08-14T13:13:00,2026-08-14T13:13:34,2026-08-14T13:14:15,A,H1,Limestone,11858.5,11945.4,34,41
BATCH-20260814-105,2026-08-14T13:20:00,2026-08-14T13:20:41,2026-08-14T13:21:13,A,H1,Coke,16176.6,16243.8,41,32
BATCH-20260814-106,2026-08-14T13:21:00,2026-08-14T13:22:07,2026-08-14T13:22:58,A,H1,Limestone,14790.0,14768.1,67,51
BATCH-20260814-107,2026-08-14T13:25:00,2026-08-14T13:25:58,2026-08-14T13:26:49,A,H4,Pellet,15818.8,15760.3,58,51
BATCH-20260814-108,2026-08-14T13:32:00,2026-08-14T13:32:46,2026-08-14T13:33:20,A,H2,Coke,14444.2,14332.7,46,34
BATCH-20260814-109,2026-08-14T13:42:00,2026-08-14T13:42:34,2026-08-14T13:43:31,A,H3,Ore,23984.8,24210.2,34,57
BATCH-20260814-110,2026-08-14T13:49:00,2026-08-14T13:50:15,2026-08-14T13:50:36,A,H2,Pellet,12137.9,12271.2,75,21
BATCH-20260814-111,2026-08-14T13:56:00,2026-08-14T13:57:13,2026-08-14T13:58:08,A,H2,Pellet,19013.5,18971.3,73,55
BATCH-20260814-112,2026-08-14T14:10:00,2026-08-14T14:10:50,2026-08-14T14:11:16,B,H1,Sinter,19788.5,19837.0,50,26
BATCH-20260814-113,2026-08-14T14:16:00,2026-08-14T14:16:37,2026-08-14T14:17:29,B,H2,Pellet,19102.3,19107.6,37,52
BATCH-20260814-114,2026-08-14T14:24:00,2026-08-14T14:24:54,2026-08-14T14:25:43,B,H4,Coke,10656.7,10587.7,54,49
BATCH-20260814-115,2026-08-14T14:31:00,2026-08-14T14:31:33,2026-08-14T14:32:12,B,H4,Coke,11877.9,11891.2,33,39
BATCH-20260814-116,2026-08-14T14:32:00,2026-08-14T14:33:19,2026-08-14T14:33:41,B,H2,Pellet,21875.1,21825.6,79,22
BATCH-20260814-117,2026-08-14T14:35:00,2026-08-14T14:36:12,2026-08-14T14:36:51,B,H4,Coke,14841.1,14811.7,72,39
BATCH-20260814-118,2026-08-14T14:41:00,2026-08-14T14:42:09,2026-08-14T14:42:45,B,H3,Ore,26099.9,26153.3,69,36
BATCH-20260814-119,2026-08-14T14:44:00,2026-08-14T14:44:59,2026-08-14T14:45:54,B,H3,Ore,21394.8,21373.8,59,55
BATCH-20260814-120,2026-08-14T14:59:00,2026-08-14T14:59:35,2026-08-14T15:00:32,B,H3,Limestone,14859.5,14797.4,35,57
BATCH-20260814-121,2026-08-14T15:04:00,2026-08-14T15:05:25,2026-08-14T15:06:12,B,H3,Coke,13176.7,13292.4,85,47
BATCH-20260814-122,2026-08-14T15:12:00,2026-08-14T15:13:09,2026-08-14T15:14:06,B,H4,Pellet,14771.3,14695.1,69,57
BATCH-20260814-123,2026-08-14T15:14:00,2026-08-14T15:14:48,2026-08-14T15:15:34,B,H4,Coke,10692.4,10749.2,48,46
BATCH-20260814-124,2026-08-14T15:20:00,2026-08-14T15:21:07,2026-08-14T15:21:30,B,H4,Coke,10262.9,10299.1,67,23
BATCH-20260814-125,2026-08-14T15:24:00,2026-08-14T15:25:06,2026-08-14T15:25:26,B,H3,Ore,22157.5,22133.8,66,20
BATCH-20260814-126,2026-08-14T15:27:00,2026-08-14T15:28:13,2026-08-14T15:29:07,B,H2,Ore,23326.9,23270.8,73,54
BATCH-20260814-127,2026-08-14T15:33:00,2026-08-14T15:34:03,2026-08-14T15:34:48,B,H1,Limestone,14220.2,14275.8,63,45
BATCH-20260814-128,2026-08-14T15:46:00,2026-08-14T15:47:28,2026-08-14T15:48:28,B,H3,Sinter,19377.7,19352.9,88,60
BATCH-20260814-129,2026-08-14T15:48:00,2026-08-14T15:48:40,2026-08-14T15:49:27,B,H1,Pellet,13449.2,13492.4,40,47
BATCH-20260814-130,2026-08-14T15:52:00,2026-08-14T15:53:06,2026-08-14T15:53:49,B,H2,Coke,11958.3,11946.9,66,43
BATCH-20260814-131,2026-08-14T15:55:00,2026-08-14T15:56:13,2026-08-14T15:56:57,B,H4,Ore,26177.7,26154.4,73,44
BATCH-20260814-132,2026-08-14T15:57:00,2026-08-14T15:57:49,2026-08-14T15:58:46,B,H1,Pellet,19245.7,19236.2,49,57
BATCH-20260814-133,2026-08-14T15:58:00,2026-08-14T15:58:56,2026-08-14T15:59:43,B,H3,Ore,20252.5,20237.9,56,47
BATCH-20260814-134,2026-08-14T16:03:00,2026-08-14T16:03:56,2026-08-14T16:04:17,B,H1,Pellet,21501.9,21516.8,56,21
BATCH-20260814-135,2026-08-14T16:07:00,2026-08-14T16:08:19,2026-08-14T16:09:08,B,H3,Limestone,10468.4,10494.1,79,49
BATCH-20260814-136,2026-08-14T16:17:00,2026-08-14T16:17:57,2026-08-14T16:18:19,B,H4,Sinter,21411.9,21356.8,57,22
BATCH-20260814-137,2026-08-14T16:22:00,2026-08-14T16:23:30,2026-08-14T16:24:18,B,H2,Sinter,18501.2,18407.7,90,48
BATCH-20260814-138,2026-08-14T16:25:00,2026-08-14T16:25:34,2026-08-14T16:26:20,B,H4,Pellet,19886.1,19863.4,34,46
BATCH-20260814-139,2026-08-14T16:31:00,2026-08-14T16:31:50,2026-08-14T16:32:35,B,H3,Limestone,12201.7,12121.6,50,45
BATCH-20260814-140,2026-08-14T16:33:00,2026-08-14T16:34:21,2026-08-14T16:35:13,B,H1,Ore,28581.4,28615.5,81,52
BATCH-20260814-141,2026-08-14T16:36:00,2026-08-14T16:37:05,2026-08-14T16:37:37,B,H3,Sinter,15672.3,15653.7,65,32
BATCH-20260814-142,2026-08-14T16:37:00,2026-08-14T16:38:13,2026-08-14T16:38:58,B,H4,Limestone,13532.2,13533.5,73,45
BATCH-20260814-143,2026-08-14T16:47:00,2026-08-14T16:48:00,2026-08-14T16:48:40,B,H1,Limestone,14823.7,14824.2,60,40
BATCH-20260814-144,2026-08-14T16:48:00,2026-08-14T16:48:49,2026-08-14T16:49:09,B,H1,Coke,14349.8,14328.1,49,20
BATCH-20260814-145,2026-08-14T16:56:00,2026-08-14T16:57:08,2026-08-14T16:57:52,B,H4,Coke,15283.0,15358.0,68,44
BATCH-20260814-146,2026-08-14T16:56:00,2026-08-14T16:56:56,2026-08-14T16:57:24,B,H4,Coke,10573.0,10639.8,56,28
BATCH-20260814-147,2026-08-14T16:59:00,2026-08-14T17:00:01,2026-08-14T17:00:37,B,H3,Ore,27854.4,28291.6,61,36
BATCH-20260814-148,2026-08-14T17:18:00,2026-08-14T17:18:30,2026-08-14T17:19:18,B,H1,Limestone,11136.7,11253.7,30,48
BATCH-20260814-149,2026-08-14T17:31:00,2026-08-14T17:31:32,2026-08-14T17:32:03,B,H1,Limestone,14498.6,14516.1,32,31
BATCH-20260814-150,2026-08-14T17:38:00,2026-08-14T17:38:38,2026-08-14T17:39:30,B,H1,Pellet,15972.3,15998.6,38,52
BATCH-20260814-151,2026-08-14T17:39:00,2026-08-14T17:39:43,2026-08-14T17:40:13,B,H1,Sinter,24336.0,24261.6,43,30
BATCH-20260814-152,2026-08-14T17:59:00,2026-08-14T18:00:17,2026-08-14T18:01:16,B,H3,Pellet,18221.9,18161.3,77,59
BATCH-20260814-153,2026-08-14T18:15:00,2026-08-14T18:15:33,2026-08-14T18:16:08,B,H1,Pellet,19928.6,19906.0,33,35
BATCH-20260814-154,2026-08-14T18:17:00,2026-08-14T18:18:03,2026-08-14T18:18:55,B,H4,Coke,12249.3,12230.8,63,52
BATCH-20260814-155,2026-08-14T18:22:00,2026-08-14T18:23:08,2026-08-14T18:23:34,B,H3,Sinter,24084.4,24024.9,68,26
BATCH-20260814-156,2026-08-14T18:22:00,2026-08-14T18:23:15,2026-08-14T18:24:09,B,H2,Limestone,15451.3,15550.2,75,54
BATCH-20260814-157,2026-08-14T18:25:00,2026-08-14T18:25:41,2026-08-14T18:26:31,B,H1,Pellet,13062.8,13048.5,41,50
BATCH-20260814-158,2026-08-14T18:25:00,2026-08-14T18:25:45,2026-08-14T18:26:44,B,H4,Sinter,24267.9,24207.3,45,59
BATCH-20260814-159,2026-08-14T18:27:00,2026-08-14T18:28:07,2026-08-14T18:28:47,B,H1,Ore,27674.0,27704.0,67,40
BATCH-20260814-160,2026-08-14T18:31:00,2026-08-14T18:31:56,2026-08-14T18:32:49,B,H2,Sinter,21830.9,21808.6,56,53
BATCH-20260814-161,2026-08-14T18:31:00,2026-08-14T18:32:26,2026-08-14T18:32:47,B,H4,Limestone,10524.6,10506.2,86,21
BATCH-20260814-162,2026-08-14T18:39:00,2026-08-14T18:39:31,2026-08-14T18:40:14,B,H2,Pellet,21662.1,21575.6,31,43
BATCH-20260814-163,2026-08-14T18:40:00,2026-08-14T18:41:01,2026-08-14T18:41:38,B,H3,Limestone,12846.2,12813.7,61,37
BATCH-20260814-164,2026-08-14T18:42:00,2026-08-14T18:42:36,2026-08-14T18:43:01,B,H2,Coke,10416.7,10373.1,36,25
BATCH-20260814-165,2026-08-14T18:49:00,2026-08-14T18:49:57,2026-08-14T18:50:48,B,H1,Ore,18956.5,18941.3,57,51
BATCH-20260814-166,2026-08-14T18:57:00,2026-08-14T18:57:39,2026-08-14T18:58:01,B,H1,Coke,12092.8,12109.5,39,22
BATCH-20260814-167,2026-08-14T19:01:00,2026-08-14T19:01:46,2026-08-14T19:02:18,B,H2,Ore,19986.1,19975.0,46,32
BATCH-20260814-168,2026-08-14T19:24:00,2026-08-14T19:24:51,2026-08-14T19:25:29,B,H1,Coke,17206.8,17188.2,51,38
BATCH-20260814-169,2026-08-14T19:37:00,2026-08-14T19:38:19,2026-08-14T19:39:15,B,H2,Sinter,24797.3,24839.6,79,56
BATCH-20260814-170,2026-08-14T19:40:00,2026-08-14T19:41:02,2026-08-14T19:41:25,B,H4,Limestone,12235.1,12166.6,62,23
BATCH-20260814-171,2026-08-14T19:43:00,2026-08-14T19:44:29,2026-08-14T19:45:11,B,H4,Pellet,18254.2,18323.9,89,42
BATCH-20260814-172,2026-08-14T19:53:00,2026-08-14T19:54:09,2026-08-14T19:54:35,B,H3,Pellet,17584.7,17575.7,69,26
BATCH-20260814-173,2026-08-14T19:56:00,2026-08-14T19:57:11,2026-08-14T19:57:44,B,H1,Pellet,20199.7,20218.4,71,33
BATCH-20260814-174,2026-08-14T20:00:00,2026-08-14T20:00:43,2026-08-14T20:01:19,B,H3,Ore,26261.5,26296.5,43,36
BATCH-20260814-175,2026-08-14T20:14:00,2026-08-14T20:15:12,2026-08-14T20:15:44,B,H3,Coke,15475.2,15536.0,72,32
BATCH-20260814-176,2026-08-14T20:15:00,2026-08-14T20:15:55,2026-08-14T20:16:22,B,H1,Ore,22334.6,22276.3,55,27
BATCH-20260814-177,2026-08-14T20:15:00,2026-08-14T20:16:30,2026-08-14T20:16:56,B,H3,Limestone,15452.7,15484.1,90,26
BATCH-20260814-178,2026-08-14T20:17:00,2026-08-14T20:18:30,2026-08-14T20:18:59,B,H4,Coke,16941.8,16933.6,90,29
BATCH-20260814-179,2026-08-14T20:22:00,2026-08-14T20:22:49,2026-08-14T20:23:47,B,H2,Sinter,21947.1,21992.7,49,58
BATCH-20260814-180,2026-08-14T20:30:00,2026-08-14T20:30:44,2026-08-14T20:31:37,B,H2,Sinter,23186.9,23122.5,44,53
BATCH-20260814-181,2026-08-14T20:31:00,2026-08-14T20:32:21,2026-08-14T20:33:17,B,H1,Ore,20733.4,20776.3,81,56
BATCH-20260814-182,2026-08-14T20:38:00,2026-08-14T20:39:12,2026-08-14T20:39:53,B,H4,Limestone,12813.1,12834.0,72,41
BATCH-20260814-183,2026-08-14T20:46:00,2026-08-14T20:47:16,2026-08-14T20:47:50,B,H1,Limestone,15737.7,15717.3,76,34
BATCH-20260814-184,2026-08-14T20:56:00,2026-08-14T20:57:15,2026-08-14T20:57:39,B,H4,Coke,17361.0,17410.7,75,24
BATCH-20260814-185,2026-08-14T21:03:00,2026-08-14T21:03:53,2026-08-14T21:04:46,B,H3,Sinter,22501.4,22483.2,53,53
BATCH-20260814-186,2026-08-14T21:30:00,2026-08-14T21:30:45,2026-08-14T21:31:41,B,H3,Sinter,23698.7,23708.4,45,56
BATCH-20260814-187,2026-08-14T21:36:00,2026-08-14T21:37:24,2026-08-14T21:38:04,B,H1,Limestone,13003.9,12985.6,84,40
BATCH-20260814-188,2026-08-14T21:50:00,2026-08-14T21:50:38,2026-08-14T21:51:12,B,H3,Pellet,16562.0,16540.0,38,34
BATCH-20260814-189,2026-08-14T21:57:00,2026-08-14T21:57:54,2026-08-14T21:58:50,B,H2,Pellet,17936.0,17905.3,54,56
BATCH-20260814-190,2026-08-14T21:58:00,2026-08-14T21:58:39,2026-08-14T21:59:13,B,H3,Ore,20990.1,21012.9,39,34
BATCH-20260814-191,2026-08-14T22:12:00,2026-08-14T22:13:26,2026-08-14T22:14:11,C,H2,Limestone,15465.9,15547.5,86,45
BATCH-20260814-192,2026-08-14T22:57:00,2026-08-14T22:58:19,2026-08-14T22:59:13,C,H3,Ore,20256.5,20219.2,79,54
BATCH-20260814-193,2026-08-14T23:00:00,2026-08-14T23:00:40,2026-08-14T23:01:09,C,H1,Ore,26524.7,26495.9,40,29
BATCH-20260814-194,2026-08-14T23:00:00,2026-08-14T23:00:32,2026-08-14T23:01:29,C,H2,Sinter,23454.4,23450.5,32,57
BATCH-20260814-195,2026-08-14T23:02:00,2026-08-14T23:03:07,2026-08-14T23:04:04,C,H4,Ore,22574.2,22586.6,67,57
BATCH-20260814-196,2026-08-14T23:03:00,2026-08-14T23:04:10,2026-08-14T23:05:00,C,H1,Pellet,13055.1,13052.5,70,50
BATCH-20260814-197,2026-08-14T23:06:00,2026-08-14T23:07:05,2026-08-14T23:07:31,C,H4,Limestone,11656.7,11641.1,65,26
BATCH-20260814-198,2026-08-14T23:20:00,2026-08-14T23:20:58,2026-08-14T23:21:53,C,H4,Sinter,21286.5,21282.2,58,55
BATCH-20260814-199,2026-08-14T23:36:00,2026-08-14T23:37:12,2026-08-14T23:37:34,C,H4,Ore,22224.7,22249.4,72,22
BATCH-20260814-200,2026-08-14T23:59:00,2026-08-14T23:59:38,2026-08-15T00:00:10,C,H3,Pellet,17758.9,17728.4,38,32
BATCH-20260815-001,2026-08-15T00:22:00,2026-08-15T00:22:30,2026-08-15T00:23:04,C,H3,Limestone,10551.9,10522.9,30,34
BATCH-20260815-002,2026-08-15T00:23:00,2026-08-15T00:23:57,2026-08-15T00:24:49,C,H1,Limestone,13108.2,13123.8,57,52
BATCH-20260815-003,2026-08-15T00:24:00,2026-08-15T00:25:04,2026-08-15T00:25:55,C,H4,Pellet,18619.8,18682.8,64,51
BATCH-20260815-004,2026-08-15T01:22:00,2026-08-15T01:22:50,2026-08-15T01:23:17,C,H4,Coke,14950.9,14890.6,50,27
BATCH-20260815-005,2026-08-15T01:25:00,2026-08-15T01:26:16,2026-08-15T01:26:47,C,H3,Sinter,19535.4,19478.7,76,31
BATCH-20260815-006,2026-08-15T01:26:00,2026-08-15T01:27:14,2026-08-15T01:28:01,C,H4,Sinter,22148.7,22154.3,74,47
BATCH-20260815-007,2026-08-15T01:26:00,2026-08-15T01:26:39,2026-08-15T01:27:22,C,H1,Ore,18325.8,18229.1,39,43
BATCH-20260815-008,2026-08-15T01:40:00,2026-08-15T01:40:58,2026-08-15T01:41:24,C,H4,Pellet,19802.3,19816.6,58,26
BATCH-20260815-009,2026-08-15T01:41:00,2026-08-15T01:42:17,2026-08-15T01:43:06,C,H3,Sinter,22523.5,22598.9,77,49
BATCH-20260815-010,2026-08-15T01:47:00,2026-08-15T01:48:13,2026-08-15T01:49:01,C,H4,Sinter,21970.1,21968.5,73,48
BATCH-20260815-011,2026-08-15T01:55:00,2026-08-15T01:56:04,2026-08-15T01:56:33,C,H3,Limestone,14164.2,14119.1,64,29
BATCH-20260815-012,2026-08-15T02:03:00,2026-08-15T02:03:42,2026-08-15T02:04:37,C,H1,Sinter,15655.1,15581.4,42,55
BATCH-20260815-013,2026-08-15T02:21:00,2026-08-15T02:22:14,2026-08-15T02:22:56,C,H3,Sinter,24043.1,24079.4,74,42
BATCH-20260815-014,2026-08-15T02:38:00,2026-08-15T02:38:49,2026-08-15T02:39:25,C,H4,Ore,23087.8,23116.9,49,36
BATCH-20260815-015,2026-08-15T02:44:00,2026-08-15T02:44:59,2026-08-15T02:45:29,C,H4,Sinter,22070.0,22098.0,59,30
BATCH-20260815-016,2026-08-15T02:58:00,2026-08-15T02:58:55,2026-08-15T02:59:21,C,H3,Sinter,16975.5,16966.3,55,26
BATCH-20260815-017,2026-08-15T03:03:00,2026-08-15T03:04:02,2026-08-15T03:04:38,C,H3,Coke,11735.1,11809.1,62,36
BATCH-20260815-018,2026-08-15T03:05:00,2026-08-15T03:05:34,2026-08-15T03:06:25,C,H4,Limestone,12083.4,12058.7,34,51
BATCH-20260815-019,2026-08-15T03:20:00,2026-08-15T03:21:15,2026-08-15T03:22:13,C,H1,Sinter,15852.7,15940.3,75,58
BATCH-20260815-020,2026-08-15T03:23:00,2026-08-15T03:24:17,2026-08-15T03:25:11,C,H3,Limestone,14724.4,14751.1,77,54
BATCH-20260815-021,2026-08-15T03:25:00,2026-08-15T03:25:52,2026-08-15T03:26:16,C,H1,Limestone,11387.4,11417.7,52,24
BATCH-20260815-022,2026-08-15T03:29:00,2026-08-15T03:29:42,2026-08-15T03:30:12,C,H4,Coke,14978.2,15011.6,42,30
BATCH-20260815-023,2026-08-15T03:46:00,2026-08-15T03:46:43,2026-08-15T03:47:21,C,H2,Sinter,21976.9,22017.7,43,38
BATCH-20260815-024,2026-08-15T03:48:00,2026-08-15T03:49:14,2026-08-15T03:50:12,C,H1,Limestone,14227.9,14240.8,74,58
BATCH-20260815-025,2026-08-15T03:57:00,2026-08-15T03:58:05,2026-08-15T03:58:26,C,H4,Limestone,12490.8,12471.7,65,21
BATCH-20260815-026,2026-08-15T04:06:00,2026-08-15T04:06:38,2026-08-15T04:07:11,C,H4,Ore,26161.9,26125.4,38,33
BATCH-20260815-027,2026-08-15T04:10:00,2026-08-15T04:10:58,2026-08-15T04:11:53,C,H3,Ore,21157.3,21146.4,58,55
BATCH-20260815-028,2026-08-15T04:16:00,2026-08-15T04:17:04,2026-08-15T04:17:52,C,H4,Sinter,21049.5,21022.7,64,48
BATCH-20260815-029,2026-08-15T04:23:00,2026-08-15T04:23:37,2026-08-15T04:24:20,C,H3,Coke,13798.8,13744.2,37,43
BATCH-20260815-030,2026-08-15T04:25:00,2026-08-15T04:25:44,2026-08-15T04:26:43,C,H2,Coke,13989.9,14025.5,44,59
BATCH-20260815-031,2026-08-15T04:34:00,2026-08-15T04:35:13,2026-08-15T04:35:40,C,H1,Limestone,11110.4,11129.0,73,27
BATCH-20260815-032,2026-08-15T04:39:00,2026-08-15T04:40:03,2026-08-15T04:40:41,C,H2,Ore,18086.7,18149.7,63,38
BATCH-20260815-033,2026-08-15T04:39:00,2026-08-15T04:39:45,2026-08-15T04:40:19,C,H2,Sinter,20549.0,20532.6,45,34
BATCH-20260815-034,2026-08-15T04:41:00,2026-08-15T04:41:48,2026-08-15T04:42:20,C,H3,Ore,26663.1,26592.3,48,32
BATCH-20260815-035,2026-08-15T04:43:00,2026-08-15T04:44:14,2026-08-15T04:44:42,C,H2,Ore,19219.9,19205.8,74,28
BATCH-20260815-036,2026-08-15T05:00:00,2026-08-15T05:00:37,2026-08-15T05:01:20,C,H1,Pellet,12226.0,12125.6,37,43
BATCH-20260815-037,2026-08-15T05:01:00,2026-08-15T05:02:02,2026-08-15T05:02:49,C,H4,Sinter,15245.3,15345.7,62,47
BATCH-20260815-038,2026-08-15T05:02:00,2026-08-15T05:02:49,2026-08-15T05:03:15,C,H4,Limestone,10126.8,10097.5,49,26
BATCH-20260815-039,2026-08-15T05:08:00,2026-08-15T05:08:50,2026-08-15T05:09:33,C,H1,Coke,15474.6,15467.3,50,43
BATCH-20260815-040,2026-08-15T05:14:00,2026-08-15T05:15:14,2026-08-15T05:16:04,C,H2,Pellet,14701.7,14742.7,74,50
BATCH-20260815-041,2026-08-15T05:18:00,2026-08-15T05:18:36,2026-08-15T05:19:30,C,H3,Sinter,23636.9,23654.4,36,54
BATCH-20260815-042,2026-08-15T05:23:00,2026-08-15T05:23:47,2026-08-15T05:24:27,C,H1,Ore,18731.0,18682.2,47,40
BATCH-20260815-043,2026-08-15T05:41:00,2026-08-15T05:41:50,2026-08-15T05:42:38,C,H1,Ore,28402.9,28413.7,50,48
BATCH-20260815-044,2026-08-15T05:48:00,2026-08-15T05:49:18,2026-08-15T05:50:14,C,H3,Limestone,11390.1,11444.1,78,56
BATCH-20260815-045,2026-08-15T05:50:00,2026-08-15T05:51:16,2026-08-15T05:52:12,C,H3,Pellet,19045.0,19056.3,76,56
BATCH-20260815-046,2026-08-15T06:22:00,2026-08-15T06:23:14,2026-08-15T06:24:10,A,H1,Coke,17590.6,17570.0,74,56
BATCH-20260815-047,2026-08-15T06:36:00,2026-08-15T06:36:33,2026-08-15T06:37:06,A,H4,Ore,24336.2,24462.5,33,33
BATCH-20260815-048,2026-08-15T06:40:00,2026-08-15T06:41:03,2026-08-15T06:41:47,A,H4,Pellet,19963.9,19886.9,63,44
BATCH-20260815-049,2026-08-15T06:44:00,2026-08-15T06:45:27,2026-08-15T06:45:50,A,H1,Limestone,15485.4,15538.9,87,23
BATCH-20260815-050,2026-08-15T06:49:00,2026-08-15T06:49:31,2026-08-15T06:50:22,A,H2,Limestone,12375.1,12378.6,31,51
BATCH-20260815-051,2026-08-15T06:51:00,2026-08-15T06:52:23,2026-08-15T06:52:55,A,H2,Sinter,24151.9,24134.9,83,32
BATCH-20260815-052,2026-08-15T06:51:00,2026-08-15T06:51:57,2026-08-15T06:52:50,A,H1,Limestone,12828.2,12879.3,57,53
BATCH-20260815-053,2026-08-15T06:52:00,2026-08-15T06:53:28,2026-08-15T06:53:49,A,H2,Coke,11779.6,11751.1,88,21
BATCH-20260815-054,2026-08-15T06:55:00,2026-08-15T06:56:02,2026-08-15T06:56:26,A,H3,Sinter,15563.7,15582.5,62,24
BATCH-20260815-055,2026-08-15T06:58:00,2026-08-15T06:59:30,2026-08-15T07:00:20,A,H3,Ore,23298.1,23269.0,90,50
BATCH-20260815-056,2026-08-15T06:58:00,2026-08-15T06:58:38,2026-08-15T06:59:34,A,H2,Coke,13982.4,14138.2,38,56
BATCH-20260815-057,2026-08-15T07:01:00,2026-08-15T07:02:11,2026-08-15T07:03:10,A,H3,Pellet,16203.6,16200.3,71,59
BATCH-20260815-058,2026-08-15T07:01:00,2026-08-15T07:02:14,2026-08-15T07:03:02,A,H4,Sinter,19741.8,19690.9,74,48
BATCH-20260815-059,2026-08-15T07:03:00,2026-08-15T07:04:07,2026-08-15T07:04:44,A,H2,Limestone,15977.7,15977.2,67,37
BATCH-20260815-060,2026-08-15T07:24:00,2026-08-15T07:25:09,2026-08-15T07:25:34,A,H2,Ore,21379.8,21525.5,69,25
BATCH-20260815-061,2026-08-15T07:28:00,2026-08-15T07:28:49,2026-08-15T07:29:23,A,H2,Sinter,23419.7,23468.9,49,34
BATCH-20260815-062,2026-08-15T07:41:00,2026-08-15T07:42:09,2026-08-15T07:43:05,A,H1,Pellet,16580.9,16568.5,69,56
BATCH-20260815-063,2026-08-15T07:41:00,2026-08-15T07:42:16,2026-08-15T07:43:04,A,H4,Coke,15881.1,15805.2,76,48
BATCH-20260815-064,2026-08-15T07:55:00,2026-08-15T07:55:34,2026-08-15T07:56:27,A,H3,Coke,16530.7,16607.6,34,53
BATCH-20260815-065,2026-08-15T08:03:00,2026-08-15T08:03:31,2026-08-15T08:04:09,A,H2,Ore,27926.1,27698.6,31,38
BATCH-20260815-066,2026-08-15T08:06:00,2026-08-15T08:06:42,2026-08-15T08:07:08,A,H2,Coke,16755.3,16693.3,42,26
BATCH-20260815-067,2026-08-15T08:11:00,2026-08-15T08:12:24,2026-08-15T08:12:45,A,H1,Pellet,13168.4,13179.2,84,21
BATCH-20260815-068,2026-08-15T08:21:00,2026-08-15T08:21:39,2026-08-15T08:22:07,A,H1,Sinter,20810.9,20832.2,39,28
BATCH-20260815-069,2026-08-15T08:30:00,2026-08-15T08:31:16,2026-08-15T08:32:01,A,H2,Coke,16193.5,16197.2,76,45
BATCH-20260815-070,2026-08-15T08:39:00,2026-08-15T08:40:14,2026-08-15T08:40:57,A,H2,Limestone,15902.8,15798.9,74,43
BATCH-20260815-071,2026-08-15T08:41:00,2026-08-15T08:42:24,2026-08-15T08:42:45,A,H1,Sinter,20095.2,20114.6,84,21
BATCH-20260815-072,2026-08-15T08:45:00,2026-08-15T08:46:06,2026-08-15T08:46:57,A,H4,Ore,27506.2,27545.0,66,51
BATCH-20260815-073,2026-08-15T08:47:00,2026-08-15T08:47:45,2026-08-15T08:48:15,A,H2,Ore,26136.0,26206.4,45,30
BATCH-20260815-074,2026-08-15T08:50:00,2026-08-15T08:50:57,2026-08-15T08:51:26,A,H1,Ore,22145.9,22110.3,57,29
BATCH-20260815-075,2026-08-15T08:52:00,2026-08-15T08:53:03,2026-08-15T08:53:59,A,H4,Coke,12593.6,12591.9,63,56
BATCH-20260815-076,2026-08-15T08:57:00,2026-08-15T08:58:15,2026-08-15T08:58:36,A,H2,Coke,12596.0,12580.6,75,21
BATCH-20260815-077,2026-08-15T08:58:00,2026-08-15T08:59:06,2026-08-15T08:59:49,A,H2,Ore,18116.9,18070.3,66,43
BATCH-20260815-078,2026-08-15T09:08:00,2026-08-15T09:09:23,2026-08-15T09:09:50,A,H4,Coke,15770.7,15756.1,83,27
BATCH-20260815-079,2026-08-15T09:23:00,2026-08-15T09:23:58,2026-08-15T09:24:32,A,H3,Ore,20232.4,20111.5,58,34
BATCH-20260815-080,2026-08-15T09:36:00,2026-08-15T09:36:33,2026-08-15T09:37:30,A,H2,Pellet,20146.3,20147.7,33,57
BATCH-20260815-081,2026-08-15T09:41:00,2026-08-15T09:42:27,2026-08-15T09:42:47,A,H3,Limestone,15802.7,15696.2,87,20
BATCH-20260815-082,2026-08-15T09:49:00,2026-08-15T09:49:36,2026-08-15T09:50:25,A,H2,Ore,18561.4,18642.2,36,49
BATCH-20260815-083,2026-08-15T09:56:00,2026-08-15T09:57:21,2026-08-15T09:57:41,A,H1,Sinter,17877.0,17948.2,81,20
BATCH-20260815-084,2026-08-15T10:02:00,2026-08-15T10:03:29,2026-08-15T10:03:52,A,H2,Sinter,24018.5,24018.6,89,23
BATCH-20260815-085,2026-08-15T10:03:00,2026-08-15T10:03:59,2026-08-15T10:04:32,A,H3,Sinter,15466.6,15524.8,59,33
BATCH-20260815-086,2026-08-15T10:09:00,2026-08-15T10:10:20,2026-08-15T10:11:11,A,H1,Coke,14804.7,14779.3,80,51
BATCH-20260815-087,2026-08-15T10:16:00,2026-08-15T10:17:08,2026-08-15T10:17:50,A,H1,Coke,15703.6,15676.8,68,42
BATCH-20260815-088,2026-08-15T10:17:00,2026-08-15T10:18:11,2026-08-15T10:18:41,A,H4,Sinter,20261.7,20316.9,71,30
BATCH-20260815-089,2026-08-15T10:20:00,2026-08-15T10:21:20,2026-08-15T10:22:07,A,H1,Limestone,11962.9,11825.3,80,47
BATCH-20260815-090,2026-08-15T10:50:00,2026-08-15T10:50:33,2026-08-15T10:51:27,A,H2,Limestone,11829.7,11846.7,33,54
BATCH-20260815-091,2026-08-15T10:54:00,2026-08-15T10:55:20,2026-08-15T10:55:44,A,H1,Limestone,12618.1,12575.0,80,24
BATCH-20260815-092,2026-08-15T11:07:00,2026-08-15T11:08:07,2026-08-15T11:08:29,A,H4,Coke,16773.0,16859.6,67,22
BATCH-20260815-093,2026-08-15T11:37:00,2026-08-15T11:37:55,2026-08-15T11:38:35,A,H1,Sinter,15352.3,15319.1,55,40
BATCH-20260815-094,2026-08-15T11:54:00,2026-08-15T11:54:59,2026-08-15T11:55:51,A,H3,Sinter,24770.6,24737.7,59,52
BATCH-20260815-095,2026-08-15T12:00:00,2026-08-15T12:01:04,2026-08-15T12:01:30,A,H1,Limestone,13959.5,13991.5,64,26
BATCH-20260815-096,2026-08-15T12:02:00,2026-08-15T12:02:53,2026-08-15T12:03:48,A,H1,Pellet,17308.6,17299.7,53,55
BATCH-20260815-097,2026-08-15T12:02:00,2026-08-15T12:03:04,2026-08-15T12:03:54,A,H1,Pellet,12540.5,12442.8,64,50
BATCH-20260815-098,2026-08-15T12:18:00,2026-08-15T12:18:38,2026-08-15T12:19:37,A,H3,Ore,26079.5,26132.4,38,59
BATCH-20260815-099,2026-08-15T12:20:00,2026-08-15T12:21:17,2026-08-15T12:21:43,A,H2,Sinter,18532.5,18491.3,77,26
BATCH-20260815-100,2026-08-15T12:28:00,2026-08-15T12:29:07,2026-08-15T12:30:04,A,H3,Pellet,18996.0,18997.2,67,57
BATCH-20260815-101,2026-08-15T12:47:00,2026-08-15T12:47:54,2026-08-15T12:48:44,A,H3,Pellet,20106.1,20136.6,54,50
BATCH-20260815-102,2026-08-15T12:49:00,2026-08-15T12:50:13,2026-08-15T12:50:35,A,H3,Sinter,20106.4,20172.6,73,22
BATCH-20260815-103,2026-08-15T13:02:00,2026-08-15T13:02:45,2026-08-15T13:03:07,A,H3,Ore,23151.7,23161.3,45,22
BATCH-20260815-104,2026-08-15T13:07:00,2026-08-15T13:08:03,2026-08-15T13:08:54,A,H4,Pellet,19907.8,19938.1,63,51
BATCH-20260815-105,2026-08-15T13:13:00,2026-08-15T13:13:31,2026-08-15T13:13:57,A,H2,Pellet,12189.8,12224.9,31,26
BATCH-20260815-106,2026-08-15T13:14:00,2026-08-15T13:15:23,2026-08-15T13:15:57,A,H2,Limestone,11358.6,11339.1,83,34
BATCH-20260815-107,2026-08-15T13:17:00,2026-08-15T13:18:00,2026-08-15T13:18:41,A,H3,Ore,19620.9,19556.3,60,41
BATCH-20260815-108,2026-08-15T13:23:00,2026-08-15T13:23:38,2026-08-15T13:24:38,A,H4,Sinter,24902.7,24872.5,38,60
BATCH-20260815-109,2026-08-15T13:29:00,2026-08-15T13:30:30,2026-08-15T13:31:21,A,H4,Ore,22077.8,22079.9,90,51
BATCH-20260815-110,2026-08-15T13:34:00,2026-08-15T13:34:59,2026-08-15T13:35:19,A,H2,Ore,29082.2,29127.4,59,20
BATCH-20260815-111,2026-08-15T13:36:00,2026-08-15T13:37:08,2026-08-15T13:37:49,A,H1,Coke,15185.9,15185.9,68,41
BATCH-20260815-112,2026-08-15T13:41:00,2026-08-15T13:42:12,2026-08-15T13:42:47,A,H2,Limestone,10318.4,10397.6,72,35
BATCH-20260815-113,2026-08-15T13:52:00,2026-08-15T13:52:30,2026-08-15T13:53:26,A,H4,Coke,10770.2,10823.7,30,56
BATCH-20260815-114,2026-08-15T14:00:00,2026-08-15T14:00:33,2026-08-15T14:00:56,B,H4,Limestone,11373.0,11382.1,33,23
BATCH-20260815-115,2026-08-15T14:05:00,2026-08-15T14:06:04,2026-08-15T14:07:03,B,H2,Coke,17402.8,17310.5,64,59
BATCH-20260815-116,2026-08-15T14:28:00,2026-08-15T14:29:28,2026-08-15T14:30:03,B,H2,Ore,28305.5,28258.1,88,35
BATCH-20260815-117,2026-08-15T14:39:00,2026-08-15T14:39:35,2026-08-15T14:40:27,B,H2,Coke,15036.3,15113.0,35,52
BATCH-20260815-118,2026-08-15T14:45:00,2026-08-15T14:46:04,2026-08-15T14:47:04,B,H1,Pellet,20521.3,20401.5,64,60
BATCH-20260815-119,2026-08-15T14:45:00,2026-08-15T14:45:36,2026-08-15T14:46:02,B,H2,Ore,29743.0,29807.7,36,26
BATCH-20260815-120,2026-08-15T14:53:00,2026-08-15T14:53:55,2026-08-15T14:54:20,B,H4,Coke,16606.7,16632.9,55,25
BATCH-20260815-121,2026-08-15T15:04:00,2026-08-15T15:04:53,2026-08-15T15:05:15,B,H3,Pellet,17640.0,17720.1,53,22
BATCH-20260815-122,2026-08-15T15:10:00,2026-08-15T15:11:30,2026-08-15T15:12:01,B,H3,Pellet,21339.7,21360.4,90,31
BATCH-20260815-123,2026-08-15T15:43:00,2026-08-15T15:44:30,2026-08-15T15:45:18,B,H4,Pellet,19159.4,19177.1,90,48
BATCH-20260815-124,2026-08-15T15:46:00,2026-08-15T15:47:03,2026-08-15T15:47:51,B,H4,Limestone,14441.7,14487.9,63,48
BATCH-20260815-125,2026-08-15T16:22:00,2026-08-15T16:22:48,2026-08-15T16:23:24,B,H3,Pellet,18985.3,18985.5,48,36
BATCH-20260815-126,2026-08-15T16:29:00,2026-08-15T16:29:47,2026-08-15T16:30:24,B,H3,Coke,11091.0,11026.6,47,37
BATCH-20260815-127,2026-08-15T16:32:00,2026-08-15T16:33:20,2026-08-15T16:34:05,B,H2,Pellet,18674.6,18629.0,80,45
BATCH-20260815-128,2026-08-15T16:34:00,2026-08-15T16:34:42,2026-08-15T16:35:34,B,H2,Limestone,13199.7,13191.9,42,52
BATCH-20260815-129,2026-08-15T16:52:00,2026-08-15T16:53:11,2026-08-15T16:53:43,B,H4,Pellet,20680.7,20682.3,71,32
BATCH-20260815-130,2026-08-15T16:53:00,2026-08-15T16:54:21,2026-08-15T16:55:07,B,H3,Coke,15686.9,15759.9,81,46
BATCH-20260815-131,2026-08-15T16:55:00,2026-08-15T16:56:20,2026-08-15T16:56:59,B,H1,Ore,24193.0,24167.2,80,39
BATCH-20260815-132,2026-08-15T16:59:00,2026-08-15T17:00:10,2026-08-15T17:00:41,B,H4,Ore,22401.4,22472.6,70,31
BATCH-20260815-133,2026-08-15T17:04:00,2026-08-15T17:04:51,2026-08-15T17:05:20,B,H2,Limestone,10303.9,10306.7,51,29
BATCH-20260815-134,2026-08-15T17:05:00,2026-08-15T17:05:48,2026-08-15T17:06:27,B,H3,Sinter,18683.8,18739.5,48,39
BATCH-20260815-135,2026-08-15T17:20:00,2026-08-15T17:21:29,2026-08-15T17:22:27,B,H4,Coke,16021.0,15900.9,89,58
BATCH-20260815-136,2026-08-15T17:23:00,2026-08-15T17:24:04,2026-08-15T17:24:27,B,H4,Ore,22898.5,22894.4,64,23
BATCH-20260815-137,2026-08-15T17:27:00,2026-08-15T17:27:30,2026-08-15T17:28:11,B,H4,Ore,23911.1,23883.4,30,41
BATCH-20260815-138,2026-08-15T17:38:00,2026-08-15T17:39:28,2026-08-15T17:40:18,B,H1,Limestone,11692.7,11729.3,88,50
BATCH-20260815-139,2026-08-15T17:39:00,2026-08-15T17:40:22,2026-08-15T17:41:08,B,H3,Sinter,22560.5,22537.6,82,46
BATCH-20260815-140,2026-08-15T17:41:00,2026-08-15T17:42:30,2026-08-15T17:43:16,B,H2,Coke,15548.9,15691.7,90,46
BATCH-20260815-141,2026-08-15T17:47:00,2026-08-15T17:47:37,2026-08-15T17:48:32,B,H4,Pellet,13191.3,13167.9,37,55
BATCH-20260815-142,2026-08-15T17:48:00,2026-08-15T17:48:36,2026-08-15T17:49:25,B,H3,Sinter,24525.4,24493.5,36,49
BATCH-20260815-143,2026-08-15T17:53:00,2026-08-15T17:54:13,2026-08-15T17:54:43,B,H4,Pellet,16461.4,16485.7,73,30
BATCH-20260815-144,2026-08-15T18:02:00,2026-08-15T18:02:48,2026-08-15T18:03:25,B,H3,Limestone,15828.8,15816.7,48,37
BATCH-20260815-145,2026-08-15T18:02:00,2026-08-15T18:02:50,2026-08-15T18:03:11,B,H4,Pellet,17026.4,17047.4,50,21
BATCH-20260815-146,2026-08-15T18:04:00,2026-08-15T18:04:46,2026-08-15T18:05:17,B,H3,Coke,15417.6,15440.6,46,31
BATCH-20260815-147,2026-08-15T18:08:00,2026-08-15T18:08:40,2026-08-15T18:09:18,B,H3,Pellet,18996.5,18937.8,40,38
BATCH-20260815-148,2026-08-15T18:12:00,2026-08-15T18:12:38,2026-08-15T18:13:27,B,H1,Pellet,20974.5,21045.8,38,49
BATCH-20260815-149,2026-08-15T18:14:00,2026-08-15T18:14:47,2026-08-15T18:15:22,B,H2,Sinter,15888.0,15903.1,47,35
BATCH-20260815-150,2026-08-15T18:20:00,2026-08-15T18:20:30,2026-08-15T18:20:52,B,H4,Coke,15802.4,15808.2,30,22
BATCH-20260815-151,2026-08-15T18:30:00,2026-08-15T18:30:53,2026-08-15T18:31:22,B,H4,Ore,19615.4,19726.3,53,29
BATCH-20260815-152,2026-08-15T18:34:00,2026-08-15T18:35:24,2026-08-15T18:36:03,B,H4,Limestone,13953.1,13989.3,84,39
BATCH-20260815-153,2026-08-15T18:39:00,2026-08-15T18:39:37,2026-08-15T18:40:08,B,H3,Pellet,13437.7,13426.0,37,31
BATCH-20260815-154,2026-08-15T18:41:00,2026-08-15T18:42:20,2026-08-15T18:42:42,B,H1,Sinter,23884.6,23839.0,80,22
BATCH-20260815-155,2026-08-15T19:00:00,2026-08-15T19:01:16,2026-08-15T19:01:55,B,H3,Coke,12586.5,12605.7,76,39
BATCH-20260815-156,2026-08-15T19:04:00,2026-08-15T19:05:16,2026-08-15T19:05:53,B,H2,Limestone,11863.1,11815.4,76,37
BATCH-20260815-157,2026-08-15T19:10:00,2026-08-15T19:11:20,2026-08-15T19:12:02,B,H4,Limestone,14517.0,14580.2,80,42
BATCH-20260815-158,2026-08-15T19:10:00,2026-08-15T19:11:01,2026-08-15T19:11:31,B,H2,Ore,20049.1,20044.5,61,30
BATCH-20260815-159,2026-08-15T19:10:00,2026-08-15T19:10:51,2026-08-15T19:11:37,B,H2,Ore,24499.0,24450.2,51,46
BATCH-20260815-160,2026-08-15T19:13:00,2026-08-15T19:14:05,2026-08-15T19:14:35,B,H2,Pellet,15711.5,15814.1,65,30
BATCH-20260815-161,2026-08-15T19:21:00,2026-08-15T19:22:14,2026-08-15T19:22:35,B,H2,Limestone,13193.9,13265.3,74,21
BATCH-20260815-162,2026-08-15T19:23:00,2026-08-15T19:24:16,2026-08-15T19:25:07,B,H3,Sinter,23425.9,23412.8,76,51
BATCH-20260815-163,2026-08-15T19:29:00,2026-08-15T19:30:18,2026-08-15T19:30:57,B,H3,Sinter,17546.2,17500.2,78,39
BATCH-20260815-164,2026-08-15T19:31:00,2026-08-15T19:32:28,2026-08-15T19:32:51,B,H3,Ore,20898.6,20905.6,88,23
BATCH-20260815-165,2026-08-15T19:42:00,2026-08-15T19:43:10,2026-08-15T19:44:05,B,H3,Coke,15603.8,15568.7,70,55
BATCH-20260815-166,2026-08-15T19:59:00,2026-08-15T20:00:08,2026-08-15T20:00:33,B,H4,Limestone,11521.6,11488.0,68,25
BATCH-20260815-167,2026-08-15T20:00:00,2026-08-15T20:01:15,2026-08-15T20:01:39,B,H1,Pellet,19662.9,19113.8,75,24
BATCH-20260815-168,2026-08-15T20:10:00,2026-08-15T20:10:42,2026-08-15T20:11:24,B,H2,Sinter,16166.8,16172.9,42,42
BATCH-20260815-169,2026-08-15T20:15:00,2026-08-15T20:16:04,2026-08-15T20:16:55,B,H3,Sinter,17669.1,17617.2,64,51
BATCH-20260815-170,2026-08-15T20:25:00,2026-08-15T20:25:48,2026-08-15T20:26:27,B,H4,Ore,22906.1,22945.6,48,39
BATCH-20260815-171,2026-08-15T20:27:00,2026-08-15T20:28:18,2026-08-15T20:28:55,B,H2,Limestone,11877.1,12001.4,78,37
BATCH-20260815-172,2026-08-15T20:36:00,2026-08-15T20:37:24,2026-08-15T20:37:49,B,H4,Limestone,15662.0,15613.1,84,25
BATCH-20260815-173,2026-08-15T20:39:00,2026-08-15T20:39:48,2026-08-15T20:40:13,B,H4,Sinter,18292.9,18343.2,48,25
BATCH-20260815-174,2026-08-15T20:43:00,2026-08-15T20:43:57,2026-08-15T20:44:37,B,H4,Sinter,19182.2,19103.6,57,40
BATCH-20260815-175,2026-08-15T21:11:00,2026-08-15T21:12:12,2026-08-15T21:13:08,B,H3,Coke,15355.6,15356.0,72,56
BATCH-20260815-176,2026-08-15T21:16:00,2026-08-15T21:16:55,2026-08-15T21:17:28,B,H4,Ore,29294.8,29332.3,55,33
BATCH-20260815-177,2026-08-15T21:17:00,2026-08-15T21:18:05,2026-08-15T21:19:03,B,H4,Sinter,16435.4,16459.8,65,58
BATCH-20260815-178,2026-08-15T21:18:00,2026-08-15T21:18:59,2026-08-15T21:19:31,B,H4,Limestone,15636.1,15672.2,59,32
BATCH-20260815-179,2026-08-15T21:22:00,2026-08-15T21:22:32,2026-08-15T21:23:17,B,H1,Limestone,12978.0,12884.4,32,45
BATCH-20260815-180,2026-08-15T21:27:00,2026-08-15T21:28:29,2026-08-15T21:29:23,B,H3,Sinter,24940.2,24917.1,89,54
BATCH-20260815-181,2026-08-15T21:27:00,2026-08-15T21:27:32,2026-08-15T21:28:27,B,H4,Limestone,11174.6,11119.1,32,55
BATCH-20260815-182,2026-08-15T21:28:00,2026-08-15T21:28:53,2026-08-15T21:29:43,B,H3,Ore,21760.3,21779.3,53,50
BATCH-20260815-183,2026-08-15T21:33:00,2026-08-15T21:34:03,2026-08-15T21:34:50,B,H3,Ore,18848.8,18819.6,63,47
BATCH-20260815-184,2026-08-15T21:35:00,2026-08-15T21:36:18,2026-08-15T21:37:13,B,H3,Limestone,13280.5,13234.4,78,55
BATCH-20260815-185,2026-08-15T21:43:00,2026-08-15T21:43:50,2026-08-15T21:44:28,B,H4,Sinter,23900.1,23899.1,50,38
BATCH-20260815-186,2026-08-15T21:52:00,2026-08-15T21:53:01,2026-08-15T21:53:26,B,H3,Pellet,15237.7,15199.9,61,25
BATCH-20260815-187,2026-08-15T21:56:00,2026-08-15T21:57:21,2026-08-15T21:58:12,B,H4,Coke,14426.9,14447.6,81,51
BATCH-20260815-188,2026-08-15T21:58:00,2026-08-15T21:59:21,2026-08-15T21:59:43,B,H3,Coke,11760.2,11498.5,81,22
BATCH-20260815-189,2026-08-15T22:10:00,2026-08-15T22:10:54,2026-08-15T22:11:23,C,H2,Pellet,15094.1,15026.5,54,29
BATCH-20260815-190,2026-08-15T22:34:00,2026-08-15T22:35:10,2026-08-15T22:35:58,C,H3,Limestone,15906.1,15971.0,70,48
BATCH-20260815-191,2026-08-15T22:41:00,2026-08-15T22:41:35,2026-08-15T22:42:32,C,H4,Pellet,13651.5,13625.4,35,57
BATCH-20260815-192,2026-08-15T23:06:00,2026-08-15T23:07:25,2026-08-15T23:08:24,C,H4,Sinter,24907.1,24927.1,85,59
BATCH-20260815-193,2026-08-15T23:08:00,2026-08-15T23:09:19,2026-08-15T23:09:55,C,H4,Limestone,10402.4,10314.4,79,36
BATCH-20260815-194,2026-08-15T23:09:00,2026-08-15T23:09:52,2026-08-15T23:10:40,C,H3,Limestone,13677.0,13597.3,52,48
BATCH-20260815-195,2026-08-15T23:17:00,2026-08-15T23:18:28,2026-08-15T23:18:53,C,H4,Ore,20212.5,20177.5,88,25
BATCH-20260815-196,2026-08-15T23:20:00,2026-08-15T23:21:20,2026-08-15T23:22:19,C,H3,Sinter,23025.3,23052.5,80,59
BATCH-20260815-197,2026-08-15T23:25:00,2026-08-15T23:26:23,2026-08-15T23:27:19,C,H1,Ore,19221.4,19214.7,83,56
BATCH-20260815-198,2026-08-15T23:26:00,2026-08-15T23:26:44,2026-08-15T23:27:19,C,H1,Coke,17038.4,17100.0,44,35
BATCH-20260815-199,2026-08-15T23:39:00,2026-08-15T23:40:28,2026-08-15T23:41:03,C,H4,Coke,17817.9,17799.1,88,35
BATCH-20260815-200,2026-08-15T23:42:00,2026-08-15T23:42:36,2026-08-15T23:43:09,C,H4,Pellet,18181.0,18182.2,36,33
BATCH-20260816-001,2026-08-16T00:05:00,2026-08-16T00:05:53,2026-08-16T00:06:15,C,H3,Coke,10561.6,10555.0,53,22
BATCH-20260816-002,2026-08-16T00:11:00,2026-08-16T00:11:47,2026-08-16T00:12:38,C,H3,Ore,23308.3,23342.9,47,51
BATCH-20260816-003,2026-08-16T00:16:00,2026-08-16T00:16:46,2026-08-16T00:17:34,C,H1,Ore,29955.5,30000.3,46,48
BATCH-20260816-004,2026-08-16T00:27:00,2026-08-16T00:27:54,2026-08-16T00:28:47,C,H3,Coke,15708.2,15685.2,54,53
BATCH-20260816-005,2026-08-16T00:29:00,2026-08-16T00:29:52,2026-08-16T00:30:24,C,H4,Limestone,14046.6,14094.5,52,32
BATCH-20260816-006,2026-08-16T00:36:00,2026-08-16T00:36:45,2026-08-16T00:37:37,C,H4,Ore,28641.2,28592.5,45,52
BATCH-20260816-007,2026-08-16T00:42:00,2026-08-16T00:43:26,2026-08-16T00:43:46,C,H4,Ore,22296.9,22712.6,86,20
BATCH-20260816-008,2026-08-16T00:42:00,2026-08-16T00:42:54,2026-08-16T00:43:23,C,H3,Pellet,16230.4,16249.9,54,29
BATCH-20260816-009,2026-08-16T00:46:00,2026-08-16T00:46:44,2026-08-16T00:47:28,C,H4,Pellet,12918.3,12902.7,44,44
BATCH-20260816-010,2026-08-16T00:49:00,2026-08-16T00:50:03,2026-08-16T00:51:03,C,H1,Sinter,19990.3,20032.7,63,60
BATCH-20260816-011,2026-08-16T00:50:00,2026-08-16T00:51:23,2026-08-16T00:51:54,C,H3,Limestone,10189.1,10200.7,83,31
BATCH-20260816-012,2026-08-16T00:53:00,2026-08-16T00:53:48,2026-08-16T00:54:27,C,H3,Coke,12166.3,12145.4,48,39
BATCH-20260816-013,2026-08-16T00:56:00,2026-08-16T00:56:37,2026-08-16T00:57:09,C,H2,Coke,13940.2,13854.9,37,32
BATCH-20260816-014,2026-08-16T00:58:00,2026-08-16T00:59:20,2026-08-16T00:59:57,C,H4,Pellet,14562.6,14638.7,80,37
BATCH-20260816-015,2026-08-16T01:18:00,2026-08-16T01:18:41,2026-08-16T01:19:38,C,H4,Pellet,16198.1,16153.0,41,57
BATCH-20260816-016,2026-08-16T01:18:00,2026-08-16T01:18:52,2026-08-16T01:19:25,C,H3,Ore,23716.2,23693.7,52,33
BATCH-20260816-017,2026-08-16T01:25:00,2026-08-16T01:25:58,2026-08-16T01:26:48,C,H2,Ore,21665.6,21685.2,58,50
BATCH-20260816-018,2026-08-16T01:40:00,2026-08-16T01:40:37,2026-08-16T01:41:12,C,H1,Coke,14577.4,14501.4,37,35
BATCH-20260816-019,2026-08-16T01:41:00,2026-08-16T01:42:23,2026-08-16T01:43:23,C,H1,Ore,22924.9,22900.4,83,60
BATCH-20260816-020,2026-08-16T01:50:00,2026-08-16T01:50:35,2026-08-16T01:51:28,C,H4,Ore,29132.9,29122.9,35,53
BATCH-20260816-021,2026-08-16T01:53:00,2026-08-16T01:54:08,2026-08-16T01:55:03,C,H2,Pellet,12424.3,12401.5,68,55
BATCH-20260816-022,2026-08-16T01:56:00,2026-08-16T01:57:07,2026-08-16T01:58:00,C,H1,Pellet,20110.1,20059.1,67,53
BATCH-20260816-023,2026-08-16T01:59:00,2026-08-16T02:00:13,2026-08-16T02:00:52,C,H3,Ore,25621.3,25600.8,73,39
BATCH-20260816-024,2026-08-16T02:09:00,2026-08-16T02:10:01,2026-08-16T02:10:32,C,H3,Coke,12775.2,12776.7,61,31
BATCH-20260816-025,2026-08-16T02:22:00,2026-08-16T02:22:52,2026-08-16T02:23:46,C,H4,Pellet,16973.3,17051.1,52,54
BATCH-20260816-026,2026-08-16T02:23:00,2026-08-16T02:24:10,2026-08-16T02:24:45,C,H3,Coke,15889.8,15932.4,70,35
BATCH-20260816-027,2026-08-16T02:30:00,2026-08-16T02:30:43,2026-08-16T02:31:09,C,H2,Pellet,14549.6,14507.9,43,26
BATCH-20260816-028,2026-08-16T02:37:00,2026-08-16T02:37:34,2026-08-16T02:38:08,C,H3,Coke,16484.1,16431.8,34,34
BATCH-20260816-029,2026-08-16T02:46:00,2026-08-16T02:47:16,2026-08-16T02:47:58,C,H3,Limestone,13103.7,13097.8,76,42
BATCH-20260816-030,2026-08-16T02:48:00,2026-08-16T02:49:11,2026-08-16T02:49:49,C,H1,Coke,13637.1,13642.0,71,38
BATCH-20260816-031,2026-08-16T03:04:00,2026-08-16T03:04:54,2026-08-16T03:05:45,C,H1,Sinter,16926.5,16855.4,54,51
BATCH-20260816-032,2026-08-16T03:17:00,2026-08-16T03:17:38,2026-08-16T03:18:32,C,H2,Sinter,17853.0,17931.6,38,54
BATCH-20260816-033,2026-08-16T03:24:00,2026-08-16T03:24:56,2026-08-16T03:25:31,C,H4,Ore,18198.3,18178.4,56,35
BATCH-20260816-034,2026-08-16T03:27:00,2026-08-16T03:28:23,2026-08-16T03:29:11,C,H1,Ore,18041.6,18062.9,83,48
BATCH-20260816-035,2026-08-16T03:27:00,2026-08-16T03:27:33,2026-08-16T03:27:59,C,H1,Limestone,11562.8,11551.9,33,26
BATCH-20260816-036,2026-08-16T03:32:00,2026-08-16T03:33:27,2026-08-16T03:33:57,C,H4,Limestone,14805.2,14846.7,87,30
BATCH-20260816-037,2026-08-16T03:43:00,2026-08-16T03:44:10,2026-08-16T03:44:38,C,H3,Limestone,14362.6,14337.1,70,28
BATCH-20260816-038,2026-08-16T03:45:00,2026-08-16T03:46:21,2026-08-16T03:46:50,C,H3,Pellet,16520.5,16615.0,81,29
BATCH-20260816-039,2026-08-16T03:58:00,2026-08-16T03:59:16,2026-08-16T03:59:43,C,H4,Pellet,15582.2,15643.7,76,27
BATCH-20260816-040,2026-08-16T04:06:00,2026-08-16T04:07:17,2026-08-16T04:07:53,C,H2,Pellet,15644.0,15656.2,77,36
BATCH-20260816-041,2026-08-16T04:14:00,2026-08-16T04:15:21,2026-08-16T04:15:47,C,H2,Coke,15525.7,15559.2,81,26
BATCH-20260816-042,2026-08-16T04:20:00,2026-08-16T04:21:18,2026-08-16T04:21:47,C,H2,Coke,13264.4,13244.1,78,29
BATCH-20260816-043,2026-08-16T04:25:00,2026-08-16T04:25:51,2026-08-16T04:26:25,C,H3,Limestone,15831.5,15891.6,51,34
BATCH-20260816-044,2026-08-16T04:31:00,2026-08-16T04:31:45,2026-08-16T04:32:23,C,H1,Coke,11153.8,11195.0,45,38
BATCH-20260816-045,2026-08-16T04:42:00,2026-08-16T04:43:19,2026-08-16T04:44:18,C,H4,Coke,17818.2,17824.4,79,59
BATCH-20260816-046,2026-08-16T04:51:00,2026-08-16T04:52:05,2026-08-16T04:52:42,C,H1,Pellet,19736.2,19787.4,65,37
BATCH-20260816-047,2026-08-16T05:13:00,2026-08-16T05:13:54,2026-08-16T05:14:36,C,H4,Limestone,14595.1,14570.7,54,42
BATCH-20260816-048,2026-08-16T05:40:00,2026-08-16T05:40:49,2026-08-16T05:41:36,C,H3,Pellet,14074.7,13818.6,49,47
BATCH-20260816-049,2026-08-16T05:44:00,2026-08-16T05:45:10,2026-08-16T05:45:42,C,H1,Pellet,21197.9,21125.0,70,32
BATCH-20260816-050,2026-08-16T05:46:00,2026-08-16T05:47:00,2026-08-16T05:47:53,C,H3,Sinter,17802.2,17676.3,60,53
BATCH-20260816-051,2026-08-16T05:52:00,2026-08-16T05:52:31,2026-08-16T05:53:08,C,H4,Limestone,10215.4,10252.7,31,37
BATCH-20260816-052,2026-08-16T05:59:00,2026-08-16T05:59:40,2026-08-16T06:00:07,C,H4,Ore,19788.6,19893.5,40,27
BATCH-20260816-053,2026-08-16T05:59:00,2026-08-16T06:00:28,2026-08-16T06:00:51,C,H4,Pellet,15362.6,15309.8,88,23
BATCH-20260816-054,2026-08-16T06:15:00,2026-08-16T06:16:13,2026-08-16T06:16:46,A,H2,Pellet,20400.1,20360.6,73,33
BATCH-20260816-055,2026-08-16T06:18:00,2026-08-16T06:18:33,2026-08-16T06:19:24,A,H2,Limestone,10003.4,9931.2,33,51
BATCH-20260816-056,2026-08-16T06:30:00,2026-08-16T06:30:43,2026-08-16T06:31:35,A,H2,Limestone,14173.9,14256.1,43,52
BATCH-20260816-057,2026-08-16T06:38:00,2026-08-16T06:39:04,2026-08-16T06:39:31,A,H3,Pellet,12410.9,12459.5,64,27
BATCH-20260816-058,2026-08-16T06:50:00,2026-08-16T06:51:09,2026-08-16T06:51:29,A,H4,Limestone,15129.2,15077.5,69,20
BATCH-20260816-059,2026-08-16T06:56:00,2026-08-16T06:57:20,2026-08-16T06:57:55,A,H2,Sinter,15966.4,15930.1,80,35
BATCH-20260816-060,2026-08-16T06:56:00,2026-08-16T06:57:29,2026-08-16T06:58:10,A,H1,Ore,25549.8,25593.1,89,41
BATCH-20260816-061,2026-08-16T07:00:00,2026-08-16T07:00:56,2026-08-16T07:01:51,A,H4,Limestone,11722.7,11767.2,56,55
BATCH-20260816-062,2026-08-16T07:07:00,2026-08-16T07:08:12,2026-08-16T07:08:55,A,H3,Coke,16820.6,16892.6,72,43
BATCH-20260816-063,2026-08-16T07:15:00,2026-08-16T07:16:25,2026-08-16T07:17:21,A,H2,Pellet,14014.1,14010.2,85,56
BATCH-20260816-064,2026-08-16T07:18:00,2026-08-16T07:19:30,2026-08-16T07:20:26,A,H4,Limestone,13554.0,13527.2,90,56
BATCH-20260816-065,2026-08-16T07:31:00,2026-08-16T07:32:25,2026-08-16T07:33:07,A,H2,Sinter,15652.8,15607.5,85,42
BATCH-20260816-066,2026-08-16T07:38:00,2026-08-16T07:39:07,2026-08-16T07:40:03,A,H3,Ore,27629.6,27571.5,67,56
BATCH-20260816-067,2026-08-16T07:43:00,2026-08-16T07:43:58,2026-08-16T07:44:52,A,H2,Limestone,11101.8,11098.0,58,54
BATCH-20260816-068,2026-08-16T07:48:00,2026-08-16T07:48:44,2026-08-16T07:49:42,A,H2,Limestone,10734.4,10708.8,44,58
BATCH-20260816-069,2026-08-16T07:49:00,2026-08-16T07:49:56,2026-08-16T07:50:54,A,H1,Sinter,20655.3,20667.5,56,58
BATCH-20260816-070,2026-08-16T08:07:00,2026-08-16T08:08:17,2026-08-16T08:08:47,A,H2,Limestone,12501.6,12496.9,77,30
BATCH-20260816-071,2026-08-16T08:10:00,2026-08-16T08:10:31,2026-08-16T08:11:16,A,H4,Ore,26501.0,26582.6,31,45
BATCH-20260816-072,2026-08-16T08:28:00,2026-08-16T08:29:25,2026-08-16T08:30:05,A,H4,Pellet,14948.6,14905.2,85,40
BATCH-20260816-073,2026-08-16T08:30:00,2026-08-16T08:30:39,2026-08-16T08:31:29,A,H3,Sinter,24493.4,24493.6,39,50
BATCH-20260816-074,2026-08-16T08:33:00,2026-08-16T08:34:03,2026-08-16T08:34:30,A,H2,Coke,16542.8,16623.4,63,27
BATCH-20260816-075,2026-08-16T08:40:00,2026-08-16T08:41:04,2026-08-16T08:42:01,A,H2,Coke,11865.2,11892.6,64,57
BATCH-20260816-076,2026-08-16T08:42:00,2026-08-16T08:43:16,2026-08-16T08:43:45,A,H2,Ore,22507.1,22222.4,76,29
BATCH-20260816-077,2026-08-16T08:47:00,2026-08-16T08:48:09,2026-08-16T08:48:48,A,H3,Sinter,15245.7,15297.7,69,39
BATCH-20260816-078,2026-08-16T08:48:00,2026-08-16T08:49:15,2026-08-16T08:49:40,A,H3,Coke,14720.4,14701.9,75,25
BATCH-20260816-079,2026-08-16T09:04:00,2026-08-16T09:04:56,2026-08-16T09:05:23,A,H4,Limestone,14671.1,14636.4,56,27
BATCH-20260816-080,2026-08-16T09:16:00,2026-08-16T09:16:36,2026-08-16T09:17:16,A,H4,Limestone,10863.9,10827.4,36,40
BATCH-20260816-081,2026-08-16T09:20:00,2026-08-16T09:21:27,2026-08-16T09:21:51,A,H4,Ore,23792.7,23723.4,87,24
BATCH-20260816-082,2026-08-16T09:26:00,2026-08-16T09:27:24,2026-08-16T09:27:50,A,H1,Pellet,15826.3,15832.3,84,26
BATCH-20260816-083,2026-08-16T09:31:00,2026-08-16T09:31:57,2026-08-16T09:32:30,A,H4,Coke,17634.9,17626.9,57,33
BATCH-20260816-084,2026-08-16T09:31:00,2026-08-16T09:31:56,2026-08-16T09:32:54,A,H2,Limestone,14716.0,14639.7,56,58
BATCH-20260816-085,2026-08-16T09:43:00,2026-08-16T09:44:27,2026-08-16T09:45:08,A,H1,Coke,11328.2,11345.0,87,41
BATCH-20260816-086,2026-08-16T09:46:00,2026-08-16T09:46:36,2026-08-16T09:47:14,A,H4,Ore,25810.9,25795.7,36,38
BATCH-20260816-087,2026-08-16T09:52:00,2026-08-16T09:52:46,2026-08-16T09:53:40,A,H2,Coke,11435.2,11463.9,46,54
BATCH-20260816-088,2026-08-16T09:54:00,2026-08-16T09:55:02,2026-08-16T09:55:40,A,H4,Limestone,14713.7,14769.7,62,38
BATCH-20260816-089,2026-08-16T10:16:00,2026-08-16T10:17:01,2026-08-16T10:17:42,A,H2,Sinter,19653.9,19576.8,61,41
BATCH-20260816-090,2026-08-16T10:27:00,2026-08-16T10:27:58,2026-08-16T10:28:28,A,H1,Limestone,15760.5,15815.7,58,30
BATCH-20260816-091,2026-08-16T10:28:00,2026-08-16T10:29:03,2026-08-16T10:29:48,A,H3,Ore,29480.9,29466.9,63,45
BATCH-20260816-092,2026-08-16T10:30:00,2026-08-16T10:30:30,2026-08-16T10:31:01,A,H3,Limestone,15715.8,15709.1,30,31
BATCH-20260816-093,2026-08-16T10:32:00,2026-08-16T10:32:37,2026-08-16T10:33:00,A,H1,Coke,17058.2,17064.2,37,23
BATCH-20260816-094,2026-08-16T10:35:00,2026-08-16T10:35:38,2026-08-16T10:36:33,A,H3,Pellet,12354.2,12227.7,38,55
BATCH-20260816-095,2026-08-16T10:45:00,2026-08-16T10:45:55,2026-08-16T10:46:16,A,H1,Pellet,19500.6,19495.2,55,21
BATCH-20260816-096,2026-08-16T10:56:00,2026-08-16T10:56:35,2026-08-16T10:57:30,A,H2,Limestone,11641.8,11640.2,35,55
BATCH-20260816-097,2026-08-16T11:05:00,2026-08-16T11:06:19,2026-08-16T11:07:07,A,H2,Coke,14201.1,14162.7,79,48
BATCH-20260816-098,2026-08-16T11:21:00,2026-08-16T11:22:04,2026-08-16T11:22:24,A,H3,Sinter,15172.5,15086.2,64,20
BATCH-20260816-099,2026-08-16T11:34:00,2026-08-16T11:35:04,2026-08-16T11:35:46,A,H3,Coke,14164.7,14141.7,64,42
BATCH-20260816-100,2026-08-16T11:34:00,2026-08-16T11:35:16,2026-08-16T11:35:41,A,H1,Sinter,18962.9,18921.8,76,25
BATCH-20260816-101,2026-08-16T11:39:00,2026-08-16T11:40:20,2026-08-16T11:40:52,A,H1,Limestone,14056.4,14064.7,80,32
BATCH-20260816-102,2026-08-16T11:42:00,2026-08-16T11:42:38,2026-08-16T11:43:31,A,H2,Pellet,16090.1,16088.4,38,53
BATCH-20260816-103,2026-08-16T11:44:00,2026-08-16T11:44:31,2026-08-16T11:45:01,A,H3,Limestone,13347.0,13322.1,31,30
BATCH-20260816-104,2026-08-16T11:48:00,2026-08-16T11:48:51,2026-08-16T11:49:11,A,H2,Ore,20993.9,21009.3,51,20
BATCH-20260816-105,2026-08-16T11:51:00,2026-08-16T11:51:30,2026-08-16T11:51:59,A,H1,Limestone,11054.4,11127.3,30,29
BATCH-20260816-106,2026-08-16T12:08:00,2026-08-16T12:08:36,2026-08-16T12:09:29,A,H4,Ore,18118.8,18140.5,36,53
BATCH-20260816-107,2026-08-16T12:21:00,2026-08-16T12:21:39,2026-08-16T12:22:37,A,H4,Ore,19101.0,19117.1,39,58
BATCH-20260816-108,2026-08-16T12:28:00,2026-08-16T12:29:09,2026-08-16T12:29:50,A,H2,Pellet,18008.7,17973.2,69,41
BATCH-20260816-109,2026-08-16T12:32:00,2026-08-16T12:33:08,2026-08-16T12:34:05,A,H3,Sinter,15477.8,15566.3,68,57
BATCH-20260816-110,2026-08-16T12:34:00,2026-08-16T12:34:58,2026-08-16T12:35:26,A,H4,Limestone,10349.6,10394.0,58,28
BATCH-20260816-111,2026-08-16T12:35:00,2026-08-16T12:36:02,2026-08-16T12:36:52,A,H1,Limestone,13379.4,13399.5,62,50
BATCH-20260816-112,2026-08-16T12:35:00,2026-08-16T12:35:45,2026-08-16T12:36:45,A,H3,Ore,26899.3,26962.8,45,60
BATCH-20260816-113,2026-08-16T12:35:00,2026-08-16T12:35:38,2026-08-16T12:36:35,A,H3,Pellet,20345.7,20374.3,38,57
BATCH-20260816-114,2026-08-16T12:41:00,2026-08-16T12:41:49,2026-08-16T12:42:14,A,H3,Limestone,13021.0,13072.5,49,25
BATCH-20260816-115,2026-08-16T12:41:00,2026-08-16T12:41:37,2026-08-16T12:42:11,A,H2,Ore,24600.8,24595.3,37,34
BATCH-20260816-116,2026-08-16T12:44:00,2026-08-16T12:44:52,2026-08-16T12:45:29,A,H1,Pellet,17918.5,17884.8,52,37
BATCH-20260816-117,2026-08-16T12:50:00,2026-08-16T12:50:53,2026-08-16T12:51:38,A,H4,Pellet,15052.5,15104.3,53,45
BATCH-20260816-118,2026-08-16T12:51:00,2026-08-16T12:51:57,2026-08-16T12:52:43,A,H1,Limestone,14665.6,14617.0,57,46
BATCH-20260816-119,2026-08-16T12:53:00,2026-08-16T12:53:31,2026-08-16T12:54:24,A,H4,Coke,10887.5,11077.2,31,53
BATCH-20260816-120,2026-08-16T12:56:00,2026-08-16T12:56:45,2026-08-16T12:57:06,A,H1,Ore,22551.7,22655.6,45,21
BATCH-20260816-121,2026-08-16T12:57:00,2026-08-16T12:58:10,2026-08-16T12:58:41,A,H2,Coke,13911.8,13937.7,70,31
BATCH-20260816-122,2026-08-16T13:10:00,2026-08-16T13:10:38,2026-08-16T13:11:18,A,H4,Coke,17174.0,17121.1,38,40
BATCH-20260816-123,2026-08-16T13:19:00,2026-08-16T13:20:05,2026-08-16T13:20:56,A,H1,Limestone,12898.8,12942.2,65,51
BATCH-20260816-124,2026-08-16T13:24:00,2026-08-16T13:25:22,2026-08-16T13:26:01,A,H2,Pellet,13685.7,13636.0,82,39
BATCH-20260816-125,2026-08-16T13:41:00,2026-08-16T13:42:07,2026-08-16T13:42:37,A,H4,Pellet,16765.2,16818.3,67,30
BATCH-20260816-126,2026-08-16T13:43:00,2026-08-16T13:43:30,2026-08-16T13:44:25,A,H4,Pellet,18666.6,18688.7,30,55
BATCH-20260816-127,2026-08-16T13:45:00,2026-08-16T13:45:40,2026-08-16T13:46:33,A,H1,Coke,15788.5,15823.6,40,53
BATCH-20260816-128,2026-08-16T14:15:00,2026-08-16T14:15:43,2026-08-16T14:16:26,B,H3,Pellet,20235.8,20202.8,43,43
BATCH-20260816-129,2026-08-16T14:16:00,2026-08-16T14:17:15,2026-08-16T14:18:07,B,H2,Sinter,17464.9,17466.7,75,52
BATCH-20260816-130,2026-08-16T14:27:00,2026-08-16T14:27:53,2026-08-16T14:28:19,B,H1,Ore,18453.6,18467.2,53,26
BATCH-20260816-131,2026-08-16T14:38:00,2026-08-16T14:39:16,2026-08-16T14:39:45,B,H4,Ore,21812.3,21761.7,76,29
BATCH-20260816-132,2026-08-16T14:39:00,2026-08-16T14:39:53,2026-08-16T14:40:29,B,H2,Coke,14301.9,14434.6,53,36
BATCH-20260816-133,2026-08-16T14:41:00,2026-08-16T14:42:19,2026-08-16T14:43:01,B,H2,Coke,16953.1,16959.0,79,42
BATCH-20260816-134,2026-08-16T14:50:00,2026-08-16T14:51:13,2026-08-16T14:51:35,B,H3,Coke,17082.2,16654.4,73,22
BATCH-20260816-135,2026-08-16T14:56:00,2026-08-16T14:57:18,2026-08-16T14:57:39,B,H1,Ore,18737.0,18751.3,78,21
BATCH-20260816-136,2026-08-16T14:57:00,2026-08-16T14:57:41,2026-08-16T14:58:40,B,H1,Coke,17113.3,17155.3,41,59
BATCH-20260816-137,2026-08-16T14:58:00,2026-08-16T14:59:00,2026-08-16T14:59:34,B,H3,Sinter,21147.6,21157.0,60,34
BATCH-20260816-138,2026-08-16T15:01:00,2026-08-16T15:01:53,2026-08-16T15:02:42,B,H2,Ore,29819.1,29743.9,53,49
BATCH-20260816-139,2026-08-16T15:05:00,2026-08-16T15:05:31,2026-08-16T15:05:54,B,H1,Pellet,17581.3,17606.7,31,23
BATCH-20260816-140,2026-08-16T15:13:00,2026-08-16T15:13:35,2026-08-16T15:14:35,B,H1,Sinter,19099.0,19148.4,35,60
BATCH-20260816-141,2026-08-16T15:24:00,2026-08-16T15:24:57,2026-08-16T15:25:56,B,H3,Limestone,13376.5,13438.9,57,59
BATCH-20260816-142,2026-08-16T15:27:00,2026-08-16T15:28:23,2026-08-16T15:28:46,B,H3,Coke,13109.9,13087.0,83,23
BATCH-20260816-143,2026-08-16T15:38:00,2026-08-16T15:38:44,2026-08-16T15:39:21,B,H1,Pellet,14603.1,14635.3,44,37
BATCH-20260816-144,2026-08-16T15:40:00,2026-08-16T15:40:52,2026-08-16T15:41:33,B,H3,Sinter,19594.0,19546.8,52,41
BATCH-20260816-145,2026-08-16T15:52:00,2026-08-16T15:53:01,2026-08-16T15:53:36,B,H2,Sinter,24197.7,24163.9,61,35
BATCH-20260816-146,2026-08-16T15:55:00,2026-08-16T15:56:18,2026-08-16T15:57:01,B,H2,Ore,21157.1,21207.1,78,43
BATCH-20260816-147,2026-08-16T15:57:00,2026-08-16T15:57:58,2026-08-16T15:58:55,B,H1,Limestone,11625.3,11629.4,58,57
BATCH-20260816-148,2026-08-16T15:59:00,2026-08-16T16:00:05,2026-08-16T16:00:55,B,H4,Sinter,18403.6,18477.0,65,50
BATCH-20260816-149,2026-08-16T16:02:00,2026-08-16T16:03:29,2026-08-16T16:04:19,B,H2,Sinter,24909.2,24876.4,89,50
BATCH-20260816-150,2026-08-16T16:11:00,2026-08-16T16:11:43,2026-08-16T16:12:13,B,H2,Pellet,14478.5,14440.2,43,30
BATCH-20260816-151,2026-08-16T16:16:00,2026-08-16T16:16:55,2026-08-16T16:17:15,B,H1,Coke,14852.4,14845.9,55,20
BATCH-20260816-152,2026-08-16T16:27:00,2026-08-16T16:27:43,2026-08-16T16:28:06,B,H3,Coke,15219.0,15187.0,43,23
BATCH-20260816-153,2026-08-16T16:37:00,2026-08-16T16:37:30,2026-08-16T16:37:55,B,H1,Coke,11688.4,11683.1,30,25
BATCH-20260816-154,2026-08-16T16:47:00,2026-08-16T16:47:37,2026-08-16T16:48:04,B,H2,Ore,28581.5,28607.9,37,27
BATCH-20260816-155,2026-08-16T17:01:00,2026-08-16T17:01:34,2026-08-16T17:02:29,B,H1,Coke,14926.0,14895.2,34,55
BATCH-20260816-156,2026-08-16T17:14:00,2026-08-16T17:14:51,2026-08-16T17:15:24,B,H3,Ore,22972.0,22986.0,51,33
BATCH-20260816-157,2026-08-16T17:15:00,2026-08-16T17:15:43,2026-08-16T17:16:05,B,H1,Ore,23721.7,23698.5,43,22
BATCH-20260816-158,2026-08-16T17:32:00,2026-08-16T17:33:25,2026-08-16T17:34:07,B,H4,Sinter,18020.0,18046.4,85,42
BATCH-20260816-159,2026-08-16T17:46:00,2026-08-16T17:46:43,2026-08-16T17:47:31,B,H1,Sinter,22428.4,22393.8,43,48
BATCH-20260816-160,2026-08-16T17:52:00,2026-08-16T17:52:39,2026-08-16T17:53:31,B,H1,Pellet,19061.6,19121.8,39,52
BATCH-20260816-161,2026-08-16T17:55:00,2026-08-16T17:56:04,2026-08-16T17:56:26,B,H4,Ore,27413.2,27427.0,64,22
BATCH-20260816-162,2026-08-16T18:03:00,2026-08-16T18:04:10,2026-08-16T18:05:04,B,H2,Sinter,23126.8,23196.1,70,54
BATCH-20260816-163,2026-08-16T18:03:00,2026-08-16T18:03:36,2026-08-16T18:04:08,B,H4,Coke,16828.4,16836.3,36,32
BATCH-20260816-164,2026-08-16T18:17:00,2026-08-16T18:17:33,2026-08-16T18:18:11,B,H3,Sinter,16383.5,16351.3,33,38
BATCH-20260816-165,2026-08-16T19:05:00,2026-08-16T19:06:24,2026-08-16T19:06:44,B,H1,Coke,11647.5,11687.9,84,20
BATCH-20260816-166,2026-08-16T19:17:00,2026-08-16T19:18:16,2026-08-16T19:19:11,B,H1,Limestone,14765.7,14806.2,76,55
BATCH-20260816-167,2026-08-16T19:20:00,2026-08-16T19:21:27,2026-08-16T19:22:27,B,H3,Ore,22511.0,22565.0,87,60
BATCH-20260816-168,2026-08-16T19:27:00,2026-08-16T19:27:52,2026-08-16T19:28:32,B,H4,Sinter,21937.7,21988.3,52,40
BATCH-20260816-169,2026-08-16T19:29:00,2026-08-16T19:29:34,2026-08-16T19:30:21,B,H1,Pellet,14673.3,14651.2,34,47
BATCH-20260816-170,2026-08-16T19:30:00,2026-08-16T19:30:46,2026-08-16T19:31:10,B,H3,Ore,22636.7,22588.3,46,24
BATCH-20260816-171,2026-08-16T19:35:00,2026-08-16T19:36:30,2026-08-16T19:37:24,B,H2,Coke,14661.0,14616.2,90,54
BATCH-20260816-172,2026-08-16T19:39:00,2026-08-16T19:40:20,2026-08-16T19:41:00,B,H4,Coke,17370.9,17282.9,80,40
BATCH-20260816-173,2026-08-16T19:45:00,2026-08-16T19:46:10,2026-08-16T19:46:54,B,H4,Sinter,23358.7,23361.0,70,44
BATCH-20260816-174,2026-08-16T19:46:00,2026-08-16T19:47:13,2026-08-16T19:47:42,B,H3,Sinter,15164.4,15117.7,73,29
BATCH-20260816-175,2026-08-16T19:49:00,2026-08-16T19:50:24,2026-08-16T19:50:59,B,H4,Ore,21447.4,21554.6,84,35
BATCH-20260816-176,2026-08-16T19:58:00,2026-08-16T19:59:13,2026-08-16T19:59:52,B,H4,Limestone,11632.2,11706.9,73,39
BATCH-20260816-177,2026-08-16T20:08:00,2026-08-16T20:08:38,2026-08-16T20:09:38,B,H2,Pellet,17924.8,17867.6,38,60
BATCH-20260816-178,2026-08-16T20:11:00,2026-08-16T20:11:33,2026-08-16T20:12:26,B,H4,Pellet,16074.9,16063.4,33,53
BATCH-20260816-179,2026-08-16T20:12:00,2026-08-16T20:12:40,2026-08-16T20:13:10,B,H3,Sinter,21238.7,21213.4,40,30
BATCH-20260816-180,2026-08-16T20:26:00,2026-08-16T20:27:29,2026-08-16T20:27:53,B,H2,Pellet,21520.2,21461.6,89,24
BATCH-20260816-181,2026-08-16T20:32:00,2026-08-16T20:32:49,2026-08-16T20:33:26,B,H2,Sinter,22527.5,22451.9,49,37
BATCH-20260816-182,2026-08-16T20:34:00,2026-08-16T20:35:08,2026-08-16T20:35:54,B,H1,Ore,26231.9,26204.6,68,46
BATCH-20260816-183,2026-08-16T20:37:00,2026-08-16T20:37:30,2026-08-16T20:38:13,B,H3,Pellet,12772.9,12852.7,30,43
BATCH-20260816-184,2026-08-16T20:43:00,2026-08-16T20:44:29,2026-08-16T20:45:20,B,H2,Pellet,20960.2,20965.9,89,51
BATCH-20260816-185,2026-08-16T20:48:00,2026-08-16T20:49:25,2026-08-16T20:50:23,B,H3,Coke,14123.9,14007.6,85,58
BATCH-20260816-186,2026-08-16T20:54:00,2026-08-16T20:54:36,2026-08-16T20:55:15,B,H4,Sinter,22514.7,22562.5,36,39
BATCH-20260816-187,2026-08-16T21:05:00,2026-08-16T21:06:05,2026-08-16T21:06:40,B,H3,Pellet,18490.1,18507.3,65,35
BATCH-20260816-188,2026-08-16T21:20:00,2026-08-16T21:21:11,2026-08-16T21:21:49,B,H3,Ore,29407.6,29491.1,71,38
BATCH-20260816-189,2026-08-16T21:45:00,2026-08-16T21:46:21,2026-08-16T21:47:03,B,H4,Coke,15924.8,15920.7,81,42
BATCH-20260816-190,2026-08-16T21:48:00,2026-08-16T21:49:05,2026-08-16T21:49:28,B,H4,Limestone,15556.6,15550.8,65,23
BATCH-20260816-191,2026-08-16T22:05:00,2026-08-16T22:05:31,2026-08-16T22:06:04,C,H4,Limestone,14412.2,14355.6,31,33
BATCH-20260816-192,2026-08-16T22:11:00,2026-08-16T22:11:59,2026-08-16T22:12:24,C,H3,Pellet,21002.4,20994.0,59,25
BATCH-20260816-193,2026-08-16T22:28:00,2026-08-16T22:28:56,2026-08-16T22:29:28,C,H4,Coke,12321.3,12345.9,56,32
BATCH-20260816-194,2026-08-16T22:32:00,2026-08-16T22:32:52,2026-08-16T22:33:29,C,H3,Pellet,19079.2,19074.4,52,37
BATCH-20260816-195,2026-08-16T22:33:00,2026-08-16T22:34:20,2026-08-16T22:35:06,C,H2,Limestone,14859.6,14978.5,80,46
BATCH-20260816-196,2026-08-16T22:50:00,2026-08-16T22:50:30,2026-08-16T22:51:27,C,H4,Limestone,10441.5,10431.4,30,57
BATCH-20260816-197,2026-08-16T22:58:00,2026-08-16T22:58:49,2026-08-16T22:59:35,C,H1,Limestone,14918.8,14911.2,49,46
BATCH-20260816-198,2026-08-16T23:30:00,2026-08-16T23:31:29,2026-08-16T23:32:04,C,H1,Ore,20724.7,20803.2,89,35
BATCH-20260816-199,2026-08-16T23:33:00,2026-08-16T23:33:43,2026-08-16T23:34:36,C,H1,Limestone,11841.8,11865.3,43,53
BATCH-20260816-200,2026-08-16T23:53:00,2026-08-16T23:53:49,2026-08-16T23:54:13,C,H4,Limestone,11471.8,11444.5,49,24
BATCH-20260817-001,2026-08-17T00:03:00,2026-08-17T00:03:58,2026-08-17T00:04:43,C,H4,Sinter,21764.1,21764.6,58,45
BATCH-20260817-002,2026-08-17T00:03:00,2026-08-17T00:04:25,2026-08-17T00:05:21,C,H2,Pellet,15813.0,15795.9,85,56
BATCH-20260817-003,2026-08-17T00:08:00,2026-08-17T00:08:54,2026-08-17T00:09:37,C,H1,Limestone,12916.0,12920.3,54,43
BATCH-20260817-004,2026-08-17T00:08:00,2026-08-17T00:08:44,2026-08-17T00:09:24,C,H2,Pellet,12551.3,12424.0,44,40
BATCH-20260817-005,2026-08-17T00:08:00,2026-08-17T00:08:40,2026-08-17T00:09:05,C,H4,Ore,28104.2,28073.8,40,25
BATCH-20260817-006,2026-08-17T00:19:00,2026-08-17T00:19:34,2026-08-17T00:20:27,C,H4,Limestone,14831.4,14793.0,34,53
BATCH-20260817-007,2026-08-17T00:22:00,2026-08-17T00:22:51,2026-08-17T00:23:41,C,H4,Coke,13343.8,13240.7,51,50
BATCH-20260817-008,2026-08-17T00:30:00,2026-08-17T00:31:08,2026-08-17T00:31:29,C,H4,Coke,16616.8,16594.1,68,21
BATCH-20260817-009,2026-08-17T00:31:00,2026-08-17T00:32:17,2026-08-17T00:33:14,C,H1,Coke,16575.9,16654.7,77,57
BATCH-20260817-010,2026-08-17T00:33:00,2026-08-17T00:33:33,2026-08-17T00:34:07,C,H2,Pellet,19023.1,19065.1,33,34
BATCH-20260817-011,2026-08-17T00:38:00,2026-08-17T00:39:03,2026-08-17T00:39:51,C,H3,Sinter,17343.6,17271.4,63,48
BATCH-20260817-012,2026-08-17T00:47:00,2026-08-17T00:48:22,2026-08-17T00:49:15,C,H4,Pellet,15309.9,15319.9,82,53
BATCH-20260817-013,2026-08-17T00:49:00,2026-08-17T00:49:50,2026-08-17T00:50:30,C,H2,Limestone,10711.6,10640.9,50,40
BATCH-20260817-014,2026-08-17T01:06:00,2026-08-17T01:07:17,2026-08-17T01:08:17,C,H4,Coke,11108.4,11095.1,77,60
BATCH-20260817-015,2026-08-17T01:41:00,2026-08-17T01:41:44,2026-08-17T01:42:42,C,H1,Pellet,21892.7,21844.8,44,58
BATCH-20260817-016,2026-08-17T01:47:00,2026-08-17T01:48:06,2026-08-17T01:48:41,C,H3,Ore,18040.5,18142.3,66,35
BATCH-20260817-017,2026-08-17T01:51:00,2026-08-17T01:52:27,2026-08-17T01:52:59,C,H4,Coke,14069.7,14026.2,87,32
BATCH-20260817-018,2026-08-17T01:51:00,2026-08-17T01:52:19,2026-08-17T01:53:08,C,H2,Sinter,24597.1,24560.7,79,49
BATCH-20260817-019,2026-08-17T01:53:00,2026-08-17T01:54:07,2026-08-17T01:54:53,C,H3,Ore,20478.0,20380.0,67,46
BATCH-20260817-020,2026-08-17T01:54:00,2026-08-17T01:55:00,2026-08-17T01:55:42,C,H3,Coke,16058.3,16052.8,60,42
BATCH-20260817-021,2026-08-17T02:04:00,2026-08-17T02:04:31,2026-08-17T02:05:20,C,H3,Limestone,12048.9,12035.3,31,49
BATCH-20260817-022,2026-08-17T02:10:00,2026-08-17T02:10:51,2026-08-17T02:11:36,C,H2,Limestone,10819.3,10783.7,51,45
BATCH-20260817-023,2026-08-17T02:21:00,2026-08-17T02:21:40,2026-08-17T02:22:28,C,H3,Ore,23291.5,23287.3,40,48
BATCH-20260817-024,2026-08-17T02:23:00,2026-08-17T02:23:50,2026-08-17T02:24:26,C,H3,Ore,27357.8,27433.4,50,36
BATCH-20260817-025,2026-08-17T02:37:00,2026-08-17T02:38:01,2026-08-17T02:38:56,C,H3,Ore,19692.5,19729.6,61,55
BATCH-20260817-026,2026-08-17T02:38:00,2026-08-17T02:38:53,2026-08-17T02:39:43,C,H2,Ore,24868.6,24926.1,53,50
BATCH-20260817-027,2026-08-17T02:50:00,2026-08-17T02:50:48,2026-08-17T02:51:41,C,H2,Limestone,11131.5,11200.6,48,53
BATCH-20260817-028,2026-08-17T03:02:00,2026-08-17T03:02:57,2026-08-17T03:03:56,C,H2,Ore,22966.2,22930.9,57,59
BATCH-20260817-029,2026-08-17T03:07:00,2026-08-17T03:08:30,2026-08-17T03:08:59,C,H2,Pellet,18853.8,18790.9,90,29
BATCH-20260817-030,2026-08-17T03:17:00,2026-08-17T03:17:46,2026-08-17T03:18:12,C,H4,Limestone,14902.9,14962.1,46,26
BATCH-20260817-031,2026-08-17T03:23:00,2026-08-17T03:23:33,2026-08-17T03:24:30,C,H3,Ore,19507.2,19519.2,33,57
BATCH-20260817-032,2026-08-17T03:31:00,2026-08-17T03:32:19,2026-08-17T03:33:16,C,H3,Sinter,21696.4,21585.6,79,57
BATCH-20260817-033,2026-08-17T03:31:00,2026-08-17T03:31:53,2026-08-17T03:32:33,C,H1,Ore,21566.1,21567.8,53,40
BATCH-20260817-034,2026-08-17T03:34:00,2026-08-17T03:34:44,2026-08-17T03:35:06,C,H1,Limestone,10281.9,10266.4,44,22
BATCH-20260817-035,2026-08-17T03:35:00,2026-08-17T03:35:33,2026-08-17T03:36:33,C,H4,Pellet,14587.9,14563.1,33,60
BATCH-20260817-036,2026-08-17T03:36:00,2026-08-17T03:37:19,2026-08-17T03:37:52,C,H4,Coke,12926.4,12966.0,79,33
BATCH-20260817-037,2026-08-17T03:42:00,2026-08-17T03:42:55,2026-08-17T03:43:53,C,H2,Ore,20002.0,20059.0,55,58
BATCH-20260817-038,2026-08-17T04:01:00,2026-08-17T04:02:16,2026-08-17T04:02:47,C,H3,Ore,19660.8,19640.2,76,31
BATCH-20260817-039,2026-08-17T04:04:00,2026-08-17T04:05:11,2026-08-17T04:05:33,C,H2,Pellet,18272.2,18302.2,71,22
BATCH-20260817-040,2026-08-17T04:05:00,2026-08-17T04:05:52,2026-08-17T04:06:12,C,H1,Ore,18342.9,18426.4,52,20
BATCH-20260817-041,2026-08-17T04:11:00,2026-08-17T04:12:23,2026-08-17T04:12:52,C,H1,Coke,13642.5,13677.4,83,29
BATCH-20260817-042,2026-08-17T04:23:00,2026-08-17T04:24:29,2026-08-17T04:24:53,C,H4,Ore,29861.5,29923.8,89,24
BATCH-20260817-043,2026-08-17T04:34:00,2026-08-17T04:34:42,2026-08-17T04:35:32,C,H3,Sinter,24431.0,24416.3,42,50
BATCH-20260817-044,2026-08-17T04:36:00,2026-08-17T04:37:25,2026-08-17T04:37:48,C,H4,Coke,10450.7,10441.4,85,23
BATCH-20260817-045,2026-08-17T04:40:00,2026-08-17T04:41:15,2026-08-17T04:41:59,C,H3,Limestone,13367.5,13297.5,75,44
BATCH-20260817-046,2026-08-17T04:42:00,2026-08-17T04:42:30,2026-08-17T04:43:05,C,H3,Ore,22172.0,22138.7,30,35
BATCH-20260817-047,2026-08-17T04:44:00,2026-08-17T04:44:54,2026-08-17T04:45:27,C,H1,Sinter,20719.7,20841.0,54,33
BATCH-20260817-048,2026-08-17T04:52:00,2026-08-17T04:53:02,2026-08-17T04:53:23,C,H1,Ore,18011.4,17918.7,62,21
BATCH-20260817-049,2026-08-17T04:55:00,2026-08-17T04:56:05,2026-08-17T04:56:37,C,H1,Limestone,14251.3,14371.2,65,32
BATCH-20260817-050,2026-08-17T05:06:00,2026-08-17T05:07:01,2026-08-17T05:07:39,C,H2,Limestone,13922.2,13927.4,61,38
BATCH-20260817-051,2026-08-17T05:55:00,2026-08-17T05:56:01,2026-08-17T05:56:46,C,H4,Coke,16776.2,16784.0,61,45
BATCH-20260817-052,2026-08-17T05:58:00,2026-08-17T05:59:16,2026-08-17T06:00:06,C,H2,Coke,11237.9,11219.7,76,50
BATCH-20260817-053,2026-08-17T06:09:00,2026-08-17T06:10:10,2026-08-17T06:11:07,A,H4,Limestone,11548.0,11538.7,70,57
BATCH-20260817-054,2026-08-17T06:11:00,2026-08-17T06:11:47,2026-08-17T06:12:40,A,H4,Ore,18558.5,18535.0,47,53
BATCH-20260817-055,2026-08-17T06:19:00,2026-08-17T06:20:26,2026-08-17T06:21:17,A,H4,Limestone,14179.0,14143.9,86,51
BATCH-20260817-056,2026-08-17T06:20:00,2026-08-17T06:21:14,2026-08-17T06:22:07,A,H2,Coke,13311.7,13301.7,74,53
BATCH-20260817-057,2026-08-17T06:34:00,2026-08-17T06:34:40,2026-08-17T06:35:39,A,H2,Sinter,19010.7,19019.6,40,59
BATCH-20260817-058,2026-08-17T06:40:00,2026-08-17T06:41:06,2026-08-17T06:41:28,A,H3,Limestone,10425.5,10400.6,66,22
BATCH-20260817-059,2026-08-17T06:51:00,2026-08-17T06:51:47,2026-08-17T06:52:38,A,H1,Pellet,16768.2,16772.5,47,51
BATCH-20260817-060,2026-08-17T06:54:00,2026-08-17T06:54:49,2026-08-17T06:55:12,A,H3,Coke,15668.0,15692.5,49,23
BATCH-20260817-061,2026-08-17T07:05:00,2026-08-17T07:05:36,2026-08-17T07:06:18,A,H4,Pellet,21619.7,21644.6,36,42
BATCH-20260817-062,2026-08-17T07:29:00,2026-08-17T07:29:38,2026-08-17T07:30:31,A,H3,Coke,15121.5,15098.6,38,53
BATCH-20260817-063,2026-08-17T07:35:00,2026-08-17T07:36:01,2026-08-17T07:36:29,A,H4,Limestone,13960.5,13984.6,61,28
BATCH-20260817-064,2026-08-17T07:39:00,2026-08-17T07:40:24,2026-08-17T07:41:01,A,H2,Limestone,14265.8,14319.0,84,37
BATCH-20260817-065,2026-08-17T07:54:00,2026-08-17T07:55:15,2026-08-17T07:55:43,A,H1,Sinter,24442.3,24489.6,75,28
BATCH-20260817-066,2026-08-17T08:34:00,2026-08-17T08:35:04,2026-08-17T08:35:43,A,H3,Ore,29925.3,29873.8,64,39
BATCH-20260817-067,2026-08-17T08:34:00,2026-08-17T08:35:16,2026-08-17T08:36:01,A,H4,Coke,13110.7,13102.0,76,45
BATCH-20260817-068,2026-08-17T08:37:00,2026-08-17T08:37:40,2026-08-17T08:38:18,A,H1,Limestone,12501.0,12490.5,40,38
BATCH-20260817-069,2026-08-17T08:41:00,2026-08-17T08:41:57,2026-08-17T08:42:27,A,H4,Sinter,16592.6,16691.6,57,30
BATCH-20260817-070,2026-08-17T08:48:00,2026-08-17T08:48:36,2026-08-17T08:49:06,A,H4,Coke,14022.1,14012.6,36,30
BATCH-20260817-071,2026-08-17T08:52:00,2026-08-17T08:53:25,2026-08-17T08:53:55,A,H4,Limestone,15568.7,15527.2,85,30
BATCH-20260817-072,2026-08-17T08:54:00,2026-08-17T08:54:31,2026-08-17T08:54:52,A,H3,Pellet,17940.3,17937.2,31,21
BATCH-20260817-073,2026-08-17T08:59:00,2026-08-17T09:00:29,2026-08-17T09:01:02,A,H4,Ore,27898.8,27950.0,89,33
BATCH-20260817-074,2026-08-17T08:59:00,2026-08-17T09:00:16,2026-08-17T09:01:12,A,H3,Pellet,17571.1,17513.4,76,56
BATCH-20260817-075,2026-08-17T09:05:00,2026-08-17T09:05:51,2026-08-17T09:06:28,A,H2,Pellet,13201.6,13220.0,51,37
BATCH-20260817-076,2026-08-17T09:10:00,2026-08-17T09:11:21,2026-08-17T09:11:52,A,H4,Limestone,14014.8,14055.9,81,31
BATCH-20260817-077,2026-08-17T09:20:00,2026-08-17T09:20:43,2026-08-17T09:21:07,A,H1,Ore,18286.9,18285.8,43,24
BATCH-20260817-078,2026-08-17T09:30:00,2026-08-17T09:30:48,2026-08-17T09:31:14,A,H3,Ore,27400.5,27351.2,48,26
BATCH-20260817-079,2026-08-17T09:37:00,2026-08-17T09:38:10,2026-08-17T09:38:44,A,H3,Sinter,16158.6,16156.1,70,34
BATCH-20260817-080,2026-08-17T09:51:00,2026-08-17T09:51:54,2026-08-17T09:52:50,A,H3,Limestone,15172.4,15160.5,54,56
BATCH-20260817-081,2026-08-17T10:15:00,2026-08-17T10:15:30,2026-08-17T10:16:23,A,H4,Pellet,12917.5,12907.2,30,53
BATCH-20260817-082,2026-08-17T10:20:00,2026-08-17T10:20:54,2026-08-17T10:21:50,A,H3,Limestone,15119.7,15161.7,54,56
BATCH-20260817-083,2026-08-17T10:22:00,2026-08-17T10:23:25,2026-08-17T10:23:51,A,H2,Sinter,22212.0,22142.3,85,26
BATCH-20260817-084,2026-08-17T10:38:00,2026-08-17T10:38:44,2026-08-17T10:39:15,A,H1,Ore,24223.6,24383.6,44,31
BATCH-20260817-085,2026-08-17T10:41:00,2026-08-17T10:42:05,2026-08-17T10:42:52,A,H2,Coke,15627.7,15654.0,65,47
BATCH-20260817-086,2026-08-17T10:47:00,2026-08-17T10:47:37,2026-08-17T10:48:17,A,H4,Sinter,21672.2,21679.6,37,40
BATCH-20260817-087,2026-08-17T11:10:00,2026-08-17T11:10:39,2026-08-17T11:11:08,A,H3,Pellet,16657.5,16607.8,39,29
BATCH-20260817-088,2026-08-17T11:44:00,2026-08-17T11:44:36,2026-08-17T11:45:26,A,H2,Ore,19934.7,19863.4,36,50
BATCH-20260817-089,2026-08-17T11:48:00,2026-08-17T11:48:38,2026-08-17T11:49:30,A,H4,Coke,14502.1,14472.8,38,52
BATCH-20260817-090,2026-08-17T11:52:00,2026-08-17T11:52:59,2026-08-17T11:53:48,A,H4,Sinter,17997.0,17983.5,59,49
BATCH-20260817-091,2026-08-17T11:55:00,2026-08-17T11:55:51,2026-08-17T11:56:44,A,H4,Limestone,10364.2,10440.4,51,53
BATCH-20260817-092,2026-08-17T11:58:00,2026-08-17T11:58:50,2026-08-17T11:59:35,A,H2,Pellet,21768.3,21702.7,50,45
BATCH-20260817-093,2026-08-17T12:07:00,2026-08-17T12:07:41,2026-08-17T12:08:05,A,H2,Pellet,12454.0,12427.6,41,24
BATCH-20260817-094,2026-08-17T12:11:00,2026-08-17T12:12:26,2026-08-17T12:13:08,A,H4,Pellet,19007.7,18999.2,86,42
BATCH-20260817-095,2026-08-17T12:20:00,2026-08-17T12:21:09,2026-08-17T12:21:45,A,H4,Ore,27633.3,27676.5,69,36
BATCH-20260817-096,2026-08-17T12:20:00,2026-08-17T12:21:27,2026-08-17T12:22:12,A,H4,Limestone,13137.3,13131.1,87,45
BATCH-20260817-097,2026-08-17T12:26:00,2026-08-17T12:26:34,2026-08-17T12:27:27,A,H4,Pellet,19395.4,19373.2,34,53
BATCH-20260817-098,2026-08-17T12:31:00,2026-08-17T12:31:56,2026-08-17T12:32:21,A,H3,Limestone,13451.1,13457.7,56,25
BATCH-20260817-099,2026-08-17T12:33:00,2026-08-17T12:33:34,2026-08-17T12:34:32,A,H3,Limestone,14875.5,14873.6,34,58
BATCH-20260817-100,2026-08-17T12:46:00,2026-08-17T12:47:18,2026-08-17T12:47:53,A,H2,Coke,10555.4,10576.0,78,35
BATCH-20260817-101,2026-08-17T12:53:00,2026-08-17T12:54:03,2026-08-17T12:54:27,A,H4,Pellet,17236.9,17178.8,63,24
BATCH-20260817-102,2026-08-17T12:55:00,2026-08-17T12:55:47,2026-08-17T12:56:08,A,H2,Coke,15436.7,15442.8,47,21
BATCH-20260817-103,2026-08-17T12:57:00,2026-08-17T12:58:06,2026-08-17T12:58:32,A,H3,Ore,28068.8,28010.9,66,26
BATCH-20260817-104,2026-08-17T12:57:00,2026-08-17T12:58:01,2026-08-17T12:58:23,A,H1,Coke,14700.5,14678.6,61,22
BATCH-20260817-105,2026-08-17T13:04:00,2026-08-17T13:05:12,2026-08-17T13:05:54,A,H2,Coke,11197.1,11234.0,72,42
BATCH-20260817-106,2026-08-17T13:27:00,2026-08-17T13:27:38,2026-08-17T13:28:11,A,H3,Limestone,13126.5,13187.7,38,33
BATCH-20260817-107,2026-08-17T13:31:00,2026-08-17T13:32:03,2026-08-17T13:32:39,A,H1,Coke,15017.0,15011.8,63,36
BATCH-20260817-108,2026-08-17T13:40:00,2026-08-17T13:41:09,2026-08-17T13:42:06,A,H1,Ore,28367.4,28379.0,69,57
BATCH-20260817-109,2026-08-17T13:50:00,2026-08-17T13:50:43,2026-08-17T13:51:23,A,H2,Pellet,16379.9,16477.6,43,40
BATCH-20260817-110,2026-08-17T13:51:00,2026-08-17T13:51:41,2026-08-17T13:52:09,A,H2,Sinter,17040.1,16980.3,41,28
BATCH-20260817-111,2026-08-17T13:51:00,2026-08-17T13:52:30,2026-08-17T13:52:57,A,H3,Coke,13676.3,13615.3,90,27
BATCH-20260817-112,2026-08-17T14:02:00,2026-08-17T14:02:58,2026-08-17T14:03:53,B,H1,Ore,26948.9,27002.8,58,55
BATCH-20260817-113,2026-08-17T14:04:00,2026-08-17T14:05:12,2026-08-17T14:06:03,B,H3,Ore,18937.8,18961.0,72,51
BATCH-20260817-114,2026-08-17T14:26:00,2026-08-17T14:26:40,2026-08-17T14:27:14,B,H3,Limestone,15211.9,15248.0,40,34
BATCH-20260817-115,2026-08-17T14:27:00,2026-08-17T14:27:35,2026-08-17T14:28:33,B,H1,Pellet,20368.1,20308.9,35,58
BATCH-20260817-116,2026-08-17T14:34:00,2026-08-17T14:35:17,2026-08-17T14:35:48,B,H3,Limestone,14123.7,14109.0,77,31
BATCH-20260817-117,2026-08-17T14:35:00,2026-08-17T14:36:12,2026-08-17T14:36:40,B,H3,Ore,25319.4,25280.1,72,28
BATCH-20260817-118,2026-08-17T14:51:00,2026-08-17T14:52:08,2026-08-17T14:52:56,B,H1,Sinter,16933.6,16920.7,68,48
BATCH-20260817-119,2026-08-17T14:55:00,2026-08-17T14:55:59,2026-08-17T14:56:54,B,H1,Pellet,15258.2,15218.5,59,55
BATCH-20260817-120,2026-08-17T14:59:00,2026-08-17T15:00:05,2026-08-17T15:00:53,B,H2,Coke,14565.8,14506.9,65,48
BATCH-20260817-121,2026-08-17T15:01:00,2026-08-17T15:02:13,2026-08-17T15:02:52,B,H1,Sinter,21206.6,21261.5,73,39
BATCH-20260817-122,2026-08-17T15:07:00,2026-08-17T15:08:13,2026-08-17T15:09:07,B,H2,Limestone,15960.8,15861.0,73,54
BATCH-20260817-123,2026-08-17T15:17:00,2026-08-17T15:17:38,2026-08-17T15:18:11,B,H2,Coke,16268.6,15987.7,38,33
BATCH-20260817-124,2026-08-17T15:29:00,2026-08-17T15:30:13,2026-08-17T15:30:42,B,H3,Coke,10600.0,10541.7,73,29
BATCH-20260817-125,2026-08-17T15:34:00,2026-08-17T15:35:17,2026-08-17T15:35:51,B,H2,Limestone,12681.6,12590.6,77,34
BATCH-20260817-126,2026-08-17T15:37:00,2026-08-17T15:38:21,2026-08-17T15:39:11,B,H1,Pellet,18219.4,18213.1,81,50
BATCH-20260817-127,2026-08-17T15:41:00,2026-08-17T15:42:00,2026-08-17T15:42:40,B,H2,Sinter,19730.9,19812.2,60,40
BATCH-20260817-128,2026-08-17T15:49:00,2026-08-17T15:50:13,2026-08-17T15:51:00,B,H2,Coke,17202.0,17353.7,73,47
BATCH-20260817-129,2026-08-17T15:50:00,2026-08-17T15:51:30,2026-08-17T15:51:51,B,H3,Sinter,21966.4,21907.9,90,21
BATCH-20260817-130,2026-08-17T15:51:00,2026-08-17T15:52:08,2026-08-17T15:52:32,B,H2,Pellet,14131.2,14116.1,68,24
BATCH-20260817-131,2026-08-17T15:57:00,2026-08-17T15:57:43,2026-08-17T15:58:37,B,H4,Limestone,12384.7,12379.5,43,54
BATCH-20260817-132,2026-08-17T15:59:00,2026-08-17T15:59:57,2026-08-17T16:00:56,B,H4,Coke,11605.0,11577.1,57,59
BATCH-20260817-133,2026-08-17T16:15:00,2026-08-17T16:15:45,2026-08-17T16:16:18,B,H3,Limestone,13678.7,13587.9,45,33
BATCH-20260817-134,2026-08-17T16:15:00,2026-08-17T16:15:36,2026-08-17T16:16:05,B,H2,Sinter,16820.8,16836.9,36,29
BATCH-20260817-135,2026-08-17T16:16:00,2026-08-17T16:17:25,2026-08-17T16:18:13,B,H2,Sinter,23377.4,23270.9,85,48
BATCH-20260817-136,2026-08-17T16:20:00,2026-08-17T16:20:36,2026-08-17T16:21:02,B,H4,Pellet,17713.6,17707.4,36,26
BATCH-20260817-137,2026-08-17T16:25:00,2026-08-17T16:26:25,2026-08-17T16:26:54,B,H2,Coke,12804.3,12822.1,85,29
BATCH-20260817-138,2026-08-17T16:28:00,2026-08-17T16:28:59,2026-08-17T16:29:26,B,H1,Sinter,20083.2,20088.5,59,27
BATCH-20260817-139,2026-08-17T16:38:00,2026-08-17T16:39:18,2026-08-17T16:39:53,B,H1,Sinter,18797.8,18746.7,78,35
BATCH-20260817-140,2026-08-17T16:49:00,2026-08-17T16:50:30,2026-08-17T16:51:07,B,H3,Sinter,17355.8,17389.3,90,37
BATCH-20260817-141,2026-08-17T17:11:00,2026-08-17T17:12:09,2026-08-17T17:12:36,B,H3,Pellet,12918.2,12811.2,69,27
BATCH-20260817-142,2026-08-17T17:16:00,2026-08-17T17:17:26,2026-08-17T17:18:25,B,H3,Sinter,15868.6,15884.6,86,59
BATCH-20260817-143,2026-08-17T17:21:00,2026-08-17T17:21:54,2026-08-17T17:22:25,B,H3,Pellet,16421.1,16342.3,54,31
BATCH-20260817-144,2026-08-17T17:38:00,2026-08-17T17:39:27,2026-08-17T17:40:20,B,H2,Limestone,14585.5,14597.0,87,53
BATCH-20260817-145,2026-08-17T17:43:00,2026-08-17T17:44:17,2026-08-17T17:44:46,B,H3,Pellet,17051.8,17168.8,77,29
BATCH-20260817-146,2026-08-17T17:53:00,2026-08-17T17:54:12,2026-08-17T17:55:07,B,H2,Pellet,13141.5,13166.2,72,55
BATCH-20260817-147,2026-08-17T17:58:00,2026-08-17T17:58:39,2026-08-17T17:59:29,B,H2,Limestone,10466.2,10533.0,39,50
BATCH-20260817-148,2026-08-17T18:07:00,2026-08-17T18:08:25,2026-08-17T18:08:55,B,H2,Pellet,19183.7,19214.3,85,30
BATCH-20260817-149,2026-08-17T18:13:00,2026-08-17T18:14:24,2026-08-17T18:15:08,B,H2,Sinter,22520.2,22544.7,84,44
BATCH-20260817-150,2026-08-17T18:16:00,2026-08-17T18:16:52,2026-08-17T18:17:43,B,H4,Ore,26376.8,26313.2,52,51
BATCH-20260817-151,2026-08-17T18:16:00,2026-08-17T18:17:26,2026-08-17T18:17:54,B,H1,Pellet,17885.6,17931.5,86,28
BATCH-20260817-152,2026-08-17T18:16:00,2026-08-17T18:16:50,2026-08-17T18:17:15,B,H1,Coke,11679.0,11620.5,50,25
BATCH-20260817-153,2026-08-17T18:21:00,2026-08-17T18:22:26,2026-08-17T18:23:18,B,H1,Limestone,15480.1,15422.7,86,52
BATCH-20260817-154,2026-08-17T18:57:00,2026-08-17T18:57:54,2026-08-17T18:58:18,B,H4,Coke,14743.5,14765.2,54,24
BATCH-20260817-155,2026-08-17T18:59:00,2026-08-17T18:59:52,2026-08-17T19:00:41,B,H4,Ore,20846.3,20928.6,52,49
BATCH-20260817-156,2026-08-17T19:01:00,2026-08-17T19:02:15,2026-08-17T19:03:15,B,H1,Pellet,12110.2,12043.6,75,60
BATCH-20260817-157,2026-08-17T19:04:00,2026-08-17T19:04:35,2026-08-17T19:05:31,B,H4,Coke,13556.0,13564.4,35,56
BATCH-20260817-158,2026-08-17T19:23:00,2026-08-17T19:23:47,2026-08-17T19:24:09,B,H4,Ore,27642.9,27677.7,47,22
BATCH-20260817-159,2026-08-17T19:30:00,2026-08-17T19:30:42,2026-08-17T19:31:17,B,H3,Pellet,12348.8,12289.2,42,35
BATCH-20260817-160,2026-08-17T19:33:00,2026-08-17T19:34:08,2026-08-17T19:34:57,B,H1,Pellet,19097.9,19126.2,68,49
BATCH-20260817-161,2026-08-17T19:34:00,2026-08-17T19:35:07,2026-08-17T19:35:29,B,H1,Pellet,21406.4,21396.3,67,22
BATCH-20260817-162,2026-08-17T19:42:00,2026-08-17T19:43:21,2026-08-17T19:44:20,B,H2,Coke,15089.4,15019.1,81,59
BATCH-20260817-163,2026-08-17T19:57:00,2026-08-17T19:57:58,2026-08-17T19:58:26,B,H4,Sinter,18173.2,18145.9,58,28
BATCH-20260817-164,2026-08-17T19:58:00,2026-08-17T19:58:34,2026-08-17T19:59:13,B,H2,Sinter,21995.3,21966.5,34,39
BATCH-20260817-165,2026-08-17T20:13:00,2026-08-17T20:13:53,2026-08-17T20:14:30,B,H3,Ore,28589.0,28547.6,53,37
BATCH-20260817-166,2026-08-17T20:15:00,2026-08-17T20:16:30,2026-08-17T20:17:25,B,H1,Coke,15918.8,15937.3,90,55
BATCH-20260817-167,2026-08-17T20:30:00,2026-08-17T20:31:26,2026-08-17T20:32:18,B,H2,Pellet,18143.9,18212.2,86,52
BATCH-20260817-168,2026-08-17T20:42:00,2026-08-17T20:43:09,2026-08-17T20:43:38,B,H2,Sinter,23991.7,24360.4,69,29
BATCH-20260817-169,2026-08-17T20:46:00,2026-08-17T20:47:16,2026-08-17T20:47:41,B,H4,Pellet,16532.5,16628.9,76,25
BATCH-20260817-170,2026-08-17T20:50:00,2026-08-17T20:51:18,2026-08-17T20:51:56,B,H2,Ore,20643.3,20613.9,78,38
BATCH-20260817-171,2026-08-17T21:06:00,2026-08-17T21:06:32,2026-08-17T21:07:07,B,H4,Pellet,13172.1,13271.8,32,35
BATCH-20260817-172,2026-08-17T21:07:00,2026-08-17T21:08:12,2026-08-17T21:08:41,B,H3,Limestone,12037.3,11997.7,72,29
BATCH-20260817-173,2026-08-17T21:13:00,2026-08-17T21:14:13,2026-08-17T21:14:57,B,H4,Sinter,24829.5,24897.5,73,44
BATCH-20260817-174,2026-08-17T21:49:00,2026-08-17T21:50:28,2026-08-17T21:51:23,B,H3,Pellet,13144.2,13025.5,88,55
BATCH-20260817-175,2026-08-17T21:49:00,2026-08-17T21:50:20,2026-08-17T21:51:09,B,H2,Ore,20454.7,20535.9,80,49
BATCH-20260817-176,2026-08-17T21:49:00,2026-08-17T21:49:33,2026-08-17T21:50:24,B,H2,Sinter,18146.4,18182.7,33,51
BATCH-20260817-177,2026-08-17T21:54:00,2026-08-17T21:55:18,2026-08-17T21:55:48,B,H1,Pellet,20546.7,20508.0,78,30
BATCH-20260817-178,2026-08-17T22:04:00,2026-08-17T22:04:47,2026-08-17T22:05:31,C,H1,Coke,12156.3,12177.2,47,44
BATCH-20260817-179,2026-08-17T22:05:00,2026-08-17T22:06:16,2026-08-17T22:06:57,C,H3,Limestone,10645.8,10643.7,76,41
BATCH-20260817-180,2026-08-17T22:15:00,2026-08-17T22:16:21,2026-08-17T22:16:52,C,H2,Sinter,21795.5,21792.8,81,31
BATCH-20260817-181,2026-08-17T22:16:00,2026-08-17T22:16:38,2026-08-17T22:17:10,C,H3,Ore,21038.9,21039.8,38,32
BATCH-20260817-182,2026-08-17T22:28:00,2026-08-17T22:29:26,2026-08-17T22:30:06,C,H4,Sinter,19505.9,19502.2,86,40
BATCH-20260817-183,2026-08-17T22:44:00,2026-08-17T22:44:41,2026-08-17T22:45:41,C,H4,Sinter,17716.0,17922.5,41,60
BATCH-20260817-184,2026-08-17T22:47:00,2026-08-17T22:47:39,2026-08-17T22:48:03,C,H3,Coke,15581.6,15509.3,39,24
BATCH-20260817-185,2026-08-17T22:47:00,2026-08-17T22:47:35,2026-08-17T22:48:00,C,H4,Ore,28176.0,28112.1,35,25
BATCH-20260817-186,2026-08-17T22:59:00,2026-08-17T22:59:35,2026-08-17T22:59:55,C,H4,Sinter,15881.1,15811.9,35,20
BATCH-20260817-187,2026-08-17T23:05:00,2026-08-17T23:06:11,2026-08-17T23:06:50,C,H1,Ore,25099.4,25090.8,71,39
BATCH-20260817-188,2026-08-17T23:11:00,2026-08-17T23:12:21,2026-08-17T23:12:54,C,H2,Coke,16956.4,17054.8,81,33
BATCH-20260817-189,2026-08-17T23:14:00,2026-08-17T23:14:48,2026-08-17T23:15:41,C,H3,Coke,15112.3,15185.3,48,53
BATCH-20260817-190,2026-08-17T23:20:00,2026-08-17T23:21:16,2026-08-17T23:21:37,C,H1,Limestone,15548.8,15451.1,76,21
BATCH-20260817-191,2026-08-17T23:27:00,2026-08-17T23:27:36,2026-08-17T23:28:32,C,H1,Sinter,20101.7,20016.4,36,56
BATCH-20260817-192,2026-08-17T23:39:00,2026-08-17T23:40:23,2026-08-17T23:40:53,C,H4,Sinter,19849.0,19862.9,83,30
BATCH-20260817-193,2026-08-17T23:40:00,2026-08-17T23:41:04,2026-08-17T23:41:37,C,H2,Limestone,12363.3,12443.4,64,33
BATCH-20260817-194,2026-08-17T23:40:00,2026-08-17T23:40:36,2026-08-17T23:41:07,C,H2,Sinter,21560.4,21572.1,36,31
BATCH-20260817-195,2026-08-17T23:47:00,2026-08-17T23:48:29,2026-08-17T23:48:58,C,H2,Limestone,11373.8,11371.7,89,29
BATCH-20260817-196,2026-08-17T23:47:00,2026-08-17T23:47:51,2026-08-17T23:48:47,C,H1,Sinter,21738.6,21755.1,51,56
BATCH-20260817-197,2026-08-17T23:53:00,2026-08-17T23:54:15,2026-08-17T23:54:45,C,H2,Sinter,20595.8,20596.6,75,30
BATCH-20260817-198,2026-08-17T23:59:00,2026-08-17T23:59:44,2026-08-18T00:00:39,C,H4,Limestone,14447.3,14426.4,44,55
BATCH-20260817-199,2026-08-17T23:59:00,2026-08-17T23:59:43,2026-08-18T00:00:20,C,H1,Limestone,14771.4,14797.9,43,37
BATCH-20260817-200,2026-08-17T23:59:00,2026-08-17T23:59:44,2026-08-18T00:00:31,C,H2,Coke,10540.0,10569.6,44,47
BATCH-20260818-001,2026-08-18T00:04:00,2026-08-18T00:05:22,2026-08-18T00:06:02,C,H4,Ore,29692.7,29719.4,82,40
BATCH-20260818-002,2026-08-18T00:05:00,2026-08-18T00:06:20,2026-08-18T00:06:45,C,H4,Pellet,16778.8,16796.4,80,25
BATCH-20260818-003,2026-08-18T00:11:00,2026-08-18T00:11:59,2026-08-18T00:12:53,C,H2,Sinter,18401.6,18382.8,59,54
BATCH-20260818-004,2026-08-18T00:16:00,2026-08-18T00:16:47,2026-08-18T00:17:37,C,H2,Sinter,17862.7,17868.0,47,50
BATCH-20260818-005,2026-08-18T00:26:00,2026-08-18T00:26:33,2026-08-18T00:27:16,C,H2,Pellet,13742.5,13795.4,33,43
BATCH-20260818-006,2026-08-18T00:36:00,2026-08-18T00:37:03,2026-08-18T00:37:57,C,H4,Limestone,15899.1,15886.5,63,54
BATCH-20260818-007,2026-08-18T01:07:00,2026-08-18T01:08:08,2026-08-18T01:08:55,C,H2,Ore,29598.0,29631.3,68,47
BATCH-20260818-008,2026-08-18T01:27:00,2026-08-18T01:28:02,2026-08-18T01:28:54,C,H1,Coke,11711.6,11696.7,62,52
BATCH-20260818-009,2026-08-18T01:31:00,2026-08-18T01:31:52,2026-08-18T01:32:35,C,H3,Coke,15821.8,15824.1,52,43
BATCH-20260818-010,2026-08-18T01:33:00,2026-08-18T01:33:46,2026-08-18T01:34:17,C,H1,Limestone,14432.6,14467.3,46,31
BATCH-20260818-011,2026-08-18T01:35:00,2026-08-18T01:35:53,2026-08-18T01:36:16,C,H4,Sinter,17952.6,17909.4,53,23
BATCH-20260818-012,2026-08-18T01:38:00,2026-08-18T01:38:34,2026-08-18T01:39:12,C,H4,Pellet,18135.3,18116.9,34,38
BATCH-20260818-013,2026-08-18T01:44:00,2026-08-18T01:45:15,2026-08-18T01:46:06,C,H2,Sinter,17800.8,17717.1,75,51
BATCH-20260818-014,2026-08-18T01:45:00,2026-08-18T01:46:01,2026-08-18T01:46:48,C,H2,Sinter,19662.8,19686.8,61,47
BATCH-20260818-015,2026-08-18T01:48:00,2026-08-18T01:48:55,2026-08-18T01:49:54,C,H3,Sinter,17378.2,17340.4,55,59
BATCH-20260818-016,2026-08-18T01:49:00,2026-08-18T01:50:29,2026-08-18T01:51:02,C,H2,Pellet,12445.3,12425.0,89,33
BATCH-20260818-017,2026-08-18T01:49:00,2026-08-18T01:50:22,2026-08-18T01:51:20,C,H3,Limestone,14383.4,14420.7,82,58
BATCH-20260818-018,2026-08-18T01:54:00,2026-08-18T01:55:17,2026-08-18T01:55:44,C,H2,Coke,15347.6,15326.2,77,27
BATCH-20260818-019,2026-08-18T01:56:00,2026-08-18T01:56:30,2026-08-18T01:57:03,C,H1,Limestone,11734.8,11713.4,30,33
BATCH-20260818-020,2026-08-18T02:11:00,2026-08-18T02:11:42,2026-08-18T02:12:36,C,H2,Ore,28864.6,28864.5,42,54
BATCH-20260818-021,2026-08-18T02:13:00,2026-08-18T02:14:19,2026-08-18T02:14:46,C,H4,Coke,14736.7,14674.3,79,27
BATCH-20260818-022,2026-08-18T02:18:00,2026-08-18T02:19:19,2026-08-18T02:20:00,C,H3,Limestone,10354.3,10431.8,79,41
BATCH-20260818-023,2026-08-18T02:20:00,2026-08-18T02:20:35,2026-08-18T02:21:33,C,H3,Pellet,16909.8,16901.8,35,58
BATCH-20260818-024,2026-08-18T02:28:00,2026-08-18T02:28:51,2026-08-18T02:29:45,C,H4,Coke,12552.3,12602.5,51,54
BATCH-20260818-025,2026-08-18T02:33:00,2026-08-18T02:34:01,2026-08-18T02:34:49,C,H2,Sinter,15131.3,15026.3,61,48
BATCH-20260818-026,2026-08-18T02:39:00,2026-08-18T02:40:05,2026-08-18T02:41:05,C,H4,Ore,29680.9,29639.8,65,60
BATCH-20260818-027,2026-08-18T02:43:00,2026-08-18T02:44:24,2026-08-18T02:45:13,C,H4,Coke,11667.5,11731.5,84,49
BATCH-20260818-028,2026-08-18T02:57:00,2026-08-18T02:57:31,2026-08-18T02:58:01,C,H3,Limestone,11378.6,11320.2,31,30
BATCH-20260818-029,2026-08-18T03:04:00,2026-08-18T03:05:20,2026-08-18T03:06:11,C,H4,Limestone,10087.0,10069.8,80,51
BATCH-20260818-030,2026-08-18T03:05:00,2026-08-18T03:05:43,2026-08-18T03:06:14,C,H3,Limestone,11985.8,11971.6,43,31
BATCH-20260818-031,2026-08-18T03:06:00,2026-08-18T03:06:59,2026-08-18T03:07:42,C,H3,Pellet,19279.0,19214.9,59,43
BATCH-20260818-032,2026-08-18T03:20:00,2026-08-18T03:20:59,2026-08-18T03:21:24,C,H4,Ore,22206.6,22269.7,59,25
BATCH-20260818-033,2026-08-18T03:21:00,2026-08-18T03:22:14,2026-08-18T03:22:49,C,H3,Sinter,15607.6,15586.2,74,35
BATCH-20260818-034,2026-08-18T03:22:00,2026-08-18T03:23:09,2026-08-18T03:24:08,C,H1,Pellet,20002.3,19986.5,69,59
BATCH-20260818-035,2026-08-18T03:26:00,2026-08-18T03:26:38,2026-08-18T03:27:02,C,H4,Sinter,22672.4,22569.8,38,24
BATCH-20260818-036,2026-08-18T03:40:00,2026-08-18T03:40:39,2026-08-18T03:41:04,C,H2,Coke,15543.0,15526.4,39,25
BATCH-20260818-037,2026-08-18T03:44:00,2026-08-18T03:44:56,2026-08-18T03:45:42,C,H4,Pellet,21409.6,21450.2,56,46
BATCH-20260818-038,2026-08-18T03:56:00,2026-08-18T03:56:33,2026-08-18T03:57:09,C,H2,Limestone,13210.4,13157.7,33,36
BATCH-20260818-039,2026-08-18T03:57:00,2026-08-18T03:58:21,2026-08-18T03:58:57,C,H3,Coke,10491.8,10419.8,81,36
BATCH-20260818-040,2026-08-18T04:19:00,2026-08-18T04:19:36,2026-08-18T04:20:26,C,H3,Coke,14051.5,14067.6,36,50
BATCH-20260818-041,2026-08-18T04:30:00,2026-08-18T04:31:23,2026-08-18T04:32:00,C,H1,Coke,12046.8,12064.8,83,37
BATCH-20260818-042,2026-08-18T04:43:00,2026-08-18T04:44:08,2026-08-18T04:44:36,C,H3,Ore,28670.0,28574.4,68,28
BATCH-20260818-043,2026-08-18T04:55:00,2026-08-18T04:55:43,2026-08-18T04:56:42,C,H3,Limestone,14342.2,14284.5,43,59
BATCH-20260818-044,2026-08-18T04:57:00,2026-08-18T04:57:54,2026-08-18T04:58:41,C,H3,Sinter,19229.5,19233.8,54,47
BATCH-20260818-045,2026-08-18T05:23:00,2026-08-18T05:23:52,2026-08-18T05:24:32,C,H1,Pellet,18557.7,18568.9,52,40
BATCH-20260818-046,2026-08-18T05:29:00,2026-08-18T05:30:06,2026-08-18T05:30:37,C,H2,Coke,10562.6,10555.1,66,31
BATCH-20260818-047,2026-08-18T05:31:00,2026-08-18T05:31:39,2026-08-18T05:32:36,C,H3,Limestone,10440.2,10446.3,39,57
BATCH-20260818-048,2026-08-18T05:31:00,2026-08-18T05:31:34,2026-08-18T05:32:03,C,H4,Coke,14916.9,14931.0,34,29
BATCH-20260818-049,2026-08-18T05:36:00,2026-08-18T05:36:56,2026-08-18T05:37:21,C,H4,Coke,12317.7,12291.7,56,25
BATCH-20260818-050,2026-08-18T05:36:00,2026-08-18T05:36:52,2026-08-18T05:37:48,C,H2,Pellet,21206.2,21141.2,52,56
BATCH-20260818-051,2026-08-18T05:41:00,2026-08-18T05:41:30,2026-08-18T05:42:12,C,H3,Pellet,16499.5,16472.2,30,42
BATCH-20260818-052,2026-08-18T05:42:00,2026-08-18T05:42:57,2026-08-18T05:43:43,C,H3,Limestone,11269.5,11323.1,57,46
BATCH-20260818-053,2026-08-18T05:45:00,2026-08-18T05:45:45,2026-08-18T05:46:19,C,H3,Limestone,14735.7,14755.1,45,34
BATCH-20260818-054,2026-08-18T05:45:00,2026-08-18T05:46:28,2026-08-18T05:47:06,C,H3,Coke,15886.8,15893.4,88,38
BATCH-20260818-055,2026-08-18T05:45:00,2026-08-18T05:45:54,2026-08-18T05:46:50,C,H2,Pellet,21215.8,21205.8,54,56
BATCH-20260818-056,2026-08-18T05:46:00,2026-08-18T05:46:51,2026-08-18T05:47:11,C,H2,Ore,20254.7,20359.3,51,20
BATCH-20260818-057,2026-08-18T06:00:00,2026-08-18T06:01:23,2026-08-18T06:02:23,A,H1,Pellet,18444.5,18409.0,83,60
BATCH-20260818-058,2026-08-18T06:03:00,2026-08-18T06:04:06,2026-08-18T06:04:54,A,H3,Ore,19828.4,19850.1,66,48
BATCH-20260818-059,2026-08-18T06:12:00,2026-08-18T06:13:27,2026-08-18T06:14:23,A,H4,Coke,16074.2,16106.7,87,56
BATCH-20260818-060,2026-08-18T06:24:00,2026-08-18T06:24:44,2026-08-18T06:25:18,A,H3,Ore,26871.6,26896.3,44,34
BATCH-20260818-061,2026-08-18T06:25:00,2026-08-18T06:26:04,2026-08-18T06:26:32,A,H4,Ore,21367.0,21321.4,64,28
BATCH-20260818-062,2026-08-18T06:40:00,2026-08-18T06:40:33,2026-08-18T06:40:55,A,H1,Coke,12139.6,12151.9,33,22
BATCH-20260818-063,2026-08-18T06:52:00,2026-08-18T06:53:30,2026-08-18T06:53:50,A,H3,Pellet,21483.6,21561.0,90,20
BATCH-20260818-064,2026-08-18T06:54:00,2026-08-18T06:55:17,2026-08-18T06:56:01,A,H4,Ore,29022.8,29014.4,77,44
BATCH-20260818-065,2026-08-18T06:56:00,2026-08-18T06:56:57,2026-08-18T06:57:27,A,H2,Pellet,14506.3,14570.3,57,30
BATCH-20260818-066,2026-08-18T07:06:00,2026-08-18T07:06:53,2026-08-18T07:07:22,A,H2,Limestone,10666.1,10723.7,53,29
BATCH-20260818-067,2026-08-18T07:09:00,2026-08-18T07:09:48,2026-08-18T07:10:45,A,H2,Pellet,21585.7,21657.7,48,57
BATCH-20260818-068,2026-08-18T07:09:00,2026-08-18T07:09:36,2026-08-18T07:10:14,A,H1,Ore,29897.3,29853.4,36,38
BATCH-20260818-069,2026-08-18T07:29:00,2026-08-18T07:30:01,2026-08-18T07:30:22,A,H4,Ore,25187.8,25196.1,61,21
BATCH-20260818-070,2026-08-18T07:30:00,2026-08-18T07:31:19,2026-08-18T07:32:17,A,H1,Coke,11942.2,11971.3,79,58
BATCH-20260818-071,2026-08-18T07:37:00,2026-08-18T07:38:11,2026-08-18T07:38:40,A,H1,Limestone,13277.9,13284.7,71,29
BATCH-20260818-072,2026-08-18T07:38:00,2026-08-18T07:39:27,2026-08-18T07:40:02,A,H4,Sinter,24100.3,24085.9,87,35
BATCH-20260818-073,2026-08-18T08:00:00,2026-08-18T08:01:08,2026-08-18T08:01:39,A,H3,Coke,10187.7,10132.6,68,31
BATCH-20260818-074,2026-08-18T08:12:00,2026-08-18T08:12:33,2026-08-18T08:13:31,A,H3,Coke,17668.5,17748.2,33,58
BATCH-20260818-075,2026-08-18T08:16:00,2026-08-18T08:16:31,2026-08-18T08:17:10,A,H2,Pellet,18006.9,18074.0,31,39
BATCH-20260818-076,2026-08-18T08:24:00,2026-08-18T08:24:58,2026-08-18T08:25:21,A,H1,Pellet,19623.9,19718.4,58,23
BATCH-20260818-077,2026-08-18T08:32:00,2026-08-18T08:32:33,2026-08-18T08:33:25,A,H3,Pellet,12954.0,12955.0,33,52
BATCH-20260818-078,2026-08-18T08:42:00,2026-08-18T08:43:20,2026-08-18T08:43:57,A,H3,Coke,16331.9,16384.6,80,37
BATCH-20260818-079,2026-08-18T08:44:00,2026-08-18T08:44:36,2026-08-18T08:45:23,A,H3,Limestone,13648.0,13594.9,36,47
BATCH-20260818-080,2026-08-18T09:04:00,2026-08-18T09:05:05,2026-08-18T09:05:49,A,H2,Limestone,13009.7,13074.7,65,44
BATCH-20260818-081,2026-08-18T09:09:00,2026-08-18T09:09:54,2026-08-18T09:10:21,A,H4,Ore,20538.4,20519.0,54,27
BATCH-20260818-082,2026-08-18T09:23:00,2026-08-18T09:24:16,2026-08-18T09:25:15,A,H2,Coke,14932.8,14917.6,76,59
BATCH-20260818-083,2026-08-18T09:23:00,2026-08-18T09:23:44,2026-08-18T09:24:33,A,H4,Coke,16625.4,16642.6,44,49
BATCH-20260818-084,2026-08-18T09:31:00,2026-08-18T09:32:20,2026-08-18T09:32:54,A,H2,Coke,11941.5,11878.5,80,34
BATCH-20260818-085,2026-08-18T09:39:00,2026-08-18T09:39:52,2026-08-18T09:40:23,A,H1,Sinter,17532.7,17507.1,52,31
BATCH-20260818-086,2026-08-18T09:55:00,2026-08-18T09:56:07,2026-08-18T09:56:38,A,H1,Pellet,16733.8,16720.7,67,31
BATCH-20260818-087,2026-08-18T10:01:00,2026-08-18T10:02:18,2026-08-18T10:03:18,A,H1,Pellet,14121.6,14114.2,78,60
BATCH-20260818-088,2026-08-18T10:03:00,2026-08-18T10:04:16,2026-08-18T10:05:00,A,H3,Coke,13464.0,13725.2,76,44
BATCH-20260818-089,2026-08-18T10:04:00,2026-08-18T10:05:06,2026-08-18T10:06:02,A,H2,Limestone,11496.7,11597.1,66,56
BATCH-20260818-090,2026-08-18T10:12:00,2026-08-18T10:13:20,2026-08-18T10:13:43,A,H2,Pellet,18652.4,18654.7,80,23
BATCH-20260818-091,2026-08-18T10:29:00,2026-08-18T10:29:37,2026-08-18T10:30:15,A,H4,Pellet,15388.1,15380.9,37,38
BATCH-20260818-092,2026-08-18T10:39:00,2026-08-18T10:39:46,2026-08-18T10:40:42,A,H2,Limestone,12137.3,12132.5,46,56
BATCH-20260818-093,2026-08-18T10:40:00,2026-08-18T10:40:46,2026-08-18T10:41:11,A,H3,Ore,23905.5,23860.7,46,25
BATCH-20260818-094,2026-08-18T11:00:00,2026-08-18T11:01:24,2026-08-18T11:01:57,A,H2,Pellet,14254.7,14315.7,84,33
BATCH-20260818-095,2026-08-18T11:02:00,2026-08-18T11:02:56,2026-08-18T11:03:34,A,H2,Limestone,11437.0,11460.9,56,38
BATCH-20260818-096,2026-08-18T11:03:00,2026-08-18T11:03:42,2026-08-18T11:04:08,A,H4,Sinter,20100.5,20126.2,42,26
BATCH-20260818-097,2026-08-18T11:17:00,2026-08-18T11:18:22,2026-08-18T11:19:16,A,H1,Sinter,21857.3,21841.2,82,54
BATCH-20260818-098,2026-08-18T11:23:00,2026-08-18T11:24:25,2026-08-18T11:25:00,A,H2,Ore,27129.9,27130.7,85,35
BATCH-20260818-099,2026-08-18T11:23:00,2026-08-18T11:23:47,2026-08-18T11:24:39,A,H2,Ore,29936.1,30010.5,47,52
BATCH-20260818-100,2026-08-18T11:25:00,2026-08-18T11:26:22,2026-08-18T11:27:02,A,H2,Coke,14096.4,14099.9,82,40
BATCH-20260818-101,2026-08-18T11:31:00,2026-08-18T11:31:49,2026-08-18T11:32:47,A,H1,Limestone,13529.5,13586.6,49,58
BATCH-20260818-102,2026-08-18T11:40:00,2026-08-18T11:40:50,2026-08-18T11:41:31,A,H2,Pellet,16650.1,16715.6,50,41
BATCH-20260818-103,2026-08-18T11:42:00,2026-08-18T11:43:19,2026-08-18T11:44:19,A,H3,Limestone,10160.2,10122.5,79,60
BATCH-20260818-104,2026-08-18T11:59:00,2026-08-18T12:00:25,2026-08-18T12:01:00,A,H2,Pellet,17598.4,17474.4,85,35
BATCH-20260818-105,2026-08-18T12:05:00,2026-08-18T12:06:06,2026-08-18T12:06:49,A,H4,Coke,17794.8,17777.6,66,43
BATCH-20260818-106,2026-08-18T12:19:00,2026-08-18T12:19:49,2026-08-18T12:20:43,A,H1,Limestone,12223.0,12509.6,49,54
BATCH-20260818-107,2026-08-18T12:35:00,2026-08-18T12:36:13,2026-08-18T12:36:34,A,H1,Coke,15513.9,15642.8,73,21
BATCH-20260818-108,2026-08-18T12:35:00,2026-08-18T12:35:45,2026-08-18T12:36:11,A,H3,Ore,28370.1,28466.4,45,26
BATCH-20260818-109,2026-08-18T12:56:00,2026-08-18T12:56:52,2026-08-18T12:57:28,A,H3,Limestone,15178.7,15223.3,52,36
BATCH-20260818-110,2026-08-18T13:04:00,2026-08-18T13:04:53,2026-08-18T13:05:34,A,H2,Sinter,19953.4,19975.5,53,41
BATCH-20260818-111,2026-08-18T13:15:00,2026-08-18T13:16:19,2026-08-18T13:16:55,A,H1,Limestone,14782.4,14833.7,79,36
BATCH-20260818-112,2026-08-18T13:44:00,2026-08-18T13:44:35,2026-08-18T13:45:11,A,H1,Limestone,13725.5,13695.0,35,36
BATCH-20260818-113,2026-08-18T13:45:00,2026-08-18T13:46:02,2026-08-18T13:46:37,A,H3,Ore,23120.4,23212.5,62,35
BATCH-20260818-114,2026-08-18T13:55:00,2026-08-18T13:55:48,2026-08-18T13:56:34,A,H4,Ore,25630.1,25697.5,48,46
BATCH-20260818-115,2026-08-18T13:57:00,2026-08-18T13:57:47,2026-08-18T13:58:28,A,H4,Sinter,22035.2,22110.5,47,41
BATCH-20260818-116,2026-08-18T14:03:00,2026-08-18T14:03:49,2026-08-18T14:04:42,B,H1,Ore,21703.8,21735.3,49,53
BATCH-20260818-117,2026-08-18T14:23:00,2026-08-18T14:24:15,2026-08-18T14:25:04,B,H1,Sinter,24687.3,24700.2,75,49
BATCH-20260818-118,2026-08-18T14:24:00,2026-08-18T14:25:05,2026-08-18T14:25:28,B,H1,Limestone,12435.1,12490.7,65,23
BATCH-20260818-119,2026-08-18T14:32:00,2026-08-18T14:32:56,2026-08-18T14:33:55,B,H4,Pellet,16954.4,16988.6,56,59
BATCH-20260818-120,2026-08-18T14:39:00,2026-08-18T14:39:50,2026-08-18T14:40:38,B,H1,Pellet,14939.0,15028.2,50,48
BATCH-20260818-121,2026-08-18T14:40:00,2026-08-18T14:40:50,2026-08-18T14:41:12,B,H2,Sinter,17592.6,17589.6,50,22
BATCH-20260818-122,2026-08-18T14:47:00,2026-08-18T14:47:35,2026-08-18T14:48:30,B,H3,Sinter,15928.0,15887.4,35,55
BATCH-20260818-123,2026-08-18T14:52:00,2026-08-18T14:53:02,2026-08-18T14:53:26,B,H2,Ore,24992.9,24966.6,62,24
BATCH-20260818-124,2026-08-18T14:57:00,2026-08-18T14:58:17,2026-08-18T14:59:08,B,H3,Pellet,12489.8,12434.4,77,51
BATCH-20260818-125,2026-08-18T15:21:00,2026-08-18T15:21:58,2026-08-18T15:22:50,B,H3,Limestone,15993.4,15984.0,58,52
BATCH-20260818-126,2026-08-18T15:32:00,2026-08-18T15:33:16,2026-08-18T15:33:52,B,H2,Ore,25881.9,25919.9,76,36
BATCH-20260818-127,2026-08-18T15:35:00,2026-08-18T15:36:12,2026-08-18T15:36:43,B,H2,Ore,20730.8,20783.3,72,31
BATCH-20260818-128,2026-08-18T15:36:00,2026-08-18T15:37:21,2026-08-18T15:38:10,B,H4,Coke,14019.4,14045.1,81,49
BATCH-20260818-129,2026-08-18T15:36:00,2026-08-18T15:37:06,2026-08-18T15:37:35,B,H1,Ore,23798.7,23732.6,66,29
BATCH-20260818-130,2026-08-18T15:43:00,2026-08-18T15:43:35,2026-08-18T15:44:17,B,H3,Limestone,14879.8,14828.9,35,42
BATCH-20260818-131,2026-08-18T15:50:00,2026-08-18T15:51:14,2026-08-18T15:51:44,B,H1,Limestone,11656.9,11628.4,74,30
BATCH-20260818-132,2026-08-18T15:56:00,2026-08-18T15:57:10,2026-08-18T15:57:48,B,H1,Pellet,21996.9,22014.7,70,38
BATCH-20260818-133,2026-08-18T15:57:00,2026-08-18T15:58:12,2026-08-18T15:58:56,B,H2,Limestone,13848.9,13851.1,72,44
BATCH-20260818-134,2026-08-18T16:00:00,2026-08-18T16:00:57,2026-08-18T16:01:17,B,H3,Coke,15329.0,15386.9,57,20
BATCH-20260818-135,2026-08-18T16:04:00,2026-08-18T16:05:29,2026-08-18T16:06:21,B,H1,Coke,10363.6,10337.4,89,52
BATCH-20260818-136,2026-08-18T16:13:00,2026-08-18T16:14:10,2026-08-18T16:14:52,B,H2,Limestone,12889.7,12869.5,70,42
BATCH-20260818-137,2026-08-18T16:23:00,2026-08-18T16:24:01,2026-08-18T16:24:51,B,H2,Sinter,17123.1,17055.5,61,50
BATCH-20260818-138,2026-08-18T16:26:00,2026-08-18T16:26:56,2026-08-18T16:27:43,B,H2,Ore,25612.9,25609.1,56,47
BATCH-20260818-139,2026-08-18T16:46:00,2026-08-18T16:46:51,2026-08-18T16:47:18,B,H2,Coke,17602.1,17649.5,51,27
BATCH-20260818-140,2026-08-18T16:49:00,2026-08-18T16:49:52,2026-08-18T16:50:43,B,H2,Ore,28056.3,28120.3,52,51
BATCH-20260818-141,2026-08-18T16:52:00,2026-08-18T16:53:17,2026-08-18T16:53:53,B,H2,Sinter,23835.0,23717.5,77,36
BATCH-20260818-142,2026-08-18T16:55:00,2026-08-18T16:55:33,2026-08-18T16:55:53,B,H1,Ore,27971.8,28050.9,33,20
BATCH-20260818-143,2026-08-18T17:09:00,2026-08-18T17:10:16,2026-08-18T17:10:48,B,H4,Limestone,11747.8,11710.8,76,32
BATCH-20260818-144,2026-08-18T17:35:00,2026-08-18T17:36:27,2026-08-18T17:36:52,B,H4,Ore,23506.5,23490.3,87,25
BATCH-20260818-145,2026-08-18T18:27:00,2026-08-18T18:28:24,2026-08-18T18:28:59,B,H1,Limestone,11925.9,11945.5,84,35
BATCH-20260818-146,2026-08-18T18:27:00,2026-08-18T18:28:28,2026-08-18T18:29:14,B,H3,Sinter,19182.5,19149.4,88,46
BATCH-20260818-147,2026-08-18T18:28:00,2026-08-18T18:29:28,2026-08-18T18:30:15,B,H1,Coke,17458.5,17443.2,88,47
BATCH-20260818-148,2026-08-18T18:36:00,2026-08-18T18:37:19,2026-08-18T18:37:58,B,H2,Ore,28559.4,28558.0,79,39
BATCH-20260818-149,2026-08-18T18:43:00,2026-08-18T18:43:51,2026-08-18T18:44:46,B,H3,Pellet,12279.1,12393.0,51,55
BATCH-20260818-150,2026-08-18T18:49:00,2026-08-18T18:50:20,2026-08-18T18:50:43,B,H2,Pellet,13905.7,13945.9,80,23
BATCH-20260818-151,2026-08-18T18:59:00,2026-08-18T19:00:10,2026-08-18T19:00:57,B,H1,Pellet,13088.1,13130.0,70,47
BATCH-20260818-152,2026-08-18T19:00:00,2026-08-18T19:00:58,2026-08-18T19:01:49,B,H2,Coke,14048.8,14041.2,58,51
BATCH-20260818-153,2026-08-18T19:00:00,2026-08-18T19:01:04,2026-08-18T19:01:51,B,H1,Ore,22565.9,22626.2,64,47
BATCH-20260818-154,2026-08-18T19:04:00,2026-08-18T19:05:02,2026-08-18T19:05:28,B,H3,Limestone,11565.4,11597.7,62,26
BATCH-20260818-155,2026-08-18T19:15:00,2026-08-18T19:15:39,2026-08-18T19:16:25,B,H2,Coke,10694.9,10712.1,39,46
BATCH-20260818-156,2026-08-18T19:20:00,2026-08-18T19:21:16,2026-08-18T19:21:50,B,H4,Sinter,22196.2,22207.3,76,34
BATCH-20260818-157,2026-08-18T19:27:00,2026-08-18T19:28:08,2026-08-18T19:28:59,B,H3,Coke,10069.3,10057.8,68,51
BATCH-20260818-158,2026-08-18T19:42:00,2026-08-18T19:43:24,2026-08-18T19:44:11,B,H1,Coke,15374.5,15364.2,84,47
BATCH-20260818-159,2026-08-18T19:42:00,2026-08-18T19:42:38,2026-08-18T19:43:00,B,H1,Pellet,19932.1,19881.8,38,22
BATCH-20260818-160,2026-08-18T19:43:00,2026-08-18T19:44:21,2026-08-18T19:45:04,B,H3,Ore,25464.5,25350.0,81,43
BATCH-20260818-161,2026-08-18T19:44:00,2026-08-18T19:45:07,2026-08-18T19:45:54,B,H4,Sinter,20323.4,20269.2,67,47
BATCH-20260818-162,2026-08-18T19:45:00,2026-08-18T19:46:08,2026-08-18T19:46:47,B,H1,Ore,23999.3,24080.8,68,39
BATCH-20260818-163,2026-08-18T19:47:00,2026-08-18T19:48:06,2026-08-18T19:48:41,B,H3,Ore,21812.4,21831.1,66,35
BATCH-20260818-164,2026-08-18T20:22:00,2026-08-18T20:22:52,2026-08-18T20:23:46,B,H1,Pellet,16207.9,16256.3,52,54
BATCH-20260818-165,2026-08-18T20:28:00,2026-08-18T20:28:40,2026-08-18T20:29:33,B,H1,Coke,14976.7,15025.5,40,53
BATCH-20260818-166,2026-08-18T20:35:00,2026-08-18T20:35:51,2026-08-18T20:36:22,B,H2,Coke,13503.1,13448.6,51,31
BATCH-20260818-167,2026-08-18T20:41:00,2026-08-18T20:41:34,2026-08-18T20:41:55,B,H1,Limestone,11591.1,11529.5,34,21
BATCH-20260818-168,2026-08-18T20:46:00,2026-08-18T20:46:48,2026-08-18T20:47:36,B,H2,Pellet,20887.1,20802.5,48,48
BATCH-20260818-169,2026-08-18T20:49:00,2026-08-18T20:50:01,2026-08-18T20:50:40,B,H4,Ore,25095.1,25074.2,61,39
BATCH-20260818-170,2026-08-18T20:58:00,2026-08-18T20:58:48,2026-08-18T20:59:38,B,H2,Ore,27987.4,28043.4,48,50
BATCH-20260818-171,2026-08-18T20:58:00,2026-08-18T20:59:25,2026-08-18T21:00:10,B,H1,Ore,18009.5,18127.9,85,45
BATCH-20260818-172,2026-08-18T21:00:00,2026-08-18T21:01:03,2026-08-18T21:02:03,B,H4,Coke,12591.8,12648.8,63,60
BATCH-20260818-173,2026-08-18T21:02:00,2026-08-18T21:03:07,2026-08-18T21:04:07,B,H3,Pellet,21826.4,21818.0,67,60
BATCH-20260818-174,2026-08-18T21:06:00,2026-08-18T21:07:06,2026-08-18T21:07:52,B,H1,Coke,16156.9,16144.8,66,46
BATCH-20260818-175,2026-08-18T21:08:00,2026-08-18T21:09:09,2026-08-18T21:09:41,B,H3,Pellet,21546.9,21612.5,69,32
BATCH-20260818-176,2026-08-18T21:14:00,2026-08-18T21:14:31,2026-08-18T21:15:10,B,H3,Sinter,22239.7,22163.7,31,39
BATCH-20260818-177,2026-08-18T21:17:00,2026-08-18T21:18:14,2026-08-18T21:18:53,B,H3,Sinter,16879.9,16880.0,74,39
BATCH-20260818-178,2026-08-18T21:29:00,2026-08-18T21:29:38,2026-08-18T21:30:32,B,H1,Sinter,15328.5,15306.4,38,54
BATCH-20260818-179,2026-08-18T21:36:00,2026-08-18T21:36:56,2026-08-18T21:37:50,B,H1,Limestone,13469.0,13443.9,56,54
BATCH-20260818-180,2026-08-18T21:46:00,2026-08-18T21:46:37,2026-08-18T21:47:15,B,H2,Ore,29411.8,29313.3,37,38
BATCH-20260818-181,2026-08-18T21:46:00,2026-08-18T21:47:12,2026-08-18T21:47:44,B,H4,Ore,28413.9,28342.7,72,32
BATCH-20260818-182,2026-08-18T21:50:00,2026-08-18T21:50:30,2026-08-18T21:51:01,B,H3,Coke,16186.8,16191.6,30,31
BATCH-20260818-183,2026-08-18T22:04:00,2026-08-18T22:04:56,2026-08-18T22:05:54,C,H2,Sinter,15124.7,15124.2,56,58
BATCH-20260818-184,2026-08-18T22:13:00,2026-08-18T22:14:27,2026-08-18T22:15:10,C,H4,Sinter,15908.6,15915.8,87,43
BATCH-20260818-185,2026-08-18T22:27:00,2026-08-18T22:27:43,2026-08-18T22:28:23,C,H3,Pellet,15612.3,15591.4,43,40
BATCH-20260818-186,2026-08-18T22:31:00,2026-08-18T22:32:07,2026-08-18T22:33:04,C,H3,Pellet,14342.3,14322.0,67,57
BATCH-20260818-187,2026-08-18T22:31:00,2026-08-18T22:31:35,2026-08-18T22:32:23,C,H3,Limestone,14635.4,14633.4,35,48
BATCH-20260818-188,2026-08-18T22:54:00,2026-08-18T22:54:39,2026-08-18T22:55:37,C,H1,Sinter,15967.9,15944.2,39,58
BATCH-20260818-189,2026-08-18T22:56:00,2026-08-18T22:57:17,2026-08-18T22:57:53,C,H1,Ore,19337.3,19307.5,77,36
BATCH-20260818-190,2026-08-18T23:00:00,2026-08-18T23:01:30,2026-08-18T23:02:09,C,H2,Pellet,14085.1,14059.6,90,39
BATCH-20260818-191,2026-08-18T23:06:00,2026-08-18T23:06:33,2026-08-18T23:07:15,C,H4,Ore,20818.0,20832.0,33,42
BATCH-20260818-192,2026-08-18T23:12:00,2026-08-18T23:13:23,2026-08-18T23:14:00,C,H4,Pellet,13968.2,13950.7,83,37
BATCH-20260818-193,2026-08-18T23:12:00,2026-08-18T23:12:51,2026-08-18T23:13:30,C,H3,Sinter,15665.2,15653.8,51,39
BATCH-20260818-194,2026-08-18T23:12:00,2026-08-18T23:13:30,2026-08-18T23:14:11,C,H4,Sinter,24891.5,24854.3,90,41
BATCH-20260818-195,2026-08-18T23:18:00,2026-08-18T23:19:25,2026-08-18T23:19:46,C,H1,Limestone,11706.4,11704.4,85,21
BATCH-20260818-196,2026-08-18T23:27:00,2026-08-18T23:27:46,2026-08-18T23:28:41,C,H4,Coke,15081.1,15109.7,46,55
BATCH-20260818-197,2026-08-18T23:27:00,2026-08-18T23:27:40,2026-08-18T23:28:24,C,H3,Limestone,15803.5,15797.0,40,44
BATCH-20260818-198,2026-08-18T23:41:00,2026-08-18T23:42:08,2026-08-18T23:43:06,C,H4,Ore,29545.8,29544.2,68,58
BATCH-20260818-199,2026-08-18T23:53:00,2026-08-18T23:53:38,2026-08-18T23:54:29,C,H1,Ore,24534.5,24597.5,38,51
BATCH-20260818-200,2026-08-18T23:57:00,2026-08-18T23:57:51,2026-08-18T23:58:36,C,H3,Pellet,21353.7,21381.7,51,45
BATCH-20260819-001,2026-08-19T00:05:00,2026-08-19T00:06:05,2026-08-19T00:06:44,C,H3,Ore,29465.4,29419.9,65,39
BATCH-20260819-002,2026-08-19T00:06:00,2026-08-19T00:06:55,2026-08-19T00:07:38,C,H4,Sinter,16125.9,16010.8,55,43
BATCH-20260819-003,2026-08-19T00:14:00,2026-08-19T00:14:49,2026-08-19T00:15:38,C,H1,Ore,27852.6,27922.1,49,49
BATCH-20260819-004,2026-08-19T00:21:00,2026-08-19T00:21:48,2026-08-19T00:22:25,C,H3,Sinter,16345.0,16223.8,48,37
BATCH-20260819-005,2026-08-19T00:24:00,2026-08-19T00:25:30,2026-08-19T00:26:14,C,H3,Sinter,21970.9,21935.1,90,44
BATCH-20260819-006,2026-08-19T00:26:00,2026-08-19T00:26:33,2026-08-19T00:27:29,C,H4,Ore,20453.2,20411.5,33,56
BATCH-20260819-007,2026-08-19T00:37:00,2026-08-19T00:38:10,2026-08-19T00:38:54,C,H4,Pellet,17220.8,17224.7,70,44
BATCH-20260819-008,2026-08-19T00:53:00,2026-08-19T00:53:31,2026-08-19T00:54:01,C,H2,Ore,22868.4,22917.8,31,30
BATCH-20260819-009,2026-08-19T01:06:00,2026-08-19T01:07:30,2026-08-19T01:08:21,C,H3,Coke,16661.0,16714.7,90,51
BATCH-20260819-010,2026-08-19T01:07:00,2026-08-19T01:07:46,2026-08-19T01:08:24,C,H3,Sinter,17257.0,17335.1,46,38
BATCH-20260819-011,2026-08-19T01:16:00,2026-08-19T01:16:40,2026-08-19T01:17:28,C,H1,Sinter,16966.6,17020.6,40,48
BATCH-20260819-012,2026-08-19T01:19:00,2026-08-19T01:19:44,2026-08-19T01:20:37,C,H2,Limestone,11593.5,11648.7,44,53
BATCH-20260819-013,2026-08-19T01:20:00,2026-08-19T01:21:19,2026-08-19T01:21:53,C,H1,Sinter,21818.8,21872.5,79,34
BATCH-20260819-014,2026-08-19T01:22:00,2026-08-19T01:23:24,2026-08-19T01:23:55,C,H2,Coke,11769.1,11772.2,84,31
BATCH-20260819-015,2026-08-19T01:31:00,2026-08-19T01:32:17,2026-08-19T01:32:51,C,H2,Coke,12289.7,12337.1,77,34
BATCH-20260819-016,2026-08-19T01:48:00,2026-08-19T01:49:28,2026-08-19T01:49:58,C,H3,Pellet,13558.3,13560.7,88,30
BATCH-20260819-017,2026-08-19T01:51:00,2026-08-19T01:52:05,2026-08-19T01:52:38,C,H2,Limestone,14651.2,14617.9,65,33
BATCH-20260819-018,2026-08-19T01:57:00,2026-08-19T01:58:10,2026-08-19T01:58:49,C,H3,Limestone,10235.0,10265.9,70,39
BATCH-20260819-019,2026-08-19T02:08:00,2026-08-19T02:09:14,2026-08-19T02:09:56,C,H4,Ore,29684.4,29637.9,74,42
BATCH-20260819-020,2026-08-19T02:17:00,2026-08-19T02:17:44,2026-08-19T02:18:44,C,H4,Ore,23413.8,23392.4,44,60
BATCH-20260819-021,2026-08-19T02:21:00,2026-08-19T02:22:16,2026-08-19T02:23:08,C,H3,Sinter,16867.6,16957.6,76,52
BATCH-20260819-022,2026-08-19T02:33:00,2026-08-19T02:34:01,2026-08-19T02:34:26,C,H3,Limestone,13467.0,13540.3,61,25
BATCH-20260819-023,2026-08-19T02:35:00,2026-08-19T02:36:19,2026-08-19T02:36:42,C,H1,Limestone,10586.8,10598.9,79,23
BATCH-20260819-024,2026-08-19T02:37:00,2026-08-19T02:38:23,2026-08-19T02:39:21,C,H4,Ore,24526.0,24462.3,83,58
BATCH-20260819-025,2026-08-19T02:51:00,2026-08-19T02:51:42,2026-08-19T02:52:26,C,H1,Ore,20468.5,20510.4,42,44
BATCH-20260819-026,2026-08-19T02:55:00,2026-08-19T02:56:12,2026-08-19T02:56:54,C,H1,Ore,24124.9,24143.1,72,42
BATCH-20260819-027,2026-08-19T02:57:00,2026-08-19T02:58:11,2026-08-19T02:59:02,C,H3,Ore,29472.5,29506.0,71,51
BATCH-20260819-028,2026-08-19T03:03:00,2026-08-19T03:03:30,2026-08-19T03:04:07,C,H3,Sinter,20252.0,20340.1,30,37
BATCH-20260819-029,2026-08-19T03:20:00,2026-08-19T03:21:22,2026-08-19T03:22:20,C,H4,Coke,10044.3,10022.9,82,58
BATCH-20260819-030,2026-08-19T03:24:00,2026-08-19T03:24:47,2026-08-19T03:25:44,C,H3,Pellet,21848.4,21816.7,47,57
BATCH-20260819-031,2026-08-19T03:32:00,2026-08-19T03:33:12,2026-08-19T03:33:45,C,H3,Pellet,20441.1,20454.2,72,33
BATCH-20260819-032,2026-08-19T03:37:00,2026-08-19T03:37:52,2026-08-19T03:38:46,C,H3,Sinter,19231.9,19203.5,52,54
BATCH-20260819-033,2026-08-19T04:02:00,2026-08-19T04:02:44,2026-08-19T04:03:42,C,H3,Coke,13861.7,13833.6,44,58
BATCH-20260819-034,2026-08-19T04:02:00,2026-08-19T04:03:15,2026-08-19T04:04:01,C,H1,Limestone,10103.3,10079.5,75,46
BATCH-20260819-035,2026-08-19T04:14:00,2026-08-19T04:15:26,2026-08-19T04:16:13,C,H2,Limestone,15700.9,15682.5,86,47
BATCH-20260819-036,2026-08-19T04:16:00,2026-08-19T04:17:17,2026-08-19T04:17:55,C,H1,Ore,22269.0,22245.1,77,38
BATCH-20260819-037,2026-08-19T04:18:00,2026-08-19T04:19:10,2026-08-19T04:19:50,C,H3,Ore,19671.5,19636.0,70,40
BATCH-20260819-038,2026-08-19T04:21:00,2026-08-19T04:22:01,2026-08-19T04:22:31,C,H2,Coke,17730.8,17672.9,61,30
BATCH-20260819-039,2026-08-19T04:21:00,2026-08-19T04:22:13,2026-08-19T04:22:45,C,H4,Sinter,24692.9,24672.6,73,32
BATCH-20260819-040,2026-08-19T04:22:00,2026-08-19T04:23:04,2026-08-19T04:23:43,C,H2,Limestone,14628.0,14637.2,64,39
BATCH-20260819-041,2026-08-19T04:25:00,2026-08-19T04:26:17,2026-08-19T04:26:51,C,H3,Sinter,22314.7,22391.8,77,34
BATCH-20260819-042,2026-08-19T04:28:00,2026-08-19T04:29:24,2026-08-19T04:29:47,C,H4,Pellet,12004.8,12001.7,84,23
BATCH-20260819-043,2026-08-19T04:29:00,2026-08-19T04:29:54,2026-08-19T04:30:45,C,H1,Coke,14044.8,14093.2,54,51
BATCH-20260819-044,2026-08-19T05:00:00,2026-08-19T05:00:51,2026-08-19T05:01:22,C,H2,Sinter,16634.7,16576.1,51,31
BATCH-20260819-045,2026-08-19T05:00:00,2026-08-19T05:01:04,2026-08-19T05:01:37,C,H2,Sinter,21525.2,21478.7,64,33
BATCH-20260819-046,2026-08-19T05:04:00,2026-08-19T05:04:51,2026-08-19T05:05:17,C,H4,Ore,24089.3,24105.3,51,26
BATCH-20260819-047,2026-08-19T05:05:00,2026-08-19T05:06:29,2026-08-19T05:06:52,C,H2,Pellet,18258.8,18243.8,89,23
BATCH-20260819-048,2026-08-19T05:26:00,2026-08-19T05:26:58,2026-08-19T05:27:48,C,H1,Pellet,12563.6,12541.2,58,50
BATCH-20260819-049,2026-08-19T05:35:00,2026-08-19T05:35:42,2026-08-19T05:36:34,C,H1,Coke,11583.9,11538.7,42,52
BATCH-20260819-050,2026-08-19T05:37:00,2026-08-19T05:38:29,2026-08-19T05:38:54,C,H1,Coke,10840.5,10729.4,89,25
BATCH-20260819-051,2026-08-19T05:41:00,2026-08-19T05:42:05,2026-08-19T05:42:53,C,H3,Limestone,14918.9,14948.1,65,48
BATCH-20260819-052,2026-08-19T05:49:00,2026-08-19T05:49:34,2026-08-19T05:50:25,C,H4,Coke,10783.8,10727.3,34,51
BATCH-20260819-053,2026-08-19T05:50:00,2026-08-19T05:50:57,2026-08-19T05:51:51,C,H2,Sinter,23478.0,23489.4,57,54
BATCH-20260819-054,2026-08-19T06:20:00,2026-08-19T06:21:22,2026-08-19T06:22:00,A,H3,Coke,11547.3,11513.2,82,38
BATCH-20260819-055,2026-08-19T06:22:00,2026-08-19T06:22:35,2026-08-19T06:22:55,A,H1,Limestone,10600.0,10634.3,35,20
BATCH-20260819-056,2026-08-19T06:26:00,2026-08-19T06:26:41,2026-08-19T06:27:13,A,H1,Sinter,17147.3,17179.1,41,32
BATCH-20260819-057,2026-08-19T06:26:00,2026-08-19T06:27:05,2026-08-19T06:28:02,A,H1,Pellet,20213.6,20169.4,65,57
BATCH-20260819-058,2026-08-19T06:47:00,2026-08-19T06:47:51,2026-08-19T06:48:34,A,H3,Sinter,24120.6,24187.7,51,43
BATCH-20260819-059,2026-08-19T06:56:00,2026-08-19T06:57:14,2026-08-19T06:57:38,A,H4,Coke,13737.6,13627.0,74,24
BATCH-20260819-060,2026-08-19T07:03:00,2026-08-19T07:04:28,2026-08-19T07:05:26,A,H1,Coke,17738.7,17807.3,88,58
BATCH-20260819-061,2026-08-19T07:09:00,2026-08-19T07:09:48,2026-08-19T07:10:20,A,H1,Pellet,21376.6,21333.6,48,32
BATCH-20260819-062,2026-08-19T07:14:00,2026-08-19T07:15:25,2026-08-19T07:15:55,A,H2,Sinter,22522.4,22636.8,85,30
BATCH-20260819-063,2026-08-19T07:16:00,2026-08-19T07:16:50,2026-08-19T07:17:41,A,H4,Sinter,24609.4,24559.1,50,51
BATCH-20260819-064,2026-08-19T07:21:00,2026-08-19T07:22:15,2026-08-19T07:22:39,A,H1,Ore,25097.5,25158.0,75,24
BATCH-20260819-065,2026-08-19T07:26:00,2026-08-19T07:27:20,2026-08-19T07:28:13,A,H4,Coke,13699.4,13673.5,80,53
BATCH-20260819-066,2026-08-19T07:34:00,2026-08-19T07:34:58,2026-08-19T07:35:27,A,H3,Coke,12377.6,12379.6,58,29
BATCH-20260819-067,2026-08-19T07:34:00,2026-08-19T07:34:38,2026-08-19T07:35:15,A,H4,Ore,20377.7,20359.8,38,37
BATCH-20260819-068,2026-08-19T07:36:00,2026-08-19T07:37:26,2026-08-19T07:38:00,A,H3,Ore,18699.5,18689.6,86,34
BATCH-20260819-069,2026-08-19T07:48:00,2026-08-19T07:49:28,2026-08-19T07:50:08,A,H2,Ore,19845.1,19865.2,88,40
BATCH-20260819-070,2026-08-19T07:59:00,2026-08-19T08:00:13,2026-08-19T08:01:04,A,H3,Pellet,21314.5,21323.8,73,51
BATCH-20260819-071,2026-08-19T08:00:00,2026-08-19T08:00:59,2026-08-19T08:01:47,A,H4,Ore,29590.4,29495.2,59,48
BATCH-20260819-072,2026-08-19T08:00:00,2026-08-19T08:00:34,2026-08-19T08:01:12,A,H1,Pellet,20800.4,20833.6,34,38
BATCH-20260819-073,2026-08-19T08:03:00,2026-08-19T08:04:21,2026-08-19T08:05:16,A,H3,Pellet,14017.1,14000.8,81,55
BATCH-20260819-074,2026-08-19T08:10:00,2026-08-19T08:11:29,2026-08-19T08:12:24,A,H3,Sinter,21421.4,21449.4,89,55
BATCH-20260819-075,2026-08-19T08:17:00,2026-08-19T08:18:29,2026-08-19T08:19:28,A,H4,Limestone,14411.5,14402.0,89,59
BATCH-20260819-076,2026-08-19T08:36:00,2026-08-19T08:36:45,2026-08-19T08:37:16,A,H4,Pellet,14576.3,14662.9,45,31
BATCH-20260819-077,2026-08-19T08:37:00,2026-08-19T08:37:54,2026-08-19T08:38:22,A,H2,Coke,15658.3,15731.7,54,28
BATCH-20260819-078,2026-08-19T08:40:00,2026-08-19T08:40:34,2026-08-19T08:40:54,A,H4,Limestone,12366.1,12309.6,34,20
BATCH-20260819-079,2026-08-19T08:43:00,2026-08-19T08:44:09,2026-08-19T08:45:01,A,H4,Sinter,20695.5,20641.0,69,52
BATCH-20260819-080,2026-08-19T08:52:00,2026-08-19T08:53:26,2026-08-19T08:54:11,A,H2,Pellet,19230.3,19180.8,86,45
BATCH-20260819-081,2026-08-19T08:57:00,2026-08-19T08:57:40,2026-08-19T08:58:01,A,H2,Sinter,24363.5,24414.0,40,21
BATCH-20260819-082,2026-08-19T09:04:00,2026-08-19T09:05:25,2026-08-19T09:06:00,A,H3,Sinter,24851.3,24814.9,85,35
BATCH-20260819-083,2026-08-19T09:16:00,2026-08-19T09:16:54,2026-08-19T09:17:54,A,H1,Coke,13870.8,13849.0,54,60
BATCH-20260819-084,2026-08-19T09:21:00,2026-08-19T09:22:12,2026-08-19T09:23:05,A,H3,Sinter,24190.3,24176.4,72,53
BATCH-20260819-085,2026-08-19T09:24:00,2026-08-19T09:24:31,2026-08-19T09:24:56,A,H4,Coke,17116.2,17042.7,31,25
BATCH-20260819-086,2026-08-19T09:35:00,2026-08-19T09:35:35,2026-08-19T09:36:20,A,H1,Pellet,16185.2,16196.6,35,45
BATCH-20260819-087,2026-08-19T09:45:00,2026-08-19T09:46:05,2026-08-19T09:47:04,A,H1,Sinter,16106.9,16097.9,65,59
BATCH-20260819-088,2026-08-19T10:01:00,2026-08-19T10:02:04,2026-08-19T10:02:47,A,H1,Limestone,15875.7,15884.6,64,43
BATCH-20260819-089,2026-08-19T10:02:00,2026-08-19T10:02:57,2026-08-19T10:03:42,A,H2,Coke,14807.7,14812.5,57,45
BATCH-20260819-090,2026-08-19T10:18:00,2026-08-19T10:18:37,2026-08-19T10:19:32,A,H1,Limestone,11619.2,11617.9,37,55
BATCH-20260819-091,2026-08-19T10:26:00,2026-08-19T10:26:40,2026-08-19T10:27:04,A,H3,Limestone,14067.6,14071.1,40,24
BATCH-20260819-092,2026-08-19T10:28:00,2026-08-19T10:29:12,2026-08-19T10:29:53,A,H1,Pellet,19475.1,19382.5,72,41
BATCH-20260819-093,2026-08-19T10:29:00,2026-08-19T10:29:36,2026-08-19T10:30:17,A,H1,Pellet,12135.9,12181.1,36,41
BATCH-20260819-094,2026-08-19T10:34:00,2026-08-19T10:34:53,2026-08-19T10:35:41,A,H2,Pellet,18020.5,17951.9,53,48
BATCH-20260819-095,2026-08-19T10:44:00,2026-08-19T10:44:59,2026-08-19T10:45:31,A,H2,Ore,28881.4,28821.9,59,32
BATCH-20260819-096,2026-08-19T10:55:00,2026-08-19T10:56:03,2026-08-19T10:56:33,A,H3,Sinter,21134.1,21076.8,63,30
BATCH-20260819-097,2026-08-19T10:57:00,2026-08-19T10:58:10,2026-08-19T10:59:00,A,H3,Sinter,16346.2,16470.9,70,50
BATCH-20260819-098,2026-08-19T11:01:00,2026-08-19T11:01:43,2026-08-19T11:02:05,A,H1,Coke,16171.0,16189.8,43,22
BATCH-20260819-099,2026-08-19T11:06:00,2026-08-19T11:06:32,2026-08-19T11:06:56,A,H1,Coke,11873.0,11972.3,32,24
BATCH-20260819-100,2026-08-19T11:15:00,2026-08-19T11:16:18,2026-08-19T11:16:41,A,H1,Ore,22206.2,22210.0,78,23
BATCH-20260819-101,2026-08-19T11:15:00,2026-08-19T11:15:58,2026-08-19T11:16:22,A,H4,Ore,24486.6,24439.4,58,24
BATCH-20260819-102,2026-08-19T11:33:00,2026-08-19T11:34:23,2026-08-19T11:35:20,A,H3,Limestone,12808.4,12788.4,83,57
BATCH-20260819-103,2026-08-19T11:40:00,2026-08-19T11:41:17,2026-08-19T11:42:17,A,H3,Limestone,12671.6,12686.5,77,60
BATCH-20260819-104,2026-08-19T11:47:00,2026-08-19T11:48:30,2026-08-19T11:48:52,A,H3,Pellet,15508.2,15522.9,90,22
BATCH-20260819-105,2026-08-19T12:01:00,2026-08-19T12:01:53,2026-08-19T12:02:39,A,H4,Ore,18409.4,18776.2,53,46
BATCH-20260819-106,2026-08-19T12:05:00,2026-08-19T12:06:05,2026-08-19T12:06:36,A,H4,Coke,16442.8,16378.6,65,31
BATCH-20260819-107,2026-08-19T12:07:00,2026-08-19T12:07:59,2026-08-19T12:08:33,A,H3,Pellet,19957.7,19981.0,59,34
BATCH-20260819-108,2026-08-19T12:11:00,2026-08-19T12:12:16,2026-08-19T12:12:50,A,H4,Limestone,13823.6,13770.3,76,34
BATCH-20260819-109,2026-08-19T12:31:00,2026-08-19T12:31:32,2026-08-19T12:32:02,A,H1,Pellet,17171.9,17198.8,32,30
BATCH-20260819-110,2026-08-19T12:37:00,2026-08-19T12:37:47,2026-08-19T12:38:28,A,H4,Pellet,12105.2,12188.4,47,41
BATCH-20260819-111,2026-08-19T12:41:00,2026-08-19T12:42:28,2026-08-19T12:42:56,A,H1,Coke,12743.5,12694.7,88,28
BATCH-20260819-112,2026-08-19T12:48:00,2026-08-19T12:49:17,2026-08-19T12:49:54,A,H3,Limestone,14398.3,14390.3,77,37
BATCH-20260819-113,2026-08-19T12:51:00,2026-08-19T12:51:50,2026-08-19T12:52:28,A,H4,Ore,27354.2,27348.2,50,38
BATCH-20260819-114,2026-08-19T13:02:00,2026-08-19T13:02:57,2026-08-19T13:03:18,A,H1,Limestone,15899.4,15886.3,57,21
BATCH-20260819-115,2026-08-19T13:12:00,2026-08-19T13:13:00,2026-08-19T13:13:51,A,H2,Ore,21126.2,20995.8,60,51
BATCH-20260819-116,2026-08-19T13:16:00,2026-08-19T13:17:15,2026-08-19T13:18:13,A,H4,Ore,24899.6,24883.9,75,58
BATCH-20260819-117,2026-08-19T13:19:00,2026-08-19T13:19:53,2026-08-19T13:20:17,A,H4,Ore,19938.6,20075.3,53,24
BATCH-20260819-118,2026-08-19T13:20:00,2026-08-19T13:21:16,2026-08-19T13:22:00,A,H1,Ore,20724.5,20755.2,76,44
BATCH-20260819-119,2026-08-19T13:32:00,2026-08-19T13:33:01,2026-08-19T13:33:30,A,H4,Limestone,14474.1,14473.5,61,29
BATCH-20260819-120,2026-08-19T13:33:00,2026-08-19T13:33:44,2026-08-19T13:34:21,A,H3,Pellet,16956.0,16888.7,44,37
BATCH-20260819-121,2026-08-19T13:54:00,2026-08-19T13:55:30,2026-08-19T13:56:13,A,H1,Pellet,16537.8,16592.1,90,43
BATCH-20260819-122,2026-08-19T14:00:00,2026-08-19T14:01:17,2026-08-19T14:01:49,B,H4,Pellet,12899.7,12816.6,77,32
BATCH-20260819-123,2026-08-19T14:03:00,2026-08-19T14:04:28,2026-08-19T14:04:56,B,H1,Ore,22479.8,22511.8,88,28
BATCH-20260819-124,2026-08-19T14:10:00,2026-08-19T14:11:29,2026-08-19T14:12:17,B,H4,Ore,21905.4,21626.3,89,48
BATCH-20260819-125,2026-08-19T14:26:00,2026-08-19T14:27:28,2026-08-19T14:28:10,B,H4,Coke,14013.5,14037.7,88,42
BATCH-20260819-126,2026-08-19T14:31:00,2026-08-19T14:32:23,2026-08-19T14:32:59,B,H4,Coke,11162.4,11127.3,83,36
BATCH-20260819-127,2026-08-19T14:38:00,2026-08-19T14:38:50,2026-08-19T14:39:49,B,H1,Ore,27273.1,27311.0,50,59
BATCH-20260819-128,2026-08-19T14:44:00,2026-08-19T14:45:14,2026-08-19T14:45:55,B,H3,Limestone,10706.8,10745.4,74,41
BATCH-20260819-129,2026-08-19T14:50:00,2026-08-19T14:50:50,2026-08-19T14:51:10,B,H1,Coke,11821.6,11835.3,50,20
BATCH-20260819-130,2026-08-19T14:52:00,2026-08-19T14:52:32,2026-08-19T14:52:58,B,H1,Sinter,23578.7,23577.1,32,26
BATCH-20260819-131,2026-08-19T15:03:00,2026-08-19T15:03:48,2026-08-19T15:04:43,B,H2,Sinter,20090.3,20124.2,48,55
BATCH-20260819-132,2026-08-19T15:04:00,2026-08-19T15:04:46,2026-08-19T15:05:42,B,H4,Ore,24920.3,24919.8,46,56
BATCH-20260819-133,2026-08-19T15:17:00,2026-08-19T15:18:04,2026-08-19T15:18:53,B,H4,Pellet,13736.2,13799.4,64,49
BATCH-20260819-134,2026-08-19T15:24:00,2026-08-19T15:25:00,2026-08-19T15:25:22,B,H3,Sinter,19673.4,19658.6,60,22
BATCH-20260819-135,2026-08-19T15:26:00,2026-08-19T15:27:14,2026-08-19T15:28:03,B,H2,Coke,15376.4,15357.4,74,49
BATCH-20260819-136,2026-08-19T15:27:00,2026-08-19T15:27:48,2026-08-19T15:28:29,B,H2,Pellet,21947.1,21883.8,48,41
BATCH-20260819-137,2026-08-19T15:28:00,2026-08-19T15:28:55,2026-08-19T15:29:19,B,H4,Pellet,16316.8,16315.0,55,24
BATCH-20260819-138,2026-08-19T16:03:00,2026-08-19T16:04:16,2026-08-19T16:05:07,B,H4,Sinter,17097.4,17175.4,76,51
BATCH-20260819-139,2026-08-19T16:10:00,2026-08-19T16:11:18,2026-08-19T16:11:56,B,H1,Coke,14711.7,14531.1,78,38
BATCH-20260819-140,2026-08-19T16:13:00,2026-08-19T16:14:17,2026-08-19T16:15:07,B,H3,Limestone,10639.8,10625.1,77,50
BATCH-20260819-141,2026-08-19T16:19:00,2026-08-19T16:20:04,2026-08-19T16:20:48,B,H3,Pellet,19758.3,19796.9,64,44
BATCH-20260819-142,2026-08-19T16:21:00,2026-08-19T16:22:17,2026-08-19T16:22:51,B,H2,Pellet,20775.4,20770.7,77,34
BATCH-20260819-143,2026-08-19T16:21:00,2026-08-19T16:22:27,2026-08-19T16:23:14,B,H1,Limestone,12237.3,12326.8,87,47
BATCH-20260819-144,2026-08-19T16:24:00,2026-08-19T16:25:30,2026-08-19T16:26:19,B,H4,Limestone,13541.6,13489.0,90,49
BATCH-20260819-145,2026-08-19T16:26:00,2026-08-19T16:26:55,2026-08-19T16:27:16,B,H2,Coke,16865.8,16850.5,55,21
BATCH-20260819-146,2026-08-19T16:37:00,2026-08-19T16:37:32,2026-08-19T16:38:04,B,H2,Ore,24538.4,24449.9,32,32
BATCH-20260819-147,2026-08-19T16:51:00,2026-08-19T16:52:09,2026-08-19T16:52:50,B,H1,Limestone,11973.9,12024.4,69,41
BATCH-20260819-148,2026-08-19T16:59:00,2026-08-19T17:00:06,2026-08-19T17:00:44,B,H2,Coke,15008.3,14955.6,66,38
BATCH-20260819-149,2026-08-19T17:08:00,2026-08-19T17:08:41,2026-08-19T17:09:21,B,H3,Ore,29755.5,29693.5,41,40
BATCH-20260819-150,2026-08-19T17:10:00,2026-08-19T17:10:59,2026-08-19T17:11:36,B,H4,Coke,10068.5,10018.6,59,37
BATCH-20260819-151,2026-08-19T17:17:00,2026-08-19T17:18:25,2026-08-19T17:19:08,B,H1,Ore,22870.6,22920.9,85,43
BATCH-20260819-152,2026-08-19T17:22:00,2026-08-19T17:22:42,2026-08-19T17:23:24,B,H1,Limestone,14021.0,14048.2,42,42
BATCH-20260819-153,2026-08-19T17:23:00,2026-08-19T17:23:56,2026-08-19T17:24:16,B,H4,Sinter,23714.5,23732.3,56,20
BATCH-20260819-154,2026-08-19T17:29:00,2026-08-19T17:30:19,2026-08-19T17:30:42,B,H2,Limestone,12061.0,12067.4,79,23
BATCH-20260819-155,2026-08-19T17:38:00,2026-08-19T17:39:17,2026-08-19T17:39:43,B,H1,Pellet,12691.5,12754.1,77,26
BATCH-20260819-156,2026-08-19T17:38:00,2026-08-19T17:39:26,2026-08-19T17:40:09,B,H4,Pellet,20803.4,20838.2,86,43
BATCH-20260819-157,2026-08-19T17:43:00,2026-08-19T17:43:55,2026-08-19T17:44:42,B,H2,Sinter,15283.1,15262.6,55,47
BATCH-20260819-158,2026-08-19T18:02:00,2026-08-19T18:03:26,2026-08-19T18:03:50,B,H3,Sinter,21894.1,21879.9,86,24
BATCH-20260819-159,2026-08-19T18:29:00,2026-08-19T18:30:01,2026-08-19T18:30:49,B,H1,Limestone,12369.0,12323.0,61,48
BATCH-20260819-160,2026-08-19T18:37:00,2026-08-19T18:37:48,2026-08-19T18:38:28,B,H1,Sinter,19057.5,19079.0,48,40
BATCH-20260819-161,2026-08-19T19:04:00,2026-08-19T19:04:38,2026-08-19T19:05:26,B,H1,Limestone,15459.3,15404.9,38,48
BATCH-20260819-162,2026-08-19T19:17:00,2026-08-19T19:18:20,2026-08-19T19:19:16,B,H3,Pellet,14094.1,14062.9,80,56
BATCH-20260819-163,2026-08-19T19:18:00,2026-08-19T19:19:23,2026-08-19T19:19:52,B,H3,Pellet,20586.7,20637.5,83,29
BATCH-20260819-164,2026-08-19T19:18:00,2026-08-19T19:18:52,2026-08-19T19:19:23,B,H3,Ore,20269.5,20319.0,52,31
BATCH-20260819-165,2026-08-19T19:24:00,2026-08-19T19:24:57,2026-08-19T19:25:33,B,H1,Sinter,16654.4,16678.0,57,36
BATCH-20260819-166,2026-08-19T19:28:00,2026-08-19T19:29:06,2026-08-19T19:29:49,B,H1,Coke,15233.9,15339.4,66,43
BATCH-20260819-167,2026-08-19T19:29:00,2026-08-19T19:29:35,2026-08-19T19:30:25,B,H1,Pellet,13055.6,13211.3,35,50
BATCH-20260819-168,2026-08-19T19:33:00,2026-08-19T19:34:28,2026-08-19T19:35:23,B,H1,Coke,12818.0,12822.0,88,55
BATCH-20260819-169,2026-08-19T19:40:00,2026-08-19T19:40:50,2026-08-19T19:41:17,B,H4,Coke,14918.9,14951.9,50,27
BATCH-20260819-170,2026-08-19T19:41:00,2026-08-19T19:41:35,2026-08-19T19:41:57,B,H2,Coke,17232.7,17244.6,35,22
BATCH-20260819-171,2026-08-19T19:47:00,2026-08-19T19:48:25,2026-08-19T19:49:07,B,H2,Ore,20483.1,20468.9,85,42
BATCH-20260819-172,2026-08-19T20:05:00,2026-08-19T20:05:56,2026-08-19T20:06:21,B,H3,Limestone,14386.9,14345.3,56,25
BATCH-20260819-173,2026-08-19T20:23:00,2026-08-19T20:23:46,2026-08-19T20:24:30,B,H2,Pellet,21806.5,21767.0,46,44
BATCH-20260819-174,2026-08-19T20:33:00,2026-08-19T20:34:01,2026-08-19T20:34:28,B,H4,Ore,21225.0,21170.6,61,27
BATCH-20260819-175,2026-08-19T20:34:00,2026-08-19T20:34:52,2026-08-19T20:35:51,B,H3,Coke,17825.1,17833.7,52,59
BATCH-20260819-176,2026-08-19T20:39:00,2026-08-19T20:39:37,2026-08-19T20:40:24,B,H1,Coke,16256.9,16170.2,37,47
BATCH-20260819-177,2026-08-19T20:52:00,2026-08-19T20:52:46,2026-08-19T20:53:34,B,H1,Sinter,17565.5,17570.3,46,48
BATCH-20260819-178,2026-08-19T20:58:00,2026-08-19T20:58:43,2026-08-19T20:59:08,B,H3,Coke,13833.7,13880.4,43,25
BATCH-20260819-179,2026-08-19T21:02:00,2026-08-19T21:03:08,2026-08-19T21:03:28,B,H2,Coke,16448.7,16409.4,68,20
BATCH-20260819-180,2026-08-19T21:04:00,2026-08-19T21:04:51,2026-08-19T21:05:31,B,H4,Sinter,15118.1,15048.1,51,40
BATCH-20260819-181,2026-08-19T21:17:00,2026-08-19T21:17:39,2026-08-19T21:18:22,B,H1,Pellet,13290.7,13283.2,39,43
BATCH-20260819-182,2026-08-19T21:35:00,2026-08-19T21:35:38,2026-08-19T21:36:35,B,H4,Sinter,19128.5,19143.0,38,57
BATCH-20260819-183,2026-08-19T21:43:00,2026-08-19T21:43:57,2026-08-19T21:44:31,B,H3,Pellet,15788.1,15715.5,57,34
BATCH-20260819-184,2026-08-19T21:50:00,2026-08-19T21:50:32,2026-08-19T21:50:53,B,H1,Limestone,15950.0,15939.4,32,21
BATCH-20260819-185,2026-08-19T22:12:00,2026-08-19T22:13:03,2026-08-19T22:13:34,C,H3,Limestone,14800.7,14863.2,63,31
BATCH-20260819-186,2026-08-19T22:22:00,2026-08-19T22:22:53,2026-08-19T22:23:46,C,H4,Limestone,15453.6,15483.8,53,53
BATCH-20260819-187,2026-08-19T22:25:00,2026-08-19T22:25:47,2026-08-19T22:26:40,C,H4,Ore,28593.4,28614.2,47,53
BATCH-20260819-188,2026-08-19T22:28:00,2026-08-19T22:29:23,2026-08-19T22:29:50,C,H3,Sinter,22738.7,22798.8,83,27
BATCH-20260819-189,2026-08-19T22:30:00,2026-08-19T22:31:04,2026-08-19T22:32:00,C,H4,Sinter,23904.0,23846.9,64,56
BATCH-20260819-190,2026-08-19T23:10:00,2026-08-19T23:11:16,2026-08-19T23:12:06,C,H2,Coke,14498.9,14529.5,76,50
BATCH-20260819-191,2026-08-19T23:13:00,2026-08-19T23:13:49,2026-08-19T23:14:38,C,H2,Sinter,19581.4,19628.2,49,49
BATCH-20260819-192,2026-08-19T23:17:00,2026-08-19T23:18:03,2026-08-19T23:19:02,C,H4,Pellet,16253.2,16215.6,63,59
BATCH-20260819-193,2026-08-19T23:22:00,2026-08-19T23:23:01,2026-08-19T23:24:01,C,H3,Sinter,19100.8,19069.7,61,60
BATCH-20260819-194,2026-08-19T23:28:00,2026-08-19T23:29:04,2026-08-19T23:29:41,C,H4,Pellet,15371.0,15333.9,64,37
BATCH-20260819-195,2026-08-19T23:33:00,2026-08-19T23:34:05,2026-08-19T23:34:36,C,H2,Coke,17463.4,17461.9,65,31
BATCH-20260819-196,2026-08-19T23:42:00,2026-08-19T23:42:39,2026-08-19T23:43:34,C,H3,Pellet,15610.9,15651.8,39,55
BATCH-20260819-197,2026-08-19T23:42:00,2026-08-19T23:43:26,2026-08-19T23:43:52,C,H3,Pellet,19410.1,19673.4,86,26
BATCH-20260819-198,2026-08-19T23:46:00,2026-08-19T23:47:17,2026-08-19T23:48:12,C,H2,Coke,14360.3,14390.3,77,55
BATCH-20260819-199,2026-08-19T23:52:00,2026-08-19T23:53:03,2026-08-19T23:53:49,C,H4,Ore,22161.0,22232.3,63,46
BATCH-20260819-200,2026-08-19T23:56:00,2026-08-19T23:56:35,2026-08-19T23:57:35,C,H1,Limestone,14594.3,14516.6,35,60
